1970-01-01 01:05:38.294 [INFO] [0mmain (main.c:180) - DIAL Version: 1.29.15

1970-01-01 01:05:38.397 [INFO] [0mroamlink_read_policy (roamlink.c:337) - roamlink: network_select = 1
1970-01-01 01:05:38.452 [ERROR] [0mroamlink_probe (roamlink.c:93) - roamlink: license missing or empty at /usrdata/roamlink/etc/.pconfig/license.cer -> LICENSE_MISSING
1970-01-01 01:05:38.453 [INFO] [0mroamlink_license_restore_from_backup (roamlink.c:132) - roamlink: no valid backup license at /data/ufs/license.cer
1970-01-01 01:05:38.453 [ERROR] [0mdial_mng_new (dial.c:238) - roamlink: license missing and no backup. Entering license download wait mode. SIM will be used for connectivity while RBMaster downloads license. Timeout: 300 seconds.
1970-01-01 01:05:38.454 [INFO] [0mprint_init_info (main.c:133) - [INIT] policy=4
1970-01-01 01:05:38.487 [INFO] [0mprint_init_info (main.c:140) - [INIT] IMEI: 867929068567918
1970-01-01 01:05:38.499 [INFO] [0mprint_init_info (main.c:144) - [INIT] FW: EG25GGBR07A08M2G_OCPU_30.200.30.200
1970-01-01 01:05:38.523 [INFO] [0mprint_init_info (main.c:162) - [INIT] COPS: +COPS: 0,0,"CHN-UNICOM",7 (mode=0 auto) | CEREG: +CEREG: 0,5
1970-01-01 01:05:38.549 [INFO] [0mdial_task (dial.c:922) - state: (start) -> none
1970-01-01 01:05:38.575 [INFO] [0mdial_task (dial.c:947) - dial: license pending — SIM path first, RBMaster will start after SIM connected
1970-01-01 01:06:04.238 [INFO] [0mmain (main.c:180) - DIAL Version: 1.29.15

1970-01-01 01:06:04.307 [INFO] [0mroamlink_read_policy (roamlink.c:337) - roamlink: network_select = 1
1970-01-01 01:06:04.333 [ERROR] [0mroamlink_probe (roamlink.c:93) - roamlink: license missing or empty at /usrdata/roamlink/etc/.pconfig/license.cer -> LICENSE_MISSING
1970-01-01 01:06:04.334 [INFO] [0mroamlink_license_restore_from_backup (roamlink.c:132) - roamlink: no valid backup license at /data/ufs/license.cer
1970-01-01 01:06:04.370 [ERROR] [0mdial_mng_new (dial.c:238) - roamlink: license missing and no backup. Entering license download wait mode. SIM will be used for connectivity while RBMaster downloads license. Timeout: 300 seconds.
1970-01-01 01:06:04.370 [INFO] [0mprint_init_info (main.c:133) - [INIT] policy=4
1970-01-01 01:06:04.404 [INFO] [0mprint_init_info (main.c:140) - [INIT] IMEI: 867929068567918
1970-01-01 01:06:04.415 [INFO] [0mprint_init_info (main.c:144) - [INIT] FW: EG25GGBR07A08M2G_OCPU_30.200.30.200
1970-01-01 01:06:04.439 [INFO] [0mprint_init_info (main.c:162) - [INIT] COPS: +COPS: 0,0,"CHN-UNICOM",7 (mode=0 auto) | CEREG: +CEREG: 0,5
1970-01-01 01:06:04.485 [INFO] [0mdial_task (dial.c:922) - state: (start) -> none
1970-01-01 01:06:04.486 [INFO] [0mdial_task (dial.c:947) - dial: license pending — SIM path first, RBMaster will start after SIM connected
1970-01-01 01:06:05.487 [INFO] [0mdial_task (dial.c:922) - state: none -> init
1970-01-01 01:06:08.507 [INFO] [0mdial_task (dial.c:922) - state: init -> sim_init
1970-01-01 01:06:10.059 [INFO] [0mdial_task (dial.c:922) - state: sim_init -> sim_check
1970-01-01 01:06:11.065 [INFO] [0mdial_task (dial.c:922) - state: sim_check -> sim_op
1970-01-01 01:06:11.071 [INFO] [0msim_op_handler (sim.c:210) - ICCID: 89464283216097005161
1970-01-01 01:06:11.074 [INFO] [0msim_op_handler (sim.c:221) - IMSI: 240422609700516
1970-01-01 01:06:12.074 [INFO] [0mdial_task (dial.c:922) - state: sim_op -> reg_check
1970-01-01 01:06:13.078 [INFO] [0mdial_task (dial.c:922) - state: reg_check -> cereg_check
1970-01-01 01:06:14.094 [INFO] [0mdial_task (dial.c:922) - state: cereg_check -> precondition_check
1970-01-01 01:06:15.099 [INFO] [0mdial_task (dial.c:922) - state: precondition_check -> pre_start_call
1970-01-01 01:06:15.106 [INFO] [0mapn_scan_from_json (apn.c:165) - iccid read from json:898604, iccid:89464283216097005161
1970-01-01 01:06:15.106 [INFO] [0mapn_scan_from_json (apn.c:165) - iccid read from json:893144, iccid:89464283216097005161
1970-01-01 01:06:15.107 [INFO] [0mapn_scan_from_json (apn.c:165) - iccid read from json:894608, iccid:89464283216097005161
1970-01-01 01:06:15.107 [INFO] [0mapn_scan_from_json (apn.c:165) - iccid read from json:894642, iccid:89464283216097005161
1970-01-01 01:06:15.112 [INFO] [0mapn_scan_from_json (apn.c:226) - apn: internet.lte.cxn, iccid: 894642, usrname: , pwd: 
1970-01-01 01:06:15.113 [INFO] [0mapn_get_apn_obj (apn.c:385) - apn found for iccid: 89464283216097005161
1970-01-01 01:06:15.113 [INFO] [0mapn_set (apn.c:246) - apn set with profile_idx: 1, apn_name: internet.lte.cxn, username: , password: 
1970-01-01 01:06:15.143 [INFO] [0mdial_task (dial.c:1130) - [APN] selected: apn="internet.lte.cxn" profile=1 is_oper_select=1 (iccid-match="894642")
1970-01-01 01:06:17.280 [INFO] [0mdial_task (dial.c:922) - state: pre_start_call -> start_call
1970-01-01 01:06:18.205 [INFO] [0mdial_data_call_state_callback (dial.c:279) - profile id 1 
1970-01-01 01:06:18.206 [INFO] [0mdial_data_call_state_callback (dial.c:280) - IP family v4 
1970-01-01 01:06:18.206 [INFO] [0mdial_data_call_state_callback (dial.c:283) - Net Connected

1970-01-01 01:06:18.206 [INFO] [0mdial_data_call_state_callback (dial.c:287) - IPv4 address:        10.72.49.2
1970-01-01 01:06:18.206 [INFO] [0mdial_data_call_state_callback (dial.c:288) - Gateway address:     0.0.0.0
1970-01-01 01:06:18.206 [INFO] [0mdial_data_call_state_callback (dial.c:289) - Primary DNS address: 193.181.246.57
1970-01-01 01:06:18.206 [INFO] [0mdial_data_call_state_callback (dial.c:290) - Second DNS address:  193.181.246.58
1970-01-01 01:06:18.474 [INFO] [0mdial_task (dial.c:922) - state: start_call -> wait_for_connect
1970-01-01 01:06:18.482 [INFO] [0mdial_task (dial.c:1153) - net connected
1970-01-01 01:06:18.494 [INFO] [0mparse_tz_info (tz.c:80) - 2026/08/24,03:31:11+32,0

1970-01-01 01:06:18.495 [INFO] [0mparse_tz_info (tz.c:83) - TZ:32

1970-01-01 01:06:18.497 [INFO] [0msave_tz_info (tz.c:27) - Loaded Tz:32, Set Tz:32
1970-01-01 01:06:18.547 [INFO] [0mnw_get_ifaddrs (nw.c:740) - search ip: 10.72.49.2
1970-01-01 01:06:18.549 [INFO] [0mnw_get_ifaddrs (nw.c:768) - get ifaddrs with name: rmnet_data0

1970-01-01 01:06:18.563 [INFO] [0mdial_task (dial.c:1239) - [COPS] connected: +COPS: 0,0,"CHN-UNICOM",7 (mode=0 auto)
1970-01-01 01:06:18.563 [INFO] [0mdial_task (dial.c:1253) - SIM connected, starting RBMaster for license download
1970-01-01 01:06:18.576 [INFO] [0mroamlink_is_master_running (roamlink.c:391) - roamlink: RBMaster process not found in /proc
1970-01-01 01:06:18.577 [INFO] [0mroamlink_start_master (roamlink.c:481) - roamlink: starting RBMaster...
1970-01-01 01:06:18.578 [INFO] [0mroamlink_start_master (roamlink.c:522) - roamlink: RBMaster forked (pid=1760), waiting 3s
1970-01-01 01:06:22.598 [INFO] [0mdial_task (dial.c:922) - state: wait_for_connect -> net_connected
1970-01-01 01:07:04.751 [INFO] [0mmain (main.c:237) - [HEARTBEAT] state=net_connected csq=30 SRV:2 RAT:LTE DENY:0 RSRP:-80 RSRQ:-7 SNR:284 RSSI:-53 tcp_fail=0 rl_fail=0
1970-01-01 01:07:06.679 [INFO] [0mdial_task (dial.c:834) - license appeared! backing up and rebooting...
1970-01-01 01:07:06.679 [INFO] [0mroamlink_license_backup_and_reboot (roamlink.c:284) - roamlink: license downloaded! backing up and rebooting...
1970-01-01 01:07:06.694 [INFO] [0mroamlink_license_write_backup (roamlink.c:258) - roamlink: license backed up to /data/ufs/license.cer
1970-01-01 01:07:23.297 [INFO] [0mmain (main.c:180) - DIAL Version: 1.29.15

1970-01-01 01:07:23.378 [INFO] [0mroamlink_read_policy (roamlink.c:337) - roamlink: network_select = 1
1970-01-01 01:07:23.384 [INFO] [0mroamlink_probe (roamlink.c:98) - roamlink: probe OK (RBMaster + conf.ini + license valid, size=24304 bytes)
1970-01-01 01:07:23.409 [INFO] [0mprint_init_info (main.c:133) - [INIT] policy=1
1970-01-01 01:07:23.437 [INFO] [0mprint_init_info (main.c:140) - [INIT] IMEI: 867929068567918
1970-01-01 01:07:23.453 [INFO] [0mprint_init_info (main.c:144) - [INIT] FW: EG25GGBR07A08M2G_OCPU_30.200.30.200
1970-01-01 01:07:23.477 [INFO] [0mprint_init_info (main.c:162) - [INIT] COPS: +COPS: 0,0,"CHN-UNICOM",7 (mode=0 auto) | CEREG: +CEREG: 0,5
1970-01-01 01:07:23.531 [INFO] [0mdial_task (dial.c:922) - state: (start) -> none
1970-01-01 01:07:23.560 [INFO] [0mroamlink_is_master_running (roamlink.c:391) - roamlink: RBMaster process not found in /proc
1970-01-01 01:07:23.560 [INFO] [0mroamlink_start_master (roamlink.c:481) - roamlink: starting RBMaster...
1970-01-01 01:07:23.560 [INFO] [0mroamlink_start_master (roamlink.c:522) - roamlink: RBMaster forked (pid=886), waiting 3s
1970-01-01 01:07:48.203 [INFO] [0mmain (main.c:180) - DIAL Version: 1.29.15

1970-01-01 01:07:48.303 [INFO] [0mroamlink_read_policy (roamlink.c:337) - roamlink: network_select = 1
1970-01-01 01:07:48.375 [INFO] [0mroamlink_probe (roamlink.c:98) - roamlink: probe OK (RBMaster + conf.ini + license valid, size=24304 bytes)
1970-01-01 01:07:48.402 [INFO] [0mprint_init_info (main.c:133) - [INIT] policy=1
1970-01-01 01:07:48.416 [INFO] [0mprint_init_info (main.c:140) - [INIT] IMEI: 867929068567918
1970-01-01 01:07:48.429 [INFO] [0mprint_init_info (main.c:144) - [INIT] FW: EG25GGBR07A08M2G_OCPU_30.200.30.200
1970-01-01 01:07:48.453 [INFO] [0mprint_init_info (main.c:162) - [INIT] COPS: +COPS: 0,0,"CHN-UNICOM",7 (mode=0 auto) | CEREG: +CEREG: 0,5
1970-01-01 01:07:48.509 [INFO] [0mdial_task (dial.c:922) - state: (start) -> none
1970-01-01 01:07:48.529 [INFO] [0mroamlink_is_master_running (roamlink.c:391) - roamlink: RBMaster process not found in /proc
1970-01-01 01:07:48.529 [INFO] [0mroamlink_start_master (roamlink.c:481) - roamlink: starting RBMaster...
1970-01-01 01:07:48.530 [INFO] [0mroamlink_start_master (roamlink.c:522) - roamlink: RBMaster forked (pid=882), waiting 3s
1970-01-01 01:07:51.530 [INFO] [0mdial_task (dial.c:973) - dial: policy=1, initial channel: Roamlink
1970-01-01 01:07:51.545 [INFO] [0mroamlink_start_service (roamlink.c:676) - roamlink_start: AT+COPS=0 OK
1970-01-01 01:07:51.546 [INFO] [0mroamlink_send_cmd (roamlink.c:617) - roamlink_send_cmd: sent "RBstartServiceMaster" to 127.0.0.1:5568
1970-01-01 01:07:51.547 [INFO] [0mroamlink_start_service (roamlink.c:688) - roamlink_start: Roamlink service started, network_type=2
1970-01-01 01:07:52.547 [INFO] [0mdial_task (dial.c:922) - state: none -> roamlink_starting
1970-01-01 01:07:52.564 [ERROR] [0mnw_tcp_connectivity_test (nw.c:885) - tcp_test: connect() failed immediately: Network is unreachable
1970-01-01 01:07:52.565 [INFO] [0mdial_task (dial.c:1773) - Roamlink not yet connected, waited 4s / 300s
1970-01-01 01:08:03.566 [ERROR] [0mnw_tcp_connectivity_test (nw.c:885) - tcp_test: connect() failed immediately: Network is unreachable
1970-01-01 01:08:14.847 [ERROR] [0mnw_tcp_connectivity_test (nw.c:908) - tcp_test: connect failed: Connection refused
1970-01-01 01:08:25.855 [ERROR] [0mnw_tcp_connectivity_test (nw.c:885) - tcp_test: connect() failed immediately: Network is unreachable
1970-01-01 01:08:37.258 [INFO] [0mdial_task (dial.c:1698) - Roamlink connected, entering active state
1970-01-01 01:08:48.268 [INFO] [0mdial_task (dial.c:922) - state: roamlink_starting -> roamlink_active
1970-01-01 01:08:48.719 [INFO] [0mmain (main.c:237) - [HEARTBEAT] state=roamlink_active csq=17 SRV:N/A RAT:N/A DENY:N/A RSRP:N/A RSRQ:N/A SNR:N/A RSSI:N/A tcp_fail=0 rl_fail=0
1970-01-01 01:09:12.668 [INFO] [0mdial_task (dial.c:1882) - Roamlink biz OK: rx_packets 17 -> 56 (summary, interval 96s)
1970-01-01 01:09:48.998 [INFO] [0mmain (main.c:237) - [HEARTBEAT] state=roamlink_active csq=30 SRV:N/A RAT:N/A DENY:N/A RSRP:N/A RSRQ:N/A SNR:N/A RSSI:N/A tcp_fail=0 rl_fail=0
1970-01-01 01:10:49.221 [INFO] [0mmain (main.c:237) - [HEARTBEAT] state=roamlink_active csq=30 SRV:N/A RAT:N/A DENY:N/A RSRP:N/A RSRQ:N/A SNR:N/A RSSI:N/A tcp_fail=0 rl_fail=0
1970-01-01 01:11:49.477 [INFO] [0mmain (main.c:237) - [HEARTBEAT] state=roamlink_active csq=31 SRV:N/A RAT:N/A DENY:N/A RSRP:N/A RSRQ:N/A SNR:N/A RSSI:N/A tcp_fail=0 rl_fail=0
1970-01-01 01:12:49.681 [INFO] [0mmain (main.c:237) - [HEARTBEAT] state=roamlink_active csq=31 SRV:N/A RAT:N/A DENY:N/A RSRP:N/A RSRQ:N/A SNR:N/A RSSI:N/A tcp_fail=0 rl_fail=0
1970-01-01 01:12:49.708 [INFO] [0mmain (main.c:262) - [HEARTBEAT] OPER:N/A cereg=1 cellid=99D991 pci=345 tac=755C rsrp=-76dBm rsrq=-7dB ifname=rmnet_data0 ip=10.206.161.172 rx_packets=236
1970-01-01 01:13:49.958 [INFO] [0mmain (main.c:237) - [HEARTBEAT] state=roamlink_active csq=29 SRV:N/A RAT:N/A DENY:N/A RSRP:N/A RSRQ:N/A SNR:N/A RSSI:N/A tcp_fail=0 rl_fail=0
1970-01-01 01:14:50.219 [INFO] [0mmain (main.c:237) - [HEARTBEAT] state=roamlink_active csq=29 SRV:N/A RAT:N/A DENY:N/A RSRP:N/A RSRQ:N/A SNR:N/A RSSI:N/A tcp_fail=0 rl_fail=0
1970-01-01 01:15:50.483 [INFO] [0mmain (main.c:237) - [HEARTBEAT] state=roamlink_active csq=30 SRV:N/A RAT:N/A DENY:N/A RSRP:N/A RSRQ:N/A SNR:N/A RSSI:N/A tcp_fail=0 rl_fail=0
1970-01-01 01:16:50.732 [INFO] [0mmain (main.c:237) - [HEARTBEAT] state=roamlink_active csq=31 SRV:N/A RAT:N/A DENY:N/A RSRP:N/A RSRQ:N/A SNR:N/A RSSI:N/A tcp_fail=0 rl_fail=0
1970-01-01 01:17:50.998 [INFO] [0mmain (main.c:237) - [HEARTBEAT] state=roamlink_active csq=16 SRV:N/A RAT:N/A DENY:N/A RSRP:N/A RSRQ:N/A SNR:N/A RSSI:N/A tcp_fail=0 rl_fail=0
1970-01-01 01:17:51.026 [INFO] [0mmain (main.c:262) - [HEARTBEAT] OPER:N/A cereg=1 cellid=99D991 pci=345 tac=755C rsrp=-80dBm rsrq=-6dB ifname=rmnet_data0 ip=10.206.161.172 rx_packets=468
1970-01-01 01:18:51.319 [INFO] [0mmain (main.c:237) - [HEARTBEAT] state=roamlink_active csq=30 SRV:N/A RAT:N/A DENY:N/A RSRP:N/A RSRQ:N/A SNR:N/A RSSI:N/A tcp_fail=0 rl_fail=0
1970-01-01 01:19:51.550 [INFO] [0mmain (main.c:237) - [HEARTBEAT] state=roamlink_active csq=17 SRV:N/A RAT:N/A DENY:N/A RSRP:N/A RSRQ:N/A SNR:N/A RSSI:N/A tcp_fail=0 rl_fail=0
1970-01-01 01:20:51.815 [INFO] [0mmain (main.c:237) - [HEARTBEAT] state=roamlink_active csq=29 SRV:N/A RAT:N/A DENY:N/A RSRP:N/A RSRQ:N/A SNR:N/A RSSI:N/A tcp_fail=0 rl_fail=0
1970-01-01 01:21:52.068 [INFO] [0mmain (main.c:237) - [HEARTBEAT] state=roamlink_active csq=30 SRV:N/A RAT:N/A DENY:N/A RSRP:N/A RSRQ:N/A SNR:N/A RSSI:N/A tcp_fail=0 rl_fail=0
1970-01-01 01:22:52.313 [INFO] [0mmain (main.c:237) - [HEARTBEAT] state=roamlink_active csq=30 SRV:N/A RAT:N/A DENY:N/A RSRP:N/A RSRQ:N/A SNR:N/A RSSI:N/A tcp_fail=0 rl_fail=0
1970-01-01 01:22:52.340 [INFO] [0mmain (main.c:262) - [HEARTBEAT] OPER:N/A cereg=1 cellid=99D991 pci=345 tac=755C rsrp=-80dBm rsrq=-9dB ifname=rmnet_data0 ip=10.206.161.172 rx_packets=696
1970-01-01 01:23:52.614 [INFO] [0mmain (main.c:237) - [HEARTBEAT] state=roamlink_active csq=29 SRV:N/A RAT:N/A DENY:N/A RSRP:N/A RSRQ:N/A SNR:N/A RSSI:N/A tcp_fail=0 rl_fail=0
1970-01-01 01:24:52.827 [INFO] [0mmain (main.c:237) - [HEARTBEAT] state=roamlink_active csq=30 SRV:N/A RAT:N/A DENY:N/A RSRP:N/A RSRQ:N/A SNR:N/A RSSI:N/A tcp_fail=0 rl_fail=0
1970-01-01 01:25:53.094 [INFO] [0mmain (main.c:237) - [HEARTBEAT] state=roamlink_active csq=30 SRV:N/A RAT:N/A DENY:N/A RSRP:N/A RSRQ:N/A SNR:N/A RSSI:N/A tcp_fail=0 rl_fail=0
1970-01-01 01:26:53.330 [INFO] [0mmain (main.c:237) - [HEARTBEAT] state=roamlink_active csq=18 SRV:N/A RAT:N/A DENY:N/A RSRP:N/A RSRQ:N/A SNR:N/A RSSI:N/A tcp_fail=0 rl_fail=0
1970-01-01 01:27:53.571 [INFO] [0mmain (main.c:237) - [HEARTBEAT] state=roamlink_active csq=31 SRV:N/A RAT:N/A DENY:N/A RSRP:N/A RSRQ:N/A SNR:N/A RSSI:N/A tcp_fail=0 rl_fail=0
1970-01-01 01:27:53.600 [INFO] [0mmain (main.c:262) - [HEARTBEAT] OPER:N/A cereg=1 cellid=99D991 pci=345 tac=755C rsrp=-79dBm rsrq=-8dB ifname=rmnet_data0 ip=10.206.161.172 rx_packets=923
1970-01-01 01:28:53.858 [INFO] [0mmain (main.c:237) - [HEARTBEAT] state=roamlink_active csq=29 SRV:N/A RAT:N/A DENY:N/A RSRP:N/A RSRQ:N/A SNR:N/A RSSI:N/A tcp_fail=0 rl_fail=0
1970-01-01 01:29:54.091 [INFO] [0mmain (main.c:237) - [HEARTBEAT] state=roamlink_active csq=30 SRV:N/A RAT:N/A DENY:N/A RSRP:N/A RSRQ:N/A SNR:N/A RSSI:N/A tcp_fail=0 rl_fail=0
1970-01-01 01:30:54.332 [INFO] [0mmain (main.c:237) - [HEARTBEAT] state=roamlink_active csq=30 SRV:N/A RAT:N/A DENY:N/A RSRP:N/A RSRQ:N/A SNR:N/A RSSI:N/A tcp_fail=0 rl_fail=0
1970-01-01 01:31:54.572 [INFO] [0mmain (main.c:237) - [HEARTBEAT] state=roamlink_active csq=31 SRV:N/A RAT:N/A DENY:N/A RSRP:N/A RSRQ:N/A SNR:N/A RSSI:N/A tcp_fail=0 rl_fail=0
1970-01-01 01:32:54.809 [INFO] [0mmain (main.c:237) - [HEARTBEAT] state=roamlink_active csq=30 SRV:N/A RAT:N/A DENY:N/A RSRP:N/A RSRQ:N/A SNR:N/A RSSI:N/A tcp_fail=0 rl_fail=0
1970-01-01 01:32:54.842 [INFO] [0mmain (main.c:262) - [HEARTBEAT] OPER:N/A cereg=1 cellid=99D991 pci=345 tac=755C rsrp=-79dBm rsrq=-7dB ifname=rmnet_data0 ip=10.206.161.172 rx_packets=1151
1970-01-01 01:33:55.077 [INFO] [0mmain (main.c:237) - [HEARTBEAT] state=roamlink_active csq=30 SRV:N/A RAT:N/A DENY:N/A RSRP:N/A RSRQ:N/A SNR:N/A RSSI:N/A tcp_fail=0 rl_fail=0
1970-01-01 01:34:55.383 [INFO] [0mmain (main.c:237) - [HEARTBEAT] state=roamlink_active csq=16 SRV:N/A RAT:N/A DENY:N/A RSRP:N/A RSRQ:N/A SNR:N/A RSSI:N/A tcp_fail=0 rl_fail=0
1970-01-01 01:35:55.631 [INFO] [0mmain (main.c:237) - [HEARTBEAT] state=roamlink_active csq=31 SRV:N/A RAT:N/A DENY:N/A RSRP:N/A RSRQ:N/A SNR:N/A RSSI:N/A tcp_fail=0 rl_fail=0
1970-01-01 01:36:55.894 [INFO] [0mmain (main.c:237) - [HEARTBEAT] state=roamlink_active csq=15 SRV:N/A RAT:N/A DENY:N/A RSRP:N/A RSRQ:N/A SNR:N/A RSSI:N/A tcp_fail=0 rl_fail=0
1970-01-01 01:37:56.198 [INFO] [0mmain (main.c:237) - [HEARTBEAT] state=roamlink_active csq=29 SRV:N/A RAT:N/A DENY:N/A RSRP:N/A RSRQ:N/A SNR:N/A RSSI:N/A tcp_fail=0 rl_fail=0
1970-01-01 01:37:56.228 [INFO] [0mmain (main.c:262) - [HEARTBEAT] OPER:N/A cereg=1 cellid=99D991 pci=345 tac=755C rsrp=-102dBm rsrq=-5dB ifname=rmnet_data0 ip=10.206.161.172 rx_packets=1382
1970-01-01 01:38:56.510 [INFO] [0mmain (main.c:237) - [HEARTBEAT] state=roamlink_active csq=17 SRV:N/A RAT:N/A DENY:N/A RSRP:N/A RSRQ:N/A SNR:N/A RSSI:N/A tcp_fail=0 rl_fail=0
1970-01-01 01:39:56.760 [INFO] [0mmain (main.c:237) - [HEARTBEAT] state=roamlink_active csq=29 SRV:N/A RAT:N/A DENY:N/A RSRP:N/A RSRQ:N/A SNR:N/A RSSI:N/A tcp_fail=0 rl_fail=0
1970-01-01 01:40:57.006 [INFO] [0mmain (main.c:237) - [HEARTBEAT] state=roamlink_active csq=31 SRV:N/A RAT:N/A DENY:N/A RSRP:N/A RSRQ:N/A SNR:N/A RSSI:N/A tcp_fail=0 rl_fail=0
1970-01-01 01:41:57.256 [INFO] [0mmain (main.c:237) - [HEARTBEAT] state=roamlink_active csq=29 SRV:N/A RAT:N/A DENY:N/A RSRP:N/A RSRQ:N/A SNR:N/A RSSI:N/A tcp_fail=0 rl_fail=0
1970-01-01 01:42:57.531 [INFO] [0mmain (main.c:237) - [HEARTBEAT] state=roamlink_active csq=18 SRV:N/A RAT:N/A DENY:N/A RSRP:N/A RSRQ:N/A SNR:N/A RSSI:N/A tcp_fail=0 rl_fail=0
1970-01-01 01:42:57.565 [INFO] [0mmain (main.c:262) - [HEARTBEAT] OPER:N/A cereg=1 cellid=99D991 pci=345 tac=755C rsrp=-101dBm rsrq=-5dB ifname=rmnet_data0 ip=10.206.161.172 rx_packets=1607
1970-01-01 01:43:57.850 [INFO] [0mmain (main.c:237) - [HEARTBEAT] state=roamlink_active csq=29 SRV:N/A RAT:N/A DENY:N/A RSRP:N/A RSRQ:N/A SNR:N/A RSSI:N/A tcp_fail=0 rl_fail=0
1970-01-01 01:44:58.127 [INFO] [0mmain (main.c:237) - [HEARTBEAT] state=roamlink_active csq=16 SRV:N/A RAT:N/A DENY:N/A RSRP:N/A RSRQ:N/A SNR:N/A RSSI:N/A tcp_fail=0 rl_fail=0
1970-01-01 01:45:14.062 [ERROR] [0mnw_tcp_connectivity_test (nw.c:899) - tcp_test: select() timeout or error (ret=0)
1970-01-01 01:45:14.063 [ERROR] [0mdial_task (dial.c:1979) - Roamlink tcp test failed, count: 1 / 3
1970-01-01 01:45:58.372 [INFO] [0mmain (main.c:237) - [HEARTBEAT] state=roamlink_active csq=31 SRV:N/A RAT:N/A DENY:N/A RSRP:N/A RSRQ:N/A SNR:N/A RSSI:N/A tcp_fail=0 rl_fail=0
1970-01-01 01:46:58.646 [INFO] [0mmain (main.c:237) - [HEARTBEAT] state=roamlink_active csq=29 SRV:N/A RAT:N/A DENY:N/A RSRP:N/A RSRQ:N/A SNR:N/A RSSI:N/A tcp_fail=0 rl_fail=0
1970-01-01 01:47:58.900 [INFO] [0mmain (main.c:237) - [HEARTBEAT] state=roamlink_active csq=29 SRV:N/A RAT:N/A DENY:N/A RSRP:N/A RSRQ:N/A SNR:N/A RSSI:N/A tcp_fail=0 rl_fail=0
1970-01-01 01:47:58.928 [INFO] [0mmain (main.c:262) - [HEARTBEAT] OPER:N/A cereg=1 cellid=99D991 pci=345 tac=755C rsrp=-82dBm rsrq=-7dB ifname=rmnet_data0 ip=10.206.161.172 rx_packets=1829
1970-01-01 01:48:59.176 [INFO] [0mmain (main.c:237) - [HEARTBEAT] state=roamlink_active csq=29 SRV:N/A RAT:N/A DENY:N/A RSRP:N/A RSRQ:N/A SNR:N/A RSSI:N/A tcp_fail=0 rl_fail=0
1970-01-01 01:49:59.407 [INFO] [0mmain (main.c:237) - [HEARTBEAT] state=roamlink_active csq=16 SRV:N/A RAT:N/A DENY:N/A RSRP:N/A RSRQ:N/A SNR:N/A RSSI:N/A tcp_fail=0 rl_fail=0
1970-01-01 01:50:59.668 [INFO] [0mmain (main.c:237) - [HEARTBEAT] state=roamlink_active csq=29 SRV:N/A RAT:N/A DENY:N/A RSRP:N/A RSRQ:N/A SNR:N/A RSSI:N/A tcp_fail=0 rl_fail=0
1970-01-01 01:51:59.868 [INFO] [0mmain (main.c:237) - [HEARTBEAT] state=roamlink_active csq=29 SRV:N/A RAT:N/A DENY:N/A RSRP:N/A RSRQ:N/A SNR:N/A RSSI:N/A tcp_fail=0 rl_fail=0
1970-01-01 01:53:00.047 [INFO] [0mmain (main.c:237) - [HEARTBEAT] state=roamlink_active csq=28 SRV:N/A RAT:N/A DENY:N/A RSRP:N/A RSRQ:N/A SNR:N/A RSSI:N/A tcp_fail=0 rl_fail=0
1970-01-01 01:53:00.075 [INFO] [0mmain (main.c:262) - [HEARTBEAT] OPER:N/A cereg=1 cellid=99D991 pci=345 tac=755C rsrp=-81dBm rsrq=-9dB ifname=rmnet_data0 ip=10.206.161.172 rx_packets=2062
1970-01-01 01:54:00.293 [INFO] [0mmain (main.c:237) - [HEARTBEAT] state=roamlink_active csq=29 SRV:N/A RAT:N/A DENY:N/A RSRP:N/A RSRQ:N/A SNR:N/A RSSI:N/A tcp_fail=0 rl_fail=0
1970-01-01 01:55:00.567 [INFO] [0mmain (main.c:237) - [HEARTBEAT] state=roamlink_active csq=29 SRV:N/A RAT:N/A DENY:N/A RSRP:N/A RSRQ:N/A SNR:N/A RSSI:N/A tcp_fail=0 rl_fail=0
1970-01-01 01:56:00.814 [INFO] [0mmain (main.c:237) - [HEARTBEAT] state=roamlink_active csq=29 SRV:N/A RAT:N/A DENY:N/A RSRP:N/A RSRQ:N/A SNR:N/A RSSI:N/A tcp_fail=0 rl_fail=0
1970-01-01 01:57:01.044 [INFO] [0mmain (main.c:237) - [HEARTBEAT] state=roamlink_active csq=29 SRV:N/A RAT:N/A DENY:N/A RSRP:N/A RSRQ:N/A SNR:N/A RSSI:N/A tcp_fail=0 rl_fail=0
1970-01-01 01:58:01.288 [INFO] [0mmain (main.c:237) - [HEARTBEAT] state=roamlink_active csq=29 SRV:N/A RAT:N/A DENY:N/A RSRP:N/A RSRQ:N/A SNR:N/A RSSI:N/A tcp_fail=0 rl_fail=0
1970-01-01 01:58:01.313 [INFO] [0mmain (main.c:262) - [HEARTBEAT] OPER:N/A cereg=1 cellid=99D991 pci=345 tac=755C rsrp=-80dBm rsrq=-6dB ifname=rmnet_data0 ip=10.206.161.172 rx_packets=2293
1970-01-01 01:59:01.574 [INFO] [0mmain (main.c:237) - [HEARTBEAT] state=roamlink_active csq=29 SRV:N/A RAT:N/A DENY:N/A RSRP:N/A RSRQ:N/A SNR:N/A RSSI:N/A tcp_fail=0 rl_fail=0
1970-01-01 02:00:01.806 [INFO] [0mmain (main.c:237) - [HEARTBEAT] state=roamlink_active csq=29 SRV:N/A RAT:N/A DENY:N/A RSRP:N/A RSRQ:N/A SNR:N/A RSSI:N/A tcp_fail=0 rl_fail=0
1970-01-01 02:01:02.043 [INFO] [0mmain (main.c:237) - [HEARTBEAT] state=roamlink_active csq=29 SRV:N/A RAT:N/A DENY:N/A RSRP:N/A RSRQ:N/A SNR:N/A RSSI:N/A tcp_fail=0 rl_fail=0
1970-01-01 02:02:02.326 [INFO] [0mmain (main.c:237) - [HEARTBEAT] state=roamlink_active csq=18 SRV:N/A RAT:N/A DENY:N/A RSRP:N/A RSRQ:N/A SNR:N/A RSSI:N/A tcp_fail=0 rl_fail=0
1970-01-01 02:03:02.590 [INFO] [0mmain (main.c:237) - [HEARTBEAT] state=roamlink_active csq=28 SRV:N/A RAT:N/A DENY:N/A RSRP:N/A RSRQ:N/A SNR:N/A RSSI:N/A tcp_fail=0 rl_fail=0
1970-01-01 02:03:02.618 [INFO] [0mmain (main.c:262) - [HEARTBEAT] OPER:N/A cereg=1 cellid=99D991 pci=345 tac=755C rsrp=-82dBm rsrq=-6dB ifname=rmnet_data0 ip=10.206.161.172 rx_packets=2521
1970-01-01 02:04:02.861 [INFO] [0mmain (main.c:237) - [HEARTBEAT] state=roamlink_active csq=29 SRV:N/A RAT:N/A DENY:N/A RSRP:N/A RSRQ:N/A SNR:N/A RSSI:N/A tcp_fail=0 rl_fail=0
1970-01-01 02:05:03.124 [INFO] [0mmain (main.c:237) - [HEARTBEAT] state=roamlink_active csq=29 SRV:N/A RAT:N/A DENY:N/A RSRP:N/A RSRQ:N/A SNR:N/A RSSI:N/A tcp_fail=0 rl_fail=0
1970-01-01 02:06:03.383 [INFO] [0mmain (main.c:237) - [HEARTBEAT] state=roamlink_active csq=16 SRV:N/A RAT:N/A DENY:N/A RSRP:N/A RSRQ:N/A SNR:N/A RSSI:N/A tcp_fail=0 rl_fail=0
1970-01-01 02:07:03.635 [INFO] [0mmain (main.c:237) - [HEARTBEAT] state=roamlink_active csq=31 SRV:N/A RAT:N/A DENY:N/A RSRP:N/A RSRQ:N/A SNR:N/A RSSI:N/A tcp_fail=0 rl_fail=0
1970-01-01 02:08:03.921 [INFO] [0mmain (main.c:237) - [HEARTBEAT] state=roamlink_active csq=30 SRV:N/A RAT:N/A DENY:N/A RSRP:N/A RSRQ:N/A SNR:N/A RSSI:N/A tcp_fail=0 rl_fail=0
1970-01-01 02:08:03.949 [INFO] [0mmain (main.c:262) - [HEARTBEAT] OPER:N/A cereg=1 cellid=99D991 pci=345 tac=755C rsrp=-81dBm rsrq=-9dB ifname=rmnet_data0 ip=10.206.161.172 rx_packets=2757
1970-01-01 02:09:04.254 [INFO] [0mmain (main.c:237) - [HEARTBEAT] state=roamlink_active csq=31 SRV:N/A RAT:N/A DENY:N/A RSRP:N/A RSRQ:N/A SNR:N/A RSSI:N/A tcp_fail=0 rl_fail=0
1970-01-01 02:09:34.305 [INFO] [0mdial_task (dial.c:1882) - Roamlink biz OK: rx_packets 2806 -> 2830 (summary, interval 3621s)
1970-01-01 02:10:04.498 [INFO] [0mmain (main.c:237) - [HEARTBEAT] state=roamlink_active csq=16 SRV:N/A RAT:N/A DENY:N/A RSRP:N/A RSRQ:N/A SNR:N/A RSSI:N/A tcp_fail=0 rl_fail=0
1970-01-01 02:11:04.756 [INFO] [0mmain (main.c:237) - [HEARTBEAT] state=roamlink_active csq=16 SRV:N/A RAT:N/A DENY:N/A RSRP:N/A RSRQ:N/A SNR:N/A RSSI:N/A tcp_fail=0 rl_fail=0
1970-01-01 02:12:05.033 [INFO] [0mmain (main.c:237) - [HEARTBEAT] state=roamlink_active csq=16 SRV:N/A RAT:N/A DENY:N/A RSRP:N/A RSRQ:N/A SNR:N/A RSSI:N/A tcp_fail=0 rl_fail=0
1970-01-01 02:13:05.293 [INFO] [0mmain (main.c:237) - [HEARTBEAT] state=roamlink_active csq=31 SRV:N/A RAT:N/A DENY:N/A RSRP:N/A RSRQ:N/A SNR:N/A RSSI:N/A tcp_fail=0 rl_fail=0
1970-01-01 02:13:05.321 [INFO] [0mmain (main.c:262) - [HEARTBEAT] OPER:N/A cereg=1 cellid=99D991 pci=345 tac=755C rsrp=-83dBm rsrq=-9dB ifname=rmnet_data0 ip=10.206.161.172 rx_packets=2984
1970-01-01 02:14:05.587 [INFO] [0mmain (main.c:237) - [HEARTBEAT] state=roamlink_active csq=16 SRV:N/A RAT:N/A DENY:N/A RSRP:N/A RSRQ:N/A SNR:N/A RSSI:N/A tcp_fail=0 rl_fail=0
1970-01-01 02:15:05.871 [INFO] [0mmain (main.c:237) - [HEARTBEAT] state=roamlink_active csq=29 SRV:N/A RAT:N/A DENY:N/A RSRP:N/A RSRQ:N/A SNR:N/A RSSI:N/A tcp_fail=0 rl_fail=0
1970-01-01 02:16:06.156 [INFO] [0mmain (main.c:237) - [HEARTBEAT] state=roamlink_active csq=29 SRV:N/A RAT:N/A DENY:N/A RSRP:N/A RSRQ:N/A SNR:N/A RSSI:N/A tcp_fail=0 rl_fail=0
1970-01-01 02:17:06.429 [INFO] [0mmain (main.c:237) - [HEARTBEAT] state=roamlink_active csq=19 SRV:N/A RAT:N/A DENY:N/A RSRP:N/A RSRQ:N/A SNR:N/A RSSI:N/A tcp_fail=0 rl_fail=0
1970-01-01 02:18:06.708 [INFO] [0mmain (main.c:237) - [HEARTBEAT] state=roamlink_active csq=29 SRV:N/A RAT:N/A DENY:N/A RSRP:N/A RSRQ:N/A SNR:N/A RSSI:N/A tcp_fail=0 rl_fail=0
1970-01-01 02:18:06.741 [INFO] [0mmain (main.c:262) - [HEARTBEAT] OPER:N/A cereg=1 cellid=99D991 pci=345 tac=755C rsrp=-80dBm rsrq=-10dB ifname=rmnet_data0 ip=10.206.161.172 rx_packets=3215
1970-01-01 02:19:07.000 [INFO] [0mmain (main.c:237) - [HEARTBEAT] state=roamlink_active csq=31 SRV:N/A RAT:N/A DENY:N/A RSRP:N/A RSRQ:N/A SNR:N/A RSSI:N/A tcp_fail=0 rl_fail=0
1970-01-01 02:20:07.275 [INFO] [0mmain (main.c:237) - [HEARTBEAT] state=roamlink_active csq=14 SRV:N/A RAT:N/A DENY:N/A RSRP:N/A RSRQ:N/A SNR:N/A RSSI:N/A tcp_fail=0 rl_fail=0
1970-01-01 02:21:07.526 [INFO] [0mmain (main.c:237) - [HEARTBEAT] state=roamlink_active csq=15 SRV:N/A RAT:N/A DENY:N/A RSRP:N/A RSRQ:N/A SNR:N/A RSSI:N/A tcp_fail=0 rl_fail=0
1970-01-01 02:22:07.808 [INFO] [0mmain (main.c:237) - [HEARTBEAT] state=roamlink_active csq=29 SRV:N/A RAT:N/A DENY:N/A RSRP:N/A RSRQ:N/A SNR:N/A RSSI:N/A tcp_fail=0 rl_fail=0
1970-01-01 02:23:08.065 [INFO] [0mmain (main.c:237) - [HEARTBEAT] state=roamlink_active csq=17 SRV:N/A RAT:N/A DENY:N/A RSRP:N/A RSRQ:N/A SNR:N/A RSSI:N/A tcp_fail=0 rl_fail=0
1970-01-01 02:23:08.092 [INFO] [0mmain (main.c:262) - [HEARTBEAT] OPER:N/A cereg=1 cellid=99D991 pci=345 tac=755C rsrp=-81dBm rsrq=-11dB ifname=rmnet_data0 ip=10.206.161.172 rx_packets=3442
1970-01-01 02:24:08.374 [INFO] [0mmain (main.c:237) - [HEARTBEAT] state=roamlink_active csq=31 SRV:N/A RAT:N/A DENY:N/A RSRP:N/A RSRQ:N/A SNR:N/A RSSI:N/A tcp_fail=0 rl_fail=0
1970-01-01 02:25:08.660 [INFO] [0mmain (main.c:237) - [HEARTBEAT] state=roamlink_active csq=31 SRV:N/A RAT:N/A DENY:N/A RSRP:N/A RSRQ:N/A SNR:N/A RSSI:N/A tcp_fail=0 rl_fail=0
1970-01-01 02:26:08.946 [INFO] [0mmain (main.c:237) - [HEARTBEAT] state=roamlink_active csq=31 SRV:N/A RAT:N/A DENY:N/A RSRP:N/A RSRQ:N/A SNR:N/A RSSI:N/A tcp_fail=0 rl_fail=0
1970-01-01 02:27:09.248 [INFO] [0mmain (main.c:237) - [HEARTBEAT] state=roamlink_active csq=18 SRV:N/A RAT:N/A DENY:N/A RSRP:N/A RSRQ:N/A SNR:N/A RSSI:N/A tcp_fail=0 rl_fail=0
1970-01-01 02:28:09.534 [INFO] [0mmain (main.c:237) - [HEARTBEAT] state=roamlink_active csq=28 SRV:N/A RAT:N/A DENY:N/A RSRP:N/A RSRQ:N/A SNR:N/A RSSI:N/A tcp_fail=0 rl_fail=0
1970-01-01 02:28:09.563 [INFO] [0mmain (main.c:262) - [HEARTBEAT] OPER:N/A cereg=1 cellid=99D991 pci=345 tac=755C rsrp=-81dBm rsrq=-7dB ifname=rmnet_data0 ip=10.206.161.172 rx_packets=3668
1970-01-01 02:29:09.827 [INFO] [0mmain (main.c:237) - [HEARTBEAT] state=roamlink_active csq=15 SRV:N/A RAT:N/A DENY:N/A RSRP:N/A RSRQ:N/A SNR:N/A RSSI:N/A tcp_fail=0 rl_fail=0
1970-01-01 02:30:10.115 [INFO] [0mmain (main.c:237) - [HEARTBEAT] state=roamlink_active csq=31 SRV:N/A RAT:N/A DENY:N/A RSRP:N/A RSRQ:N/A SNR:N/A RSSI:N/A tcp_fail=0 rl_fail=0
1970-01-01 02:31:10.387 [INFO] [0mmain (main.c:237) - [HEARTBEAT] state=roamlink_active csq=29 SRV:N/A RAT:N/A DENY:N/A RSRP:N/A RSRQ:N/A SNR:N/A RSSI:N/A tcp_fail=0 rl_fail=0
1970-01-01 02:32:10.677 [INFO] [0mmain (main.c:237) - [HEARTBEAT] state=roamlink_active csq=31 SRV:N/A RAT:N/A DENY:N/A RSRP:N/A RSRQ:N/A SNR:N/A RSSI:N/A tcp_fail=0 rl_fail=0
1970-01-01 02:33:10.923 [INFO] [0mmain (main.c:237) - [HEARTBEAT] state=roamlink_active csq=19 SRV:N/A RAT:N/A DENY:N/A RSRP:N/A RSRQ:N/A SNR:N/A RSSI:N/A tcp_fail=0 rl_fail=0
1970-01-01 02:33:10.955 [INFO] [0mmain (main.c:262) - [HEARTBEAT] OPER:N/A cereg=1 cellid=99D991 pci=345 tac=755C rsrp=-100dBm rsrq=-4dB ifname=rmnet_data0 ip=10.206.161.172 rx_packets=3889
1970-01-01 02:34:11.173 [INFO] [0mmain (main.c:237) - [HEARTBEAT] state=roamlink_active csq=30 SRV:N/A RAT:N/A DENY:N/A RSRP:N/A RSRQ:N/A SNR:N/A RSSI:N/A tcp_fail=0 rl_fail=0
1970-01-01 02:35:11.437 [INFO] [0mmain (main.c:237) - [HEARTBEAT] state=roamlink_active csq=17 SRV:N/A RAT:N/A DENY:N/A RSRP:N/A RSRQ:N/A SNR:N/A RSSI:N/A tcp_fail=0 rl_fail=0
1970-01-01 02:36:11.698 [INFO] [0mmain (main.c:237) - [HEARTBEAT] state=roamlink_active csq=31 SRV:N/A RAT:N/A DENY:N/A RSRP:N/A RSRQ:N/A SNR:N/A RSSI:N/A tcp_fail=0 rl_fail=0
1970-01-01 02:37:12.001 [INFO] [0mmain (main.c:237) - [HEARTBEAT] state=roamlink_active csq=17 SRV:N/A RAT:N/A DENY:N/A RSRP:N/A RSRQ:N/A SNR:N/A RSSI:N/A tcp_fail=0 rl_fail=0
1970-01-01 02:38:12.240 [INFO] [0mmain (main.c:237) - [HEARTBEAT] state=roamlink_active csq=31 SRV:N/A RAT:N/A DENY:N/A RSRP:N/A RSRQ:N/A SNR:N/A RSSI:N/A tcp_fail=0 rl_fail=0
1970-01-01 02:38:12.267 [INFO] [0mmain (main.c:262) - [HEARTBEAT] OPER:N/A cereg=1 cellid=99D991 pci=345 tac=755C rsrp=-79dBm rsrq=-6dB ifname=rmnet_data0 ip=10.206.161.172 rx_packets=4131
1970-01-01 02:39:12.522 [INFO] [0mmain (main.c:237) - [HEARTBEAT] state=roamlink_active csq=31 SRV:N/A RAT:N/A DENY:N/A RSRP:N/A RSRQ:N/A SNR:N/A RSSI:N/A tcp_fail=0 rl_fail=0
1970-01-01 02:40:12.785 [INFO] [0mmain (main.c:237) - [HEARTBEAT] state=roamlink_active csq=31 SRV:N/A RAT:N/A DENY:N/A RSRP:N/A RSRQ:N/A SNR:N/A RSSI:N/A tcp_fail=0 rl_fail=0
1970-01-01 02:41:13.011 [INFO] [0mmain (main.c:237) - [HEARTBEAT] state=roamlink_active csq=31 SRV:N/A RAT:N/A DENY:N/A RSRP:N/A RSRQ:N/A SNR:N/A RSSI:N/A tcp_fail=0 rl_fail=0
1970-01-01 02:42:13.225 [INFO] [0mmain (main.c:237) - [HEARTBEAT] state=roamlink_active csq=18 SRV:N/A RAT:N/A DENY:N/A RSRP:N/A RSRQ:N/A SNR:N/A RSSI:N/A tcp_fail=0 rl_fail=0
1970-01-01 02:43:13.421 [INFO] [0mmain (main.c:237) - [HEARTBEAT] state=roamlink_active csq=30 SRV:N/A RAT:N/A DENY:N/A RSRP:N/A RSRQ:N/A SNR:N/A RSSI:N/A tcp_fail=0 rl_fail=0
1970-01-01 02:43:13.447 [INFO] [0mmain (main.c:262) - [HEARTBEAT] OPER:N/A cereg=1 cellid=99D991 pci=345 tac=755C rsrp=-101dBm rsrq=-3dB ifname=rmnet_data0 ip=10.206.161.172 rx_packets=4364
1970-01-01 02:44:13.695 [INFO] [0mmain (main.c:237) - [HEARTBEAT] state=roamlink_active csq=31 SRV:N/A RAT:N/A DENY:N/A RSRP:N/A RSRQ:N/A SNR:N/A RSSI:N/A tcp_fail=0 rl_fail=0
1970-01-01 02:45:13.899 [INFO] [0mmain (main.c:237) - [HEARTBEAT] state=roamlink_active csq=31 SRV:N/A RAT:N/A DENY:N/A RSRP:N/A RSRQ:N/A SNR:N/A RSSI:N/A tcp_fail=0 rl_fail=0
1970-01-01 02:46:14.131 [INFO] [0mmain (main.c:237) - [HEARTBEAT] state=roamlink_active csq=21 SRV:N/A RAT:N/A DENY:N/A RSRP:N/A RSRQ:N/A SNR:N/A RSSI:N/A tcp_fail=0 rl_fail=0
1970-01-01 02:47:14.348 [INFO] [0mmain (main.c:237) - [HEARTBEAT] state=roamlink_active csq=31 SRV:N/A RAT:N/A DENY:N/A RSRP:N/A RSRQ:N/A SNR:N/A RSSI:N/A tcp_fail=0 rl_fail=0
1970-01-01 02:48:14.573 [INFO] [0mmain (main.c:237) - [HEARTBEAT] state=roamlink_active csq=31 SRV:N/A RAT:N/A DENY:N/A RSRP:N/A RSRQ:N/A SNR:N/A RSSI:N/A tcp_fail=0 rl_fail=0
1970-01-01 02:48:14.605 [INFO] [0mmain (main.c:262) - [HEARTBEAT] OPER:N/A cereg=1 cellid=99D991 pci=345 tac=755C rsrp=-78dBm rsrq=-8dB ifname=rmnet_data0 ip=10.206.161.172 rx_packets=4595
1970-01-01 02:49:14.801 [INFO] [0mmain (main.c:237) - [HEARTBEAT] state=roamlink_active csq=31 SRV:N/A RAT:N/A DENY:N/A RSRP:N/A RSRQ:N/A SNR:N/A RSSI:N/A tcp_fail=0 rl_fail=0
1970-01-01 02:50:15.077 [INFO] [0mmain (main.c:237) - [HEARTBEAT] state=roamlink_active csq=31 SRV:N/A RAT:N/A DENY:N/A RSRP:N/A RSRQ:N/A SNR:N/A RSSI:N/A tcp_fail=0 rl_fail=0
1970-01-01 02:51:15.299 [INFO] [0mmain (main.c:237) - [HEARTBEAT] state=roamlink_active csq=31 SRV:N/A RAT:N/A DENY:N/A RSRP:N/A RSRQ:N/A SNR:N/A RSSI:N/A tcp_fail=0 rl_fail=0
1970-01-01 02:52:15.501 [INFO] [0mmain (main.c:237) - [HEARTBEAT] state=roamlink_active csq=20 SRV:N/A RAT:N/A DENY:N/A RSRP:N/A RSRQ:N/A SNR:N/A RSSI:N/A tcp_fail=0 rl_fail=0
1970-01-01 02:53:15.701 [INFO] [0mmain (main.c:237) - [HEARTBEAT] state=roamlink_active csq=31 SRV:N/A RAT:N/A DENY:N/A RSRP:N/A RSRQ:N/A SNR:N/A RSSI:N/A tcp_fail=0 rl_fail=0
1970-01-01 02:53:15.729 [INFO] [0mmain (main.c:262) - [HEARTBEAT] OPER:N/A cereg=1 cellid=99D991 pci=345 tac=755C rsrp=-77dBm rsrq=-8dB ifname=rmnet_data0 ip=10.206.161.172 rx_packets=4841
1970-01-01 02:54:15.960 [INFO] [0mmain (main.c:237) - [HEARTBEAT] state=roamlink_active csq=18 SRV:N/A RAT:N/A DENY:N/A RSRP:N/A RSRQ:N/A SNR:N/A RSSI:N/A tcp_fail=0 rl_fail=0
1970-01-01 02:55:16.160 [INFO] [0mmain (main.c:237) - [HEARTBEAT] state=roamlink_active csq=31 SRV:N/A RAT:N/A DENY:N/A RSRP:N/A RSRQ:N/A SNR:N/A RSSI:N/A tcp_fail=0 rl_fail=0
1970-01-01 02:56:16.374 [INFO] [0mmain (main.c:237) - [HEARTBEAT] state=roamlink_active csq=31 SRV:N/A RAT:N/A DENY:N/A RSRP:N/A RSRQ:N/A SNR:N/A RSSI:N/A tcp_fail=0 rl_fail=0
1970-01-01 02:57:16.583 [INFO] [0mmain (main.c:237) - [HEARTBEAT] state=roamlink_active csq=17 SRV:N/A RAT:N/A DENY:N/A RSRP:N/A RSRQ:N/A SNR:N/A RSSI:N/A tcp_fail=0 rl_fail=0
1970-01-01 02:58:16.832 [INFO] [0mmain (main.c:237) - [HEARTBEAT] state=roamlink_active csq=31 SRV:N/A RAT:N/A DENY:N/A RSRP:N/A RSRQ:N/A SNR:N/A RSSI:N/A tcp_fail=0 rl_fail=0
1970-01-01 02:58:16.866 [INFO] [0mmain (main.c:262) - [HEARTBEAT] OPER:N/A cereg=1 cellid=99D991 pci=345 tac=755C rsrp=-101dBm rsrq=-3dB ifname=rmnet_data0 ip=10.206.161.172 rx_packets=5072
1970-01-01 02:59:17.056 [INFO] [0mmain (main.c:237) - [HEARTBEAT] state=roamlink_active csq=31 SRV:N/A RAT:N/A DENY:N/A RSRP:N/A RSRQ:N/A SNR:N/A RSSI:N/A tcp_fail=0 rl_fail=0
1970-01-01 03:00:17.314 [INFO] [0mmain (main.c:237) - [HEARTBEAT] state=roamlink_active csq=31 SRV:N/A RAT:N/A DENY:N/A RSRP:N/A RSRQ:N/A SNR:N/A RSSI:N/A tcp_fail=0 rl_fail=0
1970-01-01 03:01:17.516 [INFO] [0mmain (main.c:237) - [HEARTBEAT] state=roamlink_active csq=30 SRV:N/A RAT:N/A DENY:N/A RSRP:N/A RSRQ:N/A SNR:N/A RSSI:N/A tcp_fail=0 rl_fail=0
1970-01-01 03:02:17.743 [INFO] [0mmain (main.c:237) - [HEARTBEAT] state=roamlink_active csq=30 SRV:N/A RAT:N/A DENY:N/A RSRP:N/A RSRQ:N/A SNR:N/A RSSI:N/A tcp_fail=0 rl_fail=0
1970-01-01 03:03:17.963 [INFO] [0mmain (main.c:237) - [HEARTBEAT] state=roamlink_active csq=31 SRV:N/A RAT:N/A DENY:N/A RSRP:N/A RSRQ:N/A SNR:N/A RSSI:N/A tcp_fail=0 rl_fail=0
1970-01-01 03:03:17.989 [INFO] [0mmain (main.c:262) - [HEARTBEAT] OPER:N/A cereg=1 cellid=99D991 pci=345 tac=755C rsrp=-78dBm rsrq=-8dB ifname=rmnet_data0 ip=10.206.161.172 rx_packets=5316
1970-01-01 03:04:18.229 [INFO] [0mmain (main.c:237) - [HEARTBEAT] state=roamlink_active csq=30 SRV:N/A RAT:N/A DENY:N/A RSRP:N/A RSRQ:N/A SNR:N/A RSSI:N/A tcp_fail=0 rl_fail=0
1970-01-01 03:05:18.439 [INFO] [0mmain (main.c:237) - [HEARTBEAT] state=roamlink_active csq=30 SRV:N/A RAT:N/A DENY:N/A RSRP:N/A RSRQ:N/A SNR:N/A RSSI:N/A tcp_fail=0 rl_fail=0
1970-01-01 03:06:18.663 [INFO] [0mmain (main.c:237) - [HEARTBEAT] state=roamlink_active csq=29 SRV:N/A RAT:N/A DENY:N/A RSRP:N/A RSRQ:N/A SNR:N/A RSSI:N/A tcp_fail=0 rl_fail=0
1970-01-01 03:07:18.949 [INFO] [0mmain (main.c:237) - [HEARTBEAT] state=roamlink_active csq=31 SRV:N/A RAT:N/A DENY:N/A RSRP:N/A RSRQ:N/A SNR:N/A RSSI:N/A tcp_fail=0 rl_fail=0
1970-01-01 03:08:19.235 [INFO] [0mmain (main.c:237) - [HEARTBEAT] state=roamlink_active csq=30 SRV:N/A RAT:N/A DENY:N/A RSRP:N/A RSRQ:N/A SNR:N/A RSSI:N/A tcp_fail=0 rl_fail=0
1970-01-01 03:08:19.262 [INFO] [0mmain (main.c:262) - [HEARTBEAT] OPER:N/A cereg=1 cellid=99D991 pci=345 tac=755C rsrp=-79dBm rsrq=-8dB ifname=rmnet_data0 ip=10.206.161.172 rx_packets=5547
1970-01-01 03:09:19.491 [INFO] [0mmain (main.c:237) - [HEARTBEAT] state=roamlink_active csq=29 SRV:N/A RAT:N/A DENY:N/A RSRP:N/A RSRQ:N/A SNR:N/A RSSI:N/A tcp_fail=0 rl_fail=0
1970-01-01 03:10:02.703 [INFO] [0mmain (main.c:180) - DIAL Version: 1.29.15

1970-01-01 03:10:02.748 [INFO] [0mroamlink_read_policy (roamlink.c:337) - roamlink: network_select = 1
1970-01-01 03:10:02.749 [INFO] [0mroamlink_probe (roamlink.c:98) - roamlink: probe OK (RBMaster + conf.ini + license valid, size=24304 bytes)
1970-01-01 03:10:02.749 [INFO] [0mprint_init_info (main.c:133) - [INIT] policy=1
1970-01-01 03:10:02.765 [INFO] [0mprint_init_info (main.c:140) - [INIT] IMEI: 867929068567918
1970-01-01 03:10:02.780 [INFO] [0mprint_init_info (main.c:144) - [INIT] FW: EG25GGBR07A08M2G_OCPU_30.200.30.200
1970-01-01 03:10:02.811 [INFO] [0mprint_init_info (main.c:162) - [INIT] COPS: +COPS: 0,0,"CHN-CT",7 (mode=0 auto) | CEREG: +CEREG: 0,1
1970-01-01 03:10:02.820 [INFO] [0mdial_task (dial.c:922) - state: (start) -> none
1970-01-01 03:10:02.832 [INFO] [0mroamlink_is_master_running (roamlink.c:385) - roamlink: RBMaster running (found in /proc)
1970-01-01 03:10:02.833 [INFO] [0mroamlink_start_master (roamlink.c:477) - roamlink: RBMaster already running, skip
1970-01-01 03:10:02.833 [INFO] [0mdial_task (dial.c:973) - dial: policy=1, initial channel: Roamlink
1970-01-01 03:10:02.849 [INFO] [0mroamlink_start_service (roamlink.c:676) - roamlink_start: AT+COPS=0 OK
1970-01-01 03:10:02.851 [INFO] [0mroamlink_send_cmd (roamlink.c:617) - roamlink_send_cmd: sent "RBstartServiceMaster" to 127.0.0.1:5568
1970-01-01 03:10:02.854 [INFO] [0mroamlink_start_service (roamlink.c:688) - roamlink_start: Roamlink service started, network_type=2
1970-01-01 03:10:03.855 [INFO] [0mdial_task (dial.c:922) - state: none -> roamlink_starting
1970-01-01 03:10:04.245 [INFO] [0mdial_task (dial.c:1698) - Roamlink connected, entering active state
1970-01-01 03:10:15.258 [INFO] [0mdial_task (dial.c:922) - state: roamlink_starting -> roamlink_active
1970-01-01 03:10:39.623 [INFO] [0mdial_task (dial.c:1882) - Roamlink biz OK: rx_packets 5615 -> 5649 (summary, interval 7383s)
1970-01-01 03:11:03.093 [INFO] [0mmain (main.c:237) - [HEARTBEAT] state=roamlink_active csq=31 SRV:N/A RAT:N/A DENY:N/A RSRP:N/A RSRQ:N/A SNR:N/A RSSI:N/A tcp_fail=0 rl_fail=0
1970-01-01 03:11:11.777 [INFO] [0mmain (main.c:180) - DIAL Version: 1.29.15

1970-01-01 03:11:11.814 [INFO] [0mroamlink_read_policy (roamlink.c:337) - roamlink: network_select = 1
1970-01-01 03:11:11.815 [INFO] [0mroamlink_probe (roamlink.c:98) - roamlink: probe OK (RBMaster + conf.ini + license valid, size=24304 bytes)
1970-01-01 03:11:11.815 [INFO] [0mprint_init_info (main.c:133) - [INIT] policy=1
1970-01-01 03:11:11.828 [INFO] [0mprint_init_info (main.c:140) - [INIT] IMEI: 867929068567918
1970-01-01 03:11:11.840 [INFO] [0mprint_init_info (main.c:144) - [INIT] FW: EG25GGBR07A08M2G_OCPU_30.200.30.200
1970-01-01 03:11:11.865 [INFO] [0mprint_init_info (main.c:162) - [INIT] COPS: +COPS: 0,0,"CHN-CT",7 (mode=0 auto) | CEREG: +CEREG: 0,1
1970-01-01 03:11:11.881 [INFO] [0mdial_task (dial.c:922) - state: (start) -> none
1970-01-01 03:11:11.896 [INFO] [0mroamlink_is_master_running (roamlink.c:385) - roamlink: RBMaster running (found in /proc)
1970-01-01 03:11:11.896 [INFO] [0mroamlink_start_master (roamlink.c:477) - roamlink: RBMaster already running, skip
1970-01-01 03:11:11.896 [INFO] [0mdial_task (dial.c:973) - dial: policy=1, initial channel: Roamlink
1970-01-01 03:11:11.908 [INFO] [0mroamlink_start_service (roamlink.c:676) - roamlink_start: AT+COPS=0 OK
1970-01-01 03:11:11.909 [INFO] [0mroamlink_send_cmd (roamlink.c:617) - roamlink_send_cmd: sent "RBstartServiceMaster" to 127.0.0.1:5568
1970-01-01 03:11:11.910 [INFO] [0mroamlink_start_service (roamlink.c:688) - roamlink_start: Roamlink service started, network_type=2
1970-01-01 03:11:12.910 [INFO] [0mdial_task (dial.c:922) - state: none -> roamlink_starting
1970-01-01 03:11:13.211 [INFO] [0mdial_task (dial.c:1698) - Roamlink connected, entering active state
1970-01-01 03:11:24.224 [INFO] [0mdial_task (dial.c:922) - state: roamlink_starting -> roamlink_active
1970-01-01 03:11:32.893 [INFO] [0mmain (main.c:180) - DIAL Version: 1.29.15

1970-01-01 03:11:32.928 [INFO] [0mroamlink_read_policy (roamlink.c:337) - roamlink: network_select = 1
1970-01-01 03:11:32.928 [INFO] [0mroamlink_probe (roamlink.c:98) - roamlink: probe OK (RBMaster + conf.ini + license valid, size=24304 bytes)
1970-01-01 03:11:32.928 [INFO] [0mprint_init_info (main.c:133) - [INIT] policy=1
1970-01-01 03:11:32.941 [INFO] [0mprint_init_info (main.c:140) - [INIT] IMEI: 867929068567918
1970-01-01 03:11:32.953 [INFO] [0mprint_init_info (main.c:144) - [INIT] FW: EG25GGBR07A08M2G_OCPU_30.200.30.200
1970-01-01 03:11:32.979 [INFO] [0mprint_init_info (main.c:162) - [INIT] COPS: +COPS: 0,0,"CHN-CT",7 (mode=0 auto) | CEREG: +CEREG: 0,1
1970-01-01 03:11:32.988 [INFO] [0mdial_task (dial.c:922) - state: (start) -> none
1970-01-01 03:11:33.002 [INFO] [0mroamlink_is_master_running (roamlink.c:385) - roamlink: RBMaster running (found in /proc)
1970-01-01 03:11:33.002 [INFO] [0mroamlink_start_master (roamlink.c:477) - roamlink: RBMaster already running, skip
1970-01-01 03:11:33.003 [INFO] [0mdial_task (dial.c:973) - dial: policy=1, initial channel: Roamlink
1970-01-01 03:11:33.016 [INFO] [0mroamlink_start_service (roamlink.c:676) - roamlink_start: AT+COPS=0 OK
1970-01-01 03:11:33.018 [INFO] [0mroamlink_send_cmd (roamlink.c:617) - roamlink_send_cmd: sent "RBstartServiceMaster" to 127.0.0.1:5568
1970-01-01 03:11:33.020 [INFO] [0mroamlink_start_service (roamlink.c:688) - roamlink_start: Roamlink service started, network_type=2
1970-01-01 03:11:34.020 [INFO] [0mdial_task (dial.c:922) - state: none -> roamlink_starting
1970-01-01 03:11:34.346 [INFO] [0mdial_task (dial.c:1698) - Roamlink connected, entering active state
1970-01-01 03:11:45.357 [INFO] [0mdial_task (dial.c:922) - state: roamlink_starting -> roamlink_active
1970-01-01 03:11:48.540 [INFO] [0mdial_task (dial.c:1882) - Roamlink biz OK: rx_packets 5678 -> 5704 (summary, interval 7452s)
1970-01-01 03:12:09.730 [INFO] [0mdial_task (dial.c:1882) - Roamlink biz OK: rx_packets 5694 -> 5725 (summary, interval 7473s)
1970-01-01 03:12:12.135 [INFO] [0mmain (main.c:237) - [HEARTBEAT] state=roamlink_active csq=30 SRV:N/A RAT:N/A DENY:N/A RSRP:N/A RSRQ:N/A SNR:N/A RSSI:N/A tcp_fail=0 rl_fail=0
1970-01-01 03:12:33.221 [INFO] [0mmain (main.c:237) - [HEARTBEAT] state=roamlink_active csq=30 SRV:N/A RAT:N/A DENY:N/A RSRP:N/A RSRQ:N/A SNR:N/A RSSI:N/A tcp_fail=0 rl_fail=0
1970-01-01 03:13:33.441 [INFO] [0mmain (main.c:237) - [HEARTBEAT] state=roamlink_active csq=29 SRV:N/A RAT:N/A DENY:N/A RSRP:N/A RSRQ:N/A SNR:N/A RSSI:N/A tcp_fail=0 rl_fail=0
1970-01-01 03:14:33.659 [INFO] [0mmain (main.c:237) - [HEARTBEAT] state=roamlink_active csq=29 SRV:N/A RAT:N/A DENY:N/A RSRP:N/A RSRQ:N/A SNR:N/A RSSI:N/A tcp_fail=0 rl_fail=0
1970-01-01 03:15:33.952 [INFO] [0mmain (main.c:237) - [HEARTBEAT] state=roamlink_active csq=28 SRV:N/A RAT:N/A DENY:N/A RSRP:N/A RSRQ:N/A SNR:N/A RSSI:N/A tcp_fail=0 rl_fail=0
1970-01-01 03:16:34.229 [INFO] [0mmain (main.c:237) - [HEARTBEAT] state=roamlink_active csq=31 SRV:N/A RAT:N/A DENY:N/A RSRP:N/A RSRQ:N/A SNR:N/A RSSI:N/A tcp_fail=0 rl_fail=0
1970-01-01 03:16:34.259 [INFO] [0mmain (main.c:262) - [HEARTBEAT] OPER:N/A cereg=1 cellid=99D991 pci=345 tac=755C rsrp=-81dBm rsrq=-6dB ifname=rmnet_data0 ip=10.206.161.172 rx_packets=5927
1970-01-01 03:17:34.529 [INFO] [0mmain (main.c:237) - [HEARTBEAT] state=roamlink_active csq=16 SRV:N/A RAT:N/A DENY:N/A RSRP:N/A RSRQ:N/A SNR:N/A RSSI:N/A tcp_fail=0 rl_fail=0
1970-01-01 03:18:34.786 [INFO] [0mmain (main.c:237) - [HEARTBEAT] state=roamlink_active csq=31 SRV:N/A RAT:N/A DENY:N/A RSRP:N/A RSRQ:N/A SNR:N/A RSSI:N/A tcp_fail=0 rl_fail=0
1970-01-01 03:19:35.021 [INFO] [0mmain (main.c:237) - [HEARTBEAT] state=roamlink_active csq=29 SRV:N/A RAT:N/A DENY:N/A RSRP:N/A RSRQ:N/A SNR:N/A RSSI:N/A tcp_fail=0 rl_fail=0
1970-01-01 03:20:35.261 [INFO] [0mmain (main.c:237) - [HEARTBEAT] state=roamlink_active csq=29 SRV:N/A RAT:N/A DENY:N/A RSRP:N/A RSRQ:N/A SNR:N/A RSSI:N/A tcp_fail=0 rl_fail=0
1970-01-01 03:21:35.542 [INFO] [0mmain (main.c:237) - [HEARTBEAT] state=roamlink_active csq=28 SRV:N/A RAT:N/A DENY:N/A RSRP:N/A RSRQ:N/A SNR:N/A RSSI:N/A tcp_fail=0 rl_fail=0
1970-01-01 03:21:35.569 [INFO] [0mmain (main.c:262) - [HEARTBEAT] OPER:N/A cereg=1 cellid=99D991 pci=345 tac=755C rsrp=-83dBm rsrq=-6dB ifname=rmnet_data0 ip=10.206.161.172 rx_packets=6160
1970-01-01 03:22:35.775 [INFO] [0mmain (main.c:237) - [HEARTBEAT] state=roamlink_active csq=29 SRV:N/A RAT:N/A DENY:N/A RSRP:N/A RSRQ:N/A SNR:N/A RSSI:N/A tcp_fail=0 rl_fail=0
1970-01-01 03:23:36.057 [INFO] [0mmain (main.c:237) - [HEARTBEAT] state=roamlink_active csq=28 SRV:N/A RAT:N/A DENY:N/A RSRP:N/A RSRQ:N/A SNR:N/A RSSI:N/A tcp_fail=0 rl_fail=0
1970-01-01 03:24:36.327 [INFO] [0mmain (main.c:237) - [HEARTBEAT] state=roamlink_active csq=30 SRV:N/A RAT:N/A DENY:N/A RSRP:N/A RSRQ:N/A SNR:N/A RSSI:N/A tcp_fail=0 rl_fail=0
1970-01-01 03:25:36.575 [INFO] [0mmain (main.c:237) - [HEARTBEAT] state=roamlink_active csq=15 SRV:N/A RAT:N/A DENY:N/A RSRP:N/A RSRQ:N/A SNR:N/A RSSI:N/A tcp_fail=0 rl_fail=0
1970-01-01 03:26:36.799 [INFO] [0mmain (main.c:237) - [HEARTBEAT] state=roamlink_active csq=29 SRV:N/A RAT:N/A DENY:N/A RSRP:N/A RSRQ:N/A SNR:N/A RSSI:N/A tcp_fail=0 rl_fail=0
1970-01-01 03:26:36.827 [INFO] [0mmain (main.c:262) - [HEARTBEAT] OPER:N/A cereg=1 cellid=99D991 pci=345 tac=755C rsrp=-81dBm rsrq=-6dB ifname=rmnet_data0 ip=10.206.161.172 rx_packets=6395
1970-01-01 03:27:37.049 [INFO] [0mmain (main.c:237) - [HEARTBEAT] state=roamlink_active csq=16 SRV:N/A RAT:N/A DENY:N/A RSRP:N/A RSRQ:N/A SNR:N/A RSSI:N/A tcp_fail=0 rl_fail=0
1970-01-01 00:00:24.213 [INFO] [0mmain (main.c:180) - DIAL Version: 1.29.15

1970-01-01 00:00:24.289 [INFO] [0mroamlink_read_policy (roamlink.c:337) - roamlink: network_select = 1
1970-01-01 00:00:24.398 [INFO] [0mroamlink_probe (roamlink.c:98) - roamlink: probe OK (RBMaster + conf.ini + license valid, size=24304 bytes)
1970-01-01 00:00:24.400 [INFO] [0mprint_init_info (main.c:133) - [INIT] policy=1
1970-01-01 00:00:24.436 [INFO] [0mprint_init_info (main.c:140) - [INIT] IMEI: 867929068567918
1970-01-01 00:00:24.449 [INFO] [0mprint_init_info (main.c:144) - [INIT] FW: EG25GGBR07A08M2G_OCPU_30.200.30.200
1970-01-01 00:00:24.474 [INFO] [0mprint_init_info (main.c:162) - [INIT] COPS: +COPS: 0,0,"CHN-UNICOM",7 (mode=0 auto) | CEREG: +CEREG: 0,5
1970-01-01 00:00:24.509 [INFO] [0mdial_task (dial.c:922) - state: (start) -> none
1970-01-01 00:00:24.556 [INFO] [0mroamlink_is_master_running (roamlink.c:391) - roamlink: RBMaster process not found in /proc
1970-01-01 00:00:24.556 [INFO] [0mroamlink_start_master (roamlink.c:481) - roamlink: starting RBMaster...
1970-01-01 00:00:24.557 [INFO] [0mroamlink_start_master (roamlink.c:522) - roamlink: RBMaster forked (pid=1066), waiting 3s
1970-01-01 00:00:27.558 [INFO] [0mdial_task (dial.c:973) - dial: policy=1, initial channel: Roamlink
1970-01-01 00:00:27.571 [INFO] [0mroamlink_start_service (roamlink.c:676) - roamlink_start: AT+COPS=0 OK
1970-01-01 00:00:27.572 [INFO] [0mroamlink_send_cmd (roamlink.c:617) - roamlink_send_cmd: sent "RBstartServiceMaster" to 127.0.0.1:5568
1970-01-01 00:00:27.572 [INFO] [0mroamlink_start_service (roamlink.c:688) - roamlink_start: Roamlink service started, network_type=2
1970-01-01 00:00:28.573 [INFO] [0mdial_task (dial.c:922) - state: none -> roamlink_starting
1970-01-01 00:00:28.661 [ERROR] [0mnw_tcp_connectivity_test (nw.c:885) - tcp_test: connect() failed immediately: Network is unreachable
1970-01-01 00:00:28.662 [INFO] [0mdial_task (dial.c:1773) - Roamlink not yet connected, waited 4s / 300s
1970-01-01 00:00:39.662 [ERROR] [0mnw_tcp_connectivity_test (nw.c:885) - tcp_test: connect() failed immediately: Network is unreachable
1970-01-01 00:00:50.971 [ERROR] [0mnw_tcp_connectivity_test (nw.c:908) - tcp_test: connect failed: Connection refused
1970-01-01 00:01:01.982 [ERROR] [0mnw_tcp_connectivity_test (nw.c:885) - tcp_test: connect() failed immediately: Network is unreachable
1970-01-01 00:01:13.547 [INFO] [0mdial_task (dial.c:1698) - Roamlink connected, entering active state
1970-01-01 00:01:24.560 [INFO] [0mdial_task (dial.c:922) - state: roamlink_starting -> roamlink_active
1970-01-01 00:01:24.844 [INFO] [0mmain (main.c:237) - [HEARTBEAT] state=roamlink_active csq=20 SRV:N/A RAT:N/A DENY:N/A RSRP:N/A RSRQ:N/A SNR:N/A RSSI:N/A tcp_fail=0 rl_fail=0
1970-01-01 00:01:49.113 [INFO] [0mdial_task (dial.c:1882) - Roamlink biz OK: rx_packets 17 -> 56 (summary, interval 98s)
1970-01-01 00:02:25.108 [INFO] [0mmain (main.c:237) - [HEARTBEAT] state=roamlink_active csq=18 SRV:N/A RAT:N/A DENY:N/A RSRP:N/A RSRQ:N/A SNR:N/A RSSI:N/A tcp_fail=0 rl_fail=0
1970-01-01 00:03:25.345 [INFO] [0mmain (main.c:237) - [HEARTBEAT] state=roamlink_active csq=19 SRV:N/A RAT:N/A DENY:N/A RSRP:N/A RSRQ:N/A SNR:N/A RSSI:N/A tcp_fail=0 rl_fail=0
1970-01-01 00:04:25.640 [INFO] [0mmain (main.c:237) - [HEARTBEAT] state=roamlink_active csq=20 SRV:N/A RAT:N/A DENY:N/A RSRP:N/A RSRQ:N/A SNR:N/A RSSI:N/A tcp_fail=0 rl_fail=0
1970-01-01 00:05:25.917 [INFO] [0mmain (main.c:237) - [HEARTBEAT] state=roamlink_active csq=18 SRV:N/A RAT:N/A DENY:N/A RSRP:N/A RSRQ:N/A SNR:N/A RSSI:N/A tcp_fail=0 rl_fail=0
1970-01-01 00:05:25.946 [INFO] [0mmain (main.c:262) - [HEARTBEAT] OPER:N/A cereg=1 cellid=99D991 pci=345 tac=755C rsrp=-103dBm rsrq=-7dB ifname=rmnet_data0 ip=10.49.70.142 rx_packets=243
1970-01-01 00:06:26.215 [INFO] [0mmain (main.c:237) - [HEARTBEAT] state=roamlink_active csq=21 SRV:N/A RAT:N/A DENY:N/A RSRP:N/A RSRQ:N/A SNR:N/A RSSI:N/A tcp_fail=0 rl_fail=0
1970-01-01 00:07:26.481 [INFO] [0mmain (main.c:237) - [HEARTBEAT] state=roamlink_active csq=19 SRV:N/A RAT:N/A DENY:N/A RSRP:N/A RSRQ:N/A SNR:N/A RSSI:N/A tcp_fail=0 rl_fail=0
1970-01-01 00:08:26.774 [INFO] [0mmain (main.c:237) - [HEARTBEAT] state=roamlink_active csq=17 SRV:N/A RAT:N/A DENY:N/A RSRP:N/A RSRQ:N/A SNR:N/A RSSI:N/A tcp_fail=0 rl_fail=0
1970-01-01 00:09:27.054 [INFO] [0mmain (main.c:237) - [HEARTBEAT] state=roamlink_active csq=14 SRV:N/A RAT:N/A DENY:N/A RSRP:N/A RSRQ:N/A SNR:N/A RSSI:N/A tcp_fail=0 rl_fail=0
1970-01-01 00:10:27.338 [INFO] [0mmain (main.c:237) - [HEARTBEAT] state=roamlink_active csq=18 SRV:N/A RAT:N/A DENY:N/A RSRP:N/A RSRQ:N/A SNR:N/A RSSI:N/A tcp_fail=0 rl_fail=0
1970-01-01 00:10:27.364 [INFO] [0mmain (main.c:262) - [HEARTBEAT] OPER:N/A cereg=1 cellid=99D991 pci=345 tac=755C rsrp=-108dBm rsrq=-8dB ifname=rmnet_data0 ip=10.49.70.142 rx_packets=469
1970-01-01 00:11:27.610 [INFO] [0mmain (main.c:237) - [HEARTBEAT] state=roamlink_active csq=15 SRV:N/A RAT:N/A DENY:N/A RSRP:N/A RSRQ:N/A SNR:N/A RSSI:N/A tcp_fail=0 rl_fail=0
1970-01-01 00:12:27.847 [INFO] [0mmain (main.c:237) - [HEARTBEAT] state=roamlink_active csq=18 SRV:N/A RAT:N/A DENY:N/A RSRP:N/A RSRQ:N/A SNR:N/A RSSI:N/A tcp_fail=0 rl_fail=0
1970-01-01 00:13:28.095 [INFO] [0mmain (main.c:237) - [HEARTBEAT] state=roamlink_active csq=15 SRV:N/A RAT:N/A DENY:N/A RSRP:N/A RSRQ:N/A SNR:N/A RSSI:N/A tcp_fail=0 rl_fail=0
1970-01-01 00:14:28.364 [INFO] [0mmain (main.c:237) - [HEARTBEAT] state=roamlink_active csq=11 SRV:N/A RAT:N/A DENY:N/A RSRP:N/A RSRQ:N/A SNR:N/A RSSI:N/A tcp_fail=0 rl_fail=0
1970-01-01 00:15:28.647 [INFO] [0mmain (main.c:237) - [HEARTBEAT] state=roamlink_active csq=14 SRV:N/A RAT:N/A DENY:N/A RSRP:N/A RSRQ:N/A SNR:N/A RSSI:N/A tcp_fail=0 rl_fail=0
1970-01-01 00:15:28.676 [INFO] [0mmain (main.c:262) - [HEARTBEAT] OPER:N/A cereg=1 cellid=99D991 pci=345 tac=755C rsrp=-111dBm rsrq=-8dB ifname=rmnet_data0 ip=10.49.70.142 rx_packets=690
1970-01-01 00:16:28.939 [INFO] [0mmain (main.c:237) - [HEARTBEAT] state=roamlink_active csq=12 SRV:N/A RAT:N/A DENY:N/A RSRP:N/A RSRQ:N/A SNR:N/A RSSI:N/A tcp_fail=0 rl_fail=0
1970-01-01 00:17:29.219 [INFO] [0mmain (main.c:237) - [HEARTBEAT] state=roamlink_active csq=17 SRV:N/A RAT:N/A DENY:N/A RSRP:N/A RSRQ:N/A SNR:N/A RSSI:N/A tcp_fail=0 rl_fail=0
1970-01-01 00:18:29.472 [INFO] [0mmain (main.c:237) - [HEARTBEAT] state=roamlink_active csq=17 SRV:N/A RAT:N/A DENY:N/A RSRP:N/A RSRQ:N/A SNR:N/A RSSI:N/A tcp_fail=0 rl_fail=0
1970-01-01 00:19:29.744 [INFO] [0mmain (main.c:237) - [HEARTBEAT] state=roamlink_active csq=17 SRV:N/A RAT:N/A DENY:N/A RSRP:N/A RSRQ:N/A SNR:N/A RSSI:N/A tcp_fail=0 rl_fail=0
1970-01-01 00:20:29.994 [INFO] [0mmain (main.c:237) - [HEARTBEAT] state=roamlink_active csq=16 SRV:N/A RAT:N/A DENY:N/A RSRP:N/A RSRQ:N/A SNR:N/A RSSI:N/A tcp_fail=0 rl_fail=0
1970-01-01 00:20:30.021 [INFO] [0mmain (main.c:262) - [HEARTBEAT] OPER:N/A cereg=1 cellid=99D991 pci=345 tac=755C rsrp=-109dBm rsrq=-9dB ifname=rmnet_data0 ip=10.49.70.142 rx_packets=915
1970-01-01 00:21:30.250 [INFO] [0mmain (main.c:237) - [HEARTBEAT] state=roamlink_active csq=15 SRV:N/A RAT:N/A DENY:N/A RSRP:N/A RSRQ:N/A SNR:N/A RSSI:N/A tcp_fail=0 rl_fail=0
1970-01-01 00:22:30.512 [INFO] [0mmain (main.c:237) - [HEARTBEAT] state=roamlink_active csq=15 SRV:N/A RAT:N/A DENY:N/A RSRP:N/A RSRQ:N/A SNR:N/A RSSI:N/A tcp_fail=0 rl_fail=0
1970-01-01 00:23:30.768 [INFO] [0mmain (main.c:237) - [HEARTBEAT] state=roamlink_active csq=14 SRV:N/A RAT:N/A DENY:N/A RSRP:N/A RSRQ:N/A SNR:N/A RSSI:N/A tcp_fail=0 rl_fail=0
1970-01-01 00:24:31.039 [INFO] [0mmain (main.c:237) - [HEARTBEAT] state=roamlink_active csq=17 SRV:N/A RAT:N/A DENY:N/A RSRP:N/A RSRQ:N/A SNR:N/A RSSI:N/A tcp_fail=0 rl_fail=0
1970-01-01 00:25:31.300 [INFO] [0mmain (main.c:237) - [HEARTBEAT] state=roamlink_active csq=16 SRV:N/A RAT:N/A DENY:N/A RSRP:N/A RSRQ:N/A SNR:N/A RSSI:N/A tcp_fail=0 rl_fail=0
1970-01-01 00:25:31.328 [INFO] [0mmain (main.c:262) - [HEARTBEAT] OPER:N/A cereg=1 cellid=99D991 pci=345 tac=755C rsrp=-110dBm rsrq=-8dB ifname=rmnet_data0 ip=10.49.70.142 rx_packets=1145
1970-01-01 00:26:31.568 [INFO] [0mmain (main.c:237) - [HEARTBEAT] state=roamlink_active csq=10 SRV:N/A RAT:N/A DENY:N/A RSRP:N/A RSRQ:N/A SNR:N/A RSSI:N/A tcp_fail=0 rl_fail=0
1970-01-01 00:27:31.844 [INFO] [0mmain (main.c:237) - [HEARTBEAT] state=roamlink_active csq=15 SRV:N/A RAT:N/A DENY:N/A RSRP:N/A RSRQ:N/A SNR:N/A RSSI:N/A tcp_fail=0 rl_fail=0
1970-01-01 00:28:32.061 [INFO] [0mmain (main.c:237) - [HEARTBEAT] state=roamlink_active csq=18 SRV:N/A RAT:N/A DENY:N/A RSRP:N/A RSRQ:N/A SNR:N/A RSSI:N/A tcp_fail=0 rl_fail=0
1970-01-01 00:29:32.317 [INFO] [0mmain (main.c:237) - [HEARTBEAT] state=roamlink_active csq=16 SRV:N/A RAT:N/A DENY:N/A RSRP:N/A RSRQ:N/A SNR:N/A RSSI:N/A tcp_fail=0 rl_fail=0
1970-01-01 00:30:32.560 [INFO] [0mmain (main.c:237) - [HEARTBEAT] state=roamlink_active csq=18 SRV:N/A RAT:N/A DENY:N/A RSRP:N/A RSRQ:N/A SNR:N/A RSSI:N/A tcp_fail=0 rl_fail=0
1970-01-01 00:30:32.588 [INFO] [0mmain (main.c:262) - [HEARTBEAT] OPER:N/A cereg=1 cellid=99D991 pci=345 tac=755C rsrp=-110dBm rsrq=-8dB ifname=rmnet_data0 ip=10.49.70.142 rx_packets=1396
1970-01-01 00:31:32.890 [INFO] [0mmain (main.c:237) - [HEARTBEAT] state=roamlink_active csq=17 SRV:N/A RAT:N/A DENY:N/A RSRP:N/A RSRQ:N/A SNR:N/A RSSI:N/A tcp_fail=0 rl_fail=0
1970-01-01 00:32:33.147 [INFO] [0mmain (main.c:237) - [HEARTBEAT] state=roamlink_active csq=18 SRV:N/A RAT:N/A DENY:N/A RSRP:N/A RSRQ:N/A SNR:N/A RSSI:N/A tcp_fail=0 rl_fail=0
1970-01-01 00:33:27.215 [INFO] [0mmain (main.c:180) - DIAL Version: 1.29.15

1970-01-01 00:33:27.283 [INFO] [0mroamlink_read_policy (roamlink.c:337) - roamlink: network_select = 1
1970-01-01 00:33:27.354 [INFO] [0mroamlink_probe (roamlink.c:98) - roamlink: probe OK (RBMaster + conf.ini + license valid, size=24304 bytes)
1970-01-01 00:33:27.402 [INFO] [0mprint_init_info (main.c:133) - [INIT] policy=1
1970-01-01 00:33:27.427 [INFO] [0mprint_init_info (main.c:140) - [INIT] IMEI: 867929068567918
1970-01-01 00:33:27.439 [INFO] [0mprint_init_info (main.c:144) - [INIT] FW: EG25GGBR07A08M2G_OCPU_30.200.30.200
1970-01-01 00:33:27.465 [INFO] [0mprint_init_info (main.c:162) - [INIT] COPS: +COPS: 0,0,"CHN-UNICOM",7 (mode=0 auto) | CEREG: +CEREG: 0,5
1970-01-01 00:33:27.472 [INFO] [0mdial_task (dial.c:922) - state: (start) -> none
1970-01-01 00:33:27.476 [INFO] [0mroamlink_is_master_running (roamlink.c:391) - roamlink: RBMaster process not found in /proc
1970-01-01 00:33:27.536 [INFO] [0mroamlink_start_master (roamlink.c:481) - roamlink: starting RBMaster...
1970-01-01 00:33:27.537 [INFO] [0mroamlink_start_master (roamlink.c:522) - roamlink: RBMaster forked (pid=885), waiting 3s
1970-01-01 00:33:30.537 [INFO] [0mdial_task (dial.c:973) - dial: policy=1, initial channel: Roamlink
1970-01-01 00:33:30.549 [INFO] [0mroamlink_start_service (roamlink.c:676) - roamlink_start: AT+COPS=0 OK
1970-01-01 00:33:30.550 [INFO] [0mroamlink_send_cmd (roamlink.c:617) - roamlink_send_cmd: sent "RBstartServiceMaster" to 127.0.0.1:5568
1970-01-01 00:33:30.550 [INFO] [0mroamlink_start_service (roamlink.c:688) - roamlink_start: Roamlink service started, network_type=2
1970-01-01 00:33:31.551 [INFO] [0mdial_task (dial.c:922) - state: none -> roamlink_starting
1970-01-01 00:33:31.552 [ERROR] [0mnw_tcp_connectivity_test (nw.c:885) - tcp_test: connect() failed immediately: Network is unreachable
1970-01-01 00:33:31.553 [INFO] [0mdial_task (dial.c:1773) - Roamlink not yet connected, waited 4s / 300s
1970-01-01 00:33:42.554 [ERROR] [0mnw_tcp_connectivity_test (nw.c:885) - tcp_test: connect() failed immediately: Network is unreachable
1970-01-01 00:33:53.935 [ERROR] [0mnw_tcp_connectivity_test (nw.c:908) - tcp_test: connect failed: Connection refused
1970-01-01 00:34:04.944 [ERROR] [0mnw_tcp_connectivity_test (nw.c:885) - tcp_test: connect() failed immediately: Network is unreachable
1970-01-01 00:34:15.945 [ERROR] [0mnw_tcp_connectivity_test (nw.c:885) - tcp_test: connect() failed immediately: Network is unreachable
1970-01-01 00:34:27.342 [INFO] [0mdial_task (dial.c:1698) - Roamlink connected, entering active state
1970-01-01 00:34:27.731 [INFO] [0mmain (main.c:237) - [HEARTBEAT] state=roamlink_active csq=15 SRV:N/A RAT:N/A DENY:N/A RSRP:N/A RSRQ:N/A SNR:N/A RSSI:N/A tcp_fail=0 rl_fail=0
1970-01-01 00:34:38.360 [INFO] [0mdial_task (dial.c:922) - state: roamlink_starting -> roamlink_active
1970-01-01 00:35:02.763 [INFO] [0mdial_task (dial.c:1882) - Roamlink biz OK: rx_packets 30 -> 54 (summary, interval 107s)
1970-01-01 00:35:27.977 [INFO] [0mmain (main.c:237) - [HEARTBEAT] state=roamlink_active csq=15 SRV:N/A RAT:N/A DENY:N/A RSRP:N/A RSRQ:N/A SNR:N/A RSSI:N/A tcp_fail=0 rl_fail=0
1970-01-01 00:36:28.220 [INFO] [0mmain (main.c:237) - [HEARTBEAT] state=roamlink_active csq=14 SRV:N/A RAT:N/A DENY:N/A RSRP:N/A RSRQ:N/A SNR:N/A RSSI:N/A tcp_fail=0 rl_fail=0
1970-01-01 00:37:28.516 [INFO] [0mmain (main.c:237) - [HEARTBEAT] state=roamlink_active csq=16 SRV:N/A RAT:N/A DENY:N/A RSRP:N/A RSRQ:N/A SNR:N/A RSSI:N/A tcp_fail=0 rl_fail=0
1970-01-01 00:38:28.775 [INFO] [0mmain (main.c:237) - [HEARTBEAT] state=roamlink_active csq=16 SRV:N/A RAT:N/A DENY:N/A RSRP:N/A RSRQ:N/A SNR:N/A RSSI:N/A tcp_fail=0 rl_fail=0
1970-01-01 00:38:28.804 [INFO] [0mmain (main.c:262) - [HEARTBEAT] OPER:N/A cereg=1 cellid=99D991 pci=345 tac=755C rsrp=-110dBm rsrq=-7dB ifname=rmnet_data0 ip=10.49.132.186 rx_packets=219
1970-01-01 00:39:29.103 [INFO] [0mmain (main.c:237) - [HEARTBEAT] state=roamlink_active csq=11 SRV:N/A RAT:N/A DENY:N/A RSRP:N/A RSRQ:N/A SNR:N/A RSSI:N/A tcp_fail=0 rl_fail=0
1970-01-01 00:40:29.379 [INFO] [0mmain (main.c:237) - [HEARTBEAT] state=roamlink_active csq=15 SRV:N/A RAT:N/A DENY:N/A RSRP:N/A RSRQ:N/A SNR:N/A RSSI:N/A tcp_fail=0 rl_fail=0
1970-01-01 00:41:29.626 [INFO] [0mmain (main.c:237) - [HEARTBEAT] state=roamlink_active csq=11 SRV:N/A RAT:N/A DENY:N/A RSRP:N/A RSRQ:N/A SNR:N/A RSSI:N/A tcp_fail=0 rl_fail=0
1970-01-01 00:42:21.263 [INFO] [0mmain (main.c:180) - DIAL Version: 1.29.15

1970-01-01 00:42:21.368 [INFO] [0mroamlink_read_policy (roamlink.c:337) - roamlink: network_select = 1
1970-01-01 00:42:21.418 [ERROR] [0mroamlink_probe (roamlink.c:93) - roamlink: license missing or empty at /usrdata/roamlink/etc/.pconfig/license.cer -> LICENSE_MISSING
1970-01-01 00:42:21.518 [INFO] [0mroamlink_license_restore_from_backup (roamlink.c:165) - roamlink: backup license restored to /usrdata/roamlink/etc/.pconfig/license.cer
1970-01-01 00:42:21.518 [INFO] [0mroamlink_probe (roamlink.c:98) - roamlink: probe OK (RBMaster + conf.ini + license valid, size=24304 bytes)
1970-01-01 00:42:21.519 [INFO] [0mdial_mng_new (dial.c:197) - roamlink: license restored from backup, available
1970-01-01 00:42:21.519 [INFO] [0mprint_init_info (main.c:133) - [INIT] policy=1
1970-01-01 00:42:21.551 [INFO] [0mprint_init_info (main.c:140) - [INIT] IMEI: 867929068567918
1970-01-01 00:42:21.563 [INFO] [0mprint_init_info (main.c:144) - [INIT] FW: EG25GGBR07A08M2G_OCPU_30.200.30.200
1970-01-01 00:42:21.587 [INFO] [0mprint_init_info (main.c:162) - [INIT] COPS: +COPS: 0,0,"CHN-UNICOM",7 (mode=0 auto) | CEREG: +CEREG: 0,5
1970-01-01 00:42:21.621 [INFO] [0mdial_task (dial.c:922) - state: (start) -> none
1970-01-01 00:42:21.642 [INFO] [0mroamlink_is_master_running (roamlink.c:391) - roamlink: RBMaster process not found in /proc
1970-01-01 00:42:21.653 [INFO] [0mroamlink_start_master (roamlink.c:481) - roamlink: starting RBMaster...
1970-01-01 00:42:21.654 [INFO] [0mroamlink_start_master (roamlink.c:522) - roamlink: RBMaster forked (pid=890), waiting 3s
1970-01-01 00:42:24.654 [INFO] [0mdial_task (dial.c:973) - dial: policy=1, initial channel: Roamlink
1970-01-01 00:42:24.666 [INFO] [0mroamlink_start_service (roamlink.c:676) - roamlink_start: AT+COPS=0 OK
1970-01-01 00:42:24.666 [INFO] [0mroamlink_send_cmd (roamlink.c:617) - roamlink_send_cmd: sent "RBstartServiceMaster" to 127.0.0.1:5568
1970-01-01 00:42:24.667 [INFO] [0mroamlink_start_service (roamlink.c:688) - roamlink_start: Roamlink service started, network_type=2
1970-01-01 00:42:25.667 [INFO] [0mdial_task (dial.c:922) - state: none -> roamlink_starting
1970-01-01 00:42:25.669 [ERROR] [0mnw_tcp_connectivity_test (nw.c:885) - tcp_test: connect() failed immediately: Network is unreachable
1970-01-01 00:42:25.669 [INFO] [0mdial_task (dial.c:1773) - Roamlink not yet connected, waited 4s / 300s
1970-01-01 00:42:36.670 [ERROR] [0mnw_tcp_connectivity_test (nw.c:885) - tcp_test: connect() failed immediately: Network is unreachable
1970-01-01 00:42:47.980 [ERROR] [0mnw_tcp_connectivity_test (nw.c:908) - tcp_test: connect failed: Connection refused
1970-01-01 00:42:58.988 [ERROR] [0mnw_tcp_connectivity_test (nw.c:885) - tcp_test: connect() failed immediately: Network is unreachable
1970-01-01 00:43:09.990 [ERROR] [0mnw_tcp_connectivity_test (nw.c:885) - tcp_test: connect() failed immediately: Network is unreachable
1970-01-01 00:43:21.322 [INFO] [0mdial_task (dial.c:1698) - Roamlink connected, entering active state
1970-01-01 00:43:21.852 [INFO] [0mmain (main.c:237) - [HEARTBEAT] state=roamlink_active csq=15 SRV:N/A RAT:N/A DENY:N/A RSRP:N/A RSRQ:N/A SNR:N/A RSSI:N/A tcp_fail=0 rl_fail=0
1970-01-01 00:43:32.339 [INFO] [0mdial_task (dial.c:922) - state: roamlink_starting -> roamlink_active
1970-01-01 00:43:56.785 [INFO] [0mdial_task (dial.c:1882) - Roamlink biz OK: rx_packets 32 -> 63 (summary, interval 107s)
1970-01-01 00:44:22.108 [INFO] [0mmain (main.c:237) - [HEARTBEAT] state=roamlink_active csq=18 SRV:N/A RAT:N/A DENY:N/A RSRP:N/A RSRQ:N/A SNR:N/A RSSI:N/A tcp_fail=0 rl_fail=0
1970-01-01 00:44:57.287 [ERROR] [0mnw_tcp_connectivity_test (nw.c:885) - tcp_test: connect() failed immediately: Network is unreachable
1970-01-01 00:44:57.288 [ERROR] [0mdial_task (dial.c:1979) - Roamlink tcp test failed, count: 1 / 3
1970-01-01 00:45:38.253 [INFO] [0mmain (main.c:180) - DIAL Version: 1.29.15

1970-01-01 00:45:38.336 [INFO] [0mroamlink_read_policy (roamlink.c:337) - roamlink: network_select = 1
1970-01-01 00:45:38.382 [INFO] [0mroamlink_probe (roamlink.c:98) - roamlink: probe OK (RBMaster + conf.ini + license valid, size=24304 bytes)
1970-01-01 00:45:38.482 [INFO] [0mroamlink_license_write_backup (roamlink.c:258) - roamlink: license backed up to /data/ufs/license.cer
1970-01-01 00:45:38.482 [INFO] [0mdial_mng_new (dial.c:128) - roamlink: backup written (was missing)
1970-01-01 00:45:38.483 [INFO] [0mprint_init_info (main.c:133) - [INIT] policy=1
1970-01-01 00:45:38.507 [INFO] [0mprint_init_info (main.c:140) - [INIT] IMEI: 867929068567918
1970-01-01 00:45:38.519 [INFO] [0mprint_init_info (main.c:144) - [INIT] FW: EG25GGBR07A08M2G_OCPU_30.200.30.200
1970-01-01 00:45:38.544 [INFO] [0mprint_init_info (main.c:162) - [INIT] COPS: +COPS: 0,0,"CHN-UNICOM",7 (mode=0 auto) | CEREG: +CEREG: 0,5
1970-01-01 00:45:38.576 [INFO] [0mdial_task (dial.c:922) - state: (start) -> none
1970-01-01 00:45:38.610 [INFO] [0mroamlink_is_master_running (roamlink.c:391) - roamlink: RBMaster process not found in /proc
1970-01-01 00:45:38.610 [INFO] [0mroamlink_start_master (roamlink.c:481) - roamlink: starting RBMaster...
1970-01-01 00:45:38.611 [INFO] [0mroamlink_start_master (roamlink.c:522) - roamlink: RBMaster forked (pid=890), waiting 3s
1970-01-01 00:45:41.611 [INFO] [0mdial_task (dial.c:973) - dial: policy=1, initial channel: Roamlink
1970-01-01 00:45:41.630 [INFO] [0mroamlink_start_service (roamlink.c:676) - roamlink_start: AT+COPS=0 OK
1970-01-01 00:45:41.631 [INFO] [0mroamlink_send_cmd (roamlink.c:617) - roamlink_send_cmd: sent "RBstartServiceMaster" to 127.0.0.1:5568
1970-01-01 00:45:41.632 [INFO] [0mroamlink_start_service (roamlink.c:688) - roamlink_start: Roamlink service started, network_type=2
1970-01-01 00:45:42.632 [INFO] [0mdial_task (dial.c:922) - state: none -> roamlink_starting
1970-01-01 00:45:42.634 [ERROR] [0mnw_tcp_connectivity_test (nw.c:885) - tcp_test: connect() failed immediately: Network is unreachable
1970-01-01 00:45:42.634 [INFO] [0mdial_task (dial.c:1773) - Roamlink not yet connected, waited 4s / 300s
1970-01-01 00:45:53.634 [ERROR] [0mnw_tcp_connectivity_test (nw.c:885) - tcp_test: connect() failed immediately: Network is unreachable
1970-01-01 00:46:04.955 [ERROR] [0mnw_tcp_connectivity_test (nw.c:908) - tcp_test: connect failed: Connection refused
1970-01-01 00:46:15.964 [ERROR] [0mnw_tcp_connectivity_test (nw.c:885) - tcp_test: connect() failed immediately: Network is unreachable
1970-01-01 00:46:26.965 [ERROR] [0mnw_tcp_connectivity_test (nw.c:885) - tcp_test: connect() failed immediately: Network is unreachable
1970-01-01 00:46:38.320 [INFO] [0mdial_task (dial.c:1698) - Roamlink connected, entering active state
1970-01-01 00:46:38.842 [INFO] [0mmain (main.c:237) - [HEARTBEAT] state=roamlink_active csq=14 SRV:N/A RAT:N/A DENY:N/A RSRP:N/A RSRQ:N/A SNR:N/A RSSI:N/A tcp_fail=0 rl_fail=0
1970-01-01 00:46:49.336 [INFO] [0mdial_task (dial.c:922) - state: roamlink_starting -> roamlink_active
1970-01-01 00:47:13.712 [INFO] [0mdial_task (dial.c:1882) - Roamlink biz OK: rx_packets 34 -> 60 (summary, interval 107s)
1970-01-01 00:47:39.086 [INFO] [0mmain (main.c:237) - [HEARTBEAT] state=roamlink_active csq=12 SRV:N/A RAT:N/A DENY:N/A RSRP:N/A RSRQ:N/A SNR:N/A RSSI:N/A tcp_fail=0 rl_fail=0
1970-01-01 00:48:19.104 [ERROR] [0mnw_tcp_connectivity_test (nw.c:899) - tcp_test: select() timeout or error (ret=0)
1970-01-01 00:48:19.105 [ERROR] [0mdial_task (dial.c:1979) - Roamlink tcp test failed, count: 1 / 3
1970-01-01 00:48:39.300 [INFO] [0mmain (main.c:237) - [HEARTBEAT] state=roamlink_active csq=0 SRV:N/A RAT:N/A DENY:N/A RSRP:N/A RSRQ:N/A SNR:N/A RSSI:N/A tcp_fail=0 rl_fail=1
1970-01-01 00:48:54.120 [ERROR] [0mnw_tcp_connectivity_test (nw.c:899) - tcp_test: select() timeout or error (ret=0)
1970-01-01 00:48:54.121 [ERROR] [0mdial_task (dial.c:1979) - Roamlink tcp test failed, count: 2 / 3
1970-01-01 00:49:29.137 [ERROR] [0mnw_tcp_connectivity_test (nw.c:899) - tcp_test: select() timeout or error (ret=0)
1970-01-01 00:49:29.137 [ERROR] [0mdial_task (dial.c:1979) - Roamlink tcp test failed, count: 3 / 3
1970-01-01 00:49:29.139 [ERROR] [0mdial_task (dial.c:1998) - policy=1: Roamlink failed, switching to SIM
1970-01-01 00:49:29.141 [INFO] [0mroamlink_send_cmd (roamlink.c:617) - roamlink_send_cmd: sent "RBstopServiceMaster" to 127.0.0.1:5568
1970-01-01 00:49:29.142 [INFO] [0mroamlink_stop_service (roamlink.c:708) - roamlink_stop: Roamlink service stopped
1970-01-01 00:49:32.143 [INFO] [0mdial_task (dial.c:2016) - roamlink->SIM: first time, full init from dial_stat_init
1970-01-01 00:49:38.157 [INFO] [0mdial_task (dial.c:922) - state: roamlink_active -> init
1970-01-01 00:49:39.459 [INFO] [0mmain (main.c:237) - [HEARTBEAT] state=sim_init csq=0 SRV:0 RAT:NONE DENY:0 RSRP:N/A RSRQ:N/A SNR:N/A RSSI:N/A tcp_fail=0 rl_fail=0
1970-01-01 00:49:39.639 [INFO] [0mdial_task (dial.c:922) - state: init -> sim_init
1970-01-01 00:49:41.153 [INFO] [0mdial_task (dial.c:922) - state: sim_init -> sim_check
1970-01-01 00:49:42.163 [INFO] [0mdial_task (dial.c:922) - state: sim_check -> sim_op
1970-01-01 00:49:42.169 [INFO] [0msim_op_handler (sim.c:210) - ICCID: 89464283216097005161
1970-01-01 00:49:42.173 [INFO] [0msim_op_handler (sim.c:221) - IMSI: 240422609700516
1970-01-01 00:49:43.174 [INFO] [0mdial_task (dial.c:922) - state: sim_op -> reg_check
1970-01-01 00:49:43.177 [ERROR] [0mdial_task (dial.c:1055) - Dial_st: dial_stat_reg_check failed
1970-01-01 00:49:46.223 [ERROR] [0mdial_task (dial.c:1055) - Dial_st: dial_stat_reg_check failed
1970-01-01 00:49:49.227 [ERROR] [0mdial_task (dial.c:1055) - Dial_st: dial_stat_reg_check failed
1970-01-01 00:49:52.231 [ERROR] [0mdial_task (dial.c:1055) - Dial_st: dial_stat_reg_check failed
1970-01-01 00:49:55.234 [ERROR] [0mdial_task (dial.c:1055) - Dial_st: dial_stat_reg_check failed
1970-01-01 00:49:58.237 [ERROR] [0mdial_task (dial.c:1055) - Dial_st: dial_stat_reg_check failed
1970-01-01 00:50:01.241 [ERROR] [0mdial_task (dial.c:1055) - Dial_st: dial_stat_reg_check failed
1970-01-01 00:50:04.244 [ERROR] [0mdial_task (dial.c:1055) - Dial_st: dial_stat_reg_check failed
1970-01-01 00:50:07.247 [ERROR] [0mdial_task (dial.c:1055) - Dial_st: dial_stat_reg_check failed
1970-01-01 00:50:10.262 [ERROR] [0mdial_task (dial.c:1055) - Dial_st: dial_stat_reg_check failed
1970-01-01 00:50:13.267 [ERROR] [0mdial_task (dial.c:1055) - Dial_st: dial_stat_reg_check failed
1970-01-01 00:50:16.271 [ERROR] [0mdial_task (dial.c:1055) - Dial_st: dial_stat_reg_check failed
1970-01-01 00:50:19.275 [ERROR] [0mdial_task (dial.c:1055) - Dial_st: dial_stat_reg_check failed
1970-01-01 00:50:22.278 [ERROR] [0mdial_task (dial.c:1055) - Dial_st: dial_stat_reg_check failed
1970-01-01 00:50:25.282 [ERROR] [0mdial_task (dial.c:1055) - Dial_st: dial_stat_reg_check failed
1970-01-01 00:50:28.284 [ERROR] [0mdial_task (dial.c:1055) - Dial_st: dial_stat_reg_check failed
1970-01-01 00:50:31.287 [ERROR] [0mdial_task (dial.c:1055) - Dial_st: dial_stat_reg_check failed
1970-01-01 00:50:34.291 [ERROR] [0mdial_task (dial.c:1055) - Dial_st: dial_stat_reg_check failed
1970-01-01 00:50:37.295 [ERROR] [0mdial_task (dial.c:1055) - Dial_st: dial_stat_reg_check failed
1970-01-01 00:50:39.622 [INFO] [0mmain (main.c:237) - [HEARTBEAT] state=reg_check csq=0 SRV:0 RAT:NONE DENY:0 RSRP:N/A RSRQ:N/A SNR:N/A RSSI:N/A tcp_fail=0 rl_fail=0
1970-01-01 00:50:39.636 [INFO] [0mnw_at_get_cereg_stat (nw.c:251) - cereg_n: 0, stat_cereg:0
1970-01-01 00:50:39.650 [INFO] [0mmain (main.c:262) - [HEARTBEAT] OPER:N/A cereg=0 cellid=NA pci=NA tac=NA rsrp=NA rsrq=NA ifname=(none) ip=0.0.0.0 rx_packets=0
1970-01-01 00:50:40.308 [ERROR] [0mdial_task (dial.c:1055) - Dial_st: dial_stat_reg_check failed
1970-01-01 00:50:43.311 [ERROR] [0mdial_task (dial.c:1055) - Dial_st: dial_stat_reg_check failed
1970-01-01 00:50:46.313 [ERROR] [0mdial_task (dial.c:1055) - Dial_st: dial_stat_reg_check failed
1970-01-01 00:50:49.317 [ERROR] [0mdial_task (dial.c:1055) - Dial_st: dial_stat_reg_check failed
1970-01-01 00:50:52.321 [ERROR] [0mdial_task (dial.c:1055) - Dial_st: dial_stat_reg_check failed
1970-01-01 00:50:55.324 [ERROR] [0mdial_task (dial.c:1055) - Dial_st: dial_stat_reg_check failed
1970-01-01 00:50:58.327 [ERROR] [0mdial_task (dial.c:1055) - Dial_st: dial_stat_reg_check failed
1970-01-01 00:51:01.332 [ERROR] [0mdial_task (dial.c:1055) - Dial_st: dial_stat_reg_check failed
1970-01-01 00:51:04.335 [ERROR] [0mdial_task (dial.c:1055) - Dial_st: dial_stat_reg_check failed
1970-01-01 00:51:07.338 [ERROR] [0mdial_task (dial.c:1055) - Dial_st: dial_stat_reg_check failed
1970-01-01 00:51:10.348 [ERROR] [0mdial_task (dial.c:1055) - Dial_st: dial_stat_reg_check failed
1970-01-01 00:51:13.352 [ERROR] [0mdial_task (dial.c:1055) - Dial_st: dial_stat_reg_check failed
1970-01-01 00:51:16.356 [ERROR] [0mdial_task (dial.c:1055) - Dial_st: dial_stat_reg_check failed
1970-01-01 00:51:19.360 [ERROR] [0mdial_task (dial.c:1055) - Dial_st: dial_stat_reg_check failed
1970-01-01 00:51:22.364 [ERROR] [0mdial_task (dial.c:1055) - Dial_st: dial_stat_reg_check failed
1970-01-01 00:51:25.368 [ERROR] [0mdial_task (dial.c:1055) - Dial_st: dial_stat_reg_check failed
1970-01-01 00:51:28.375 [ERROR] [0mdial_task (dial.c:1055) - Dial_st: dial_stat_reg_check failed
1970-01-01 00:51:31.379 [ERROR] [0mdial_task (dial.c:1055) - Dial_st: dial_stat_reg_check failed
1970-01-01 00:51:34.383 [ERROR] [0mdial_task (dial.c:1055) - Dial_st: dial_stat_reg_check failed
1970-01-01 00:51:37.386 [ERROR] [0mdial_task (dial.c:1055) - Dial_st: dial_stat_reg_check failed
1970-01-01 00:51:39.821 [INFO] [0mmain (main.c:237) - [HEARTBEAT] state=reg_check csq=0 SRV:0 RAT:NONE DENY:0 RSRP:N/A RSRQ:N/A SNR:N/A RSSI:N/A tcp_fail=0 rl_fail=0
1970-01-01 00:51:40.401 [ERROR] [0mdial_task (dial.c:1055) - Dial_st: dial_stat_reg_check failed
1970-01-01 00:51:43.405 [ERROR] [0mdial_task (dial.c:1055) - Dial_st: dial_stat_reg_check failed
1970-01-01 00:51:46.409 [ERROR] [0mdial_task (dial.c:1055) - Dial_st: dial_stat_reg_check failed
1970-01-01 00:51:49.412 [ERROR] [0mdial_task (dial.c:1055) - Dial_st: dial_stat_reg_check failed
1970-01-01 00:51:52.416 [ERROR] [0mdial_task (dial.c:1055) - Dial_st: dial_stat_reg_check failed
1970-01-01 00:51:55.419 [ERROR] [0mdial_task (dial.c:1055) - Dial_st: dial_stat_reg_check failed
1970-01-01 00:51:58.423 [ERROR] [0mdial_task (dial.c:1055) - Dial_st: dial_stat_reg_check failed
1970-01-01 00:52:01.426 [ERROR] [0mdial_task (dial.c:1055) - Dial_st: dial_stat_reg_check failed
1970-01-01 00:52:04.429 [ERROR] [0mdial_task (dial.c:1055) - Dial_st: dial_stat_reg_check failed
1970-01-01 00:52:07.432 [ERROR] [0mdial_task (dial.c:1055) - Dial_st: dial_stat_reg_check failed
1970-01-01 00:52:10.443 [ERROR] [0mdial_task (dial.c:1055) - Dial_st: dial_stat_reg_check failed
1970-01-01 00:52:13.447 [ERROR] [0mdial_task (dial.c:1055) - Dial_st: dial_stat_reg_check failed
1970-01-01 00:52:16.450 [ERROR] [0mdial_task (dial.c:1055) - Dial_st: dial_stat_reg_check failed
1970-01-01 00:52:19.454 [ERROR] [0mdial_task (dial.c:1055) - Dial_st: dial_stat_reg_check failed
1970-01-01 00:52:22.458 [ERROR] [0mdial_task (dial.c:1055) - Dial_st: dial_stat_reg_check failed
1970-01-01 00:52:25.463 [ERROR] [0mdial_task (dial.c:1055) - Dial_st: dial_stat_reg_check failed
1970-01-01 00:52:28.467 [ERROR] [0mdial_task (dial.c:1055) - Dial_st: dial_stat_reg_check failed
1970-01-01 00:52:31.471 [ERROR] [0mdial_task (dial.c:1055) - Dial_st: dial_stat_reg_check failed
1970-01-01 00:52:34.475 [ERROR] [0mdial_task (dial.c:1055) - Dial_st: dial_stat_reg_check failed
1970-01-01 00:52:37.478 [ERROR] [0mdial_task (dial.c:1055) - Dial_st: dial_stat_reg_check failed
1970-01-01 00:52:39.984 [INFO] [0mmain (main.c:237) - [HEARTBEAT] state=reg_check csq=0 SRV:0 RAT:NONE DENY:0 RSRP:N/A RSRQ:N/A SNR:N/A RSSI:N/A tcp_fail=0 rl_fail=0
1970-01-01 00:52:40.493 [ERROR] [0mdial_task (dial.c:1055) - Dial_st: dial_stat_reg_check failed
1970-01-01 00:52:43.498 [ERROR] [0mdial_task (dial.c:1055) - Dial_st: dial_stat_reg_check failed
1970-01-01 00:52:46.502 [ERROR] [0mdial_task (dial.c:1055) - Dial_st: dial_stat_reg_check failed
1970-01-01 00:52:49.506 [ERROR] [0mdial_task (dial.c:1055) - Dial_st: dial_stat_reg_check failed
1970-01-01 00:52:52.510 [ERROR] [0mdial_task (dial.c:1055) - Dial_st: dial_stat_reg_check failed
1970-01-01 00:52:55.514 [ERROR] [0mdial_task (dial.c:1055) - Dial_st: dial_stat_reg_check failed
1970-01-01 00:52:58.517 [ERROR] [0mdial_task (dial.c:1055) - Dial_st: dial_stat_reg_check failed
1970-01-01 00:53:01.521 [ERROR] [0mdial_task (dial.c:1055) - Dial_st: dial_stat_reg_check failed
1970-01-01 00:53:04.525 [ERROR] [0mdial_task (dial.c:1055) - Dial_st: dial_stat_reg_check failed
1970-01-01 00:53:07.529 [ERROR] [0mdial_task (dial.c:1055) - Dial_st: dial_stat_reg_check failed
1970-01-01 00:53:10.544 [ERROR] [0mdial_task (dial.c:1055) - Dial_st: dial_stat_reg_check failed
1970-01-01 00:53:13.548 [ERROR] [0mdial_task (dial.c:1055) - Dial_st: dial_stat_reg_check failed
1970-01-01 00:53:16.551 [ERROR] [0mdial_task (dial.c:1055) - Dial_st: dial_stat_reg_check failed
1970-01-01 00:53:19.554 [ERROR] [0mdial_task (dial.c:1055) - Dial_st: dial_stat_reg_check failed
1970-01-01 00:53:22.557 [ERROR] [0mdial_task (dial.c:1055) - Dial_st: dial_stat_reg_check failed
1970-01-01 00:53:25.561 [ERROR] [0mdial_task (dial.c:1055) - Dial_st: dial_stat_reg_check failed
1970-01-01 00:53:28.564 [ERROR] [0mdial_task (dial.c:1055) - Dial_st: dial_stat_reg_check failed
1970-01-01 00:53:31.569 [ERROR] [0mdial_task (dial.c:1055) - Dial_st: dial_stat_reg_check failed
1970-01-01 00:53:34.574 [ERROR] [0mdial_task (dial.c:1055) - Dial_st: dial_stat_reg_check failed
1970-01-01 00:53:37.578 [ERROR] [0mdial_task (dial.c:1055) - Dial_st: dial_stat_reg_check failed
1970-01-01 00:53:40.144 [INFO] [0mmain (main.c:237) - [HEARTBEAT] state=reg_check csq=0 SRV:0 RAT:NONE DENY:0 RSRP:N/A RSRQ:N/A SNR:N/A RSSI:N/A tcp_fail=0 rl_fail=0
1970-01-01 00:53:40.590 [ERROR] [0mdial_task (dial.c:1055) - Dial_st: dial_stat_reg_check failed
1970-01-01 00:53:43.593 [ERROR] [0mdial_task (dial.c:1055) - Dial_st: dial_stat_reg_check failed
1970-01-01 00:53:46.598 [ERROR] [0mdial_task (dial.c:1055) - Dial_st: dial_stat_reg_check failed
1970-01-01 00:53:49.602 [ERROR] [0mdial_task (dial.c:1055) - Dial_st: dial_stat_reg_check failed
1970-01-01 00:53:52.606 [ERROR] [0mdial_task (dial.c:1055) - Dial_st: dial_stat_reg_check failed
1970-01-01 00:53:55.610 [ERROR] [0mdial_task (dial.c:1055) - Dial_st: dial_stat_reg_check failed
1970-01-01 00:53:58.613 [ERROR] [0mdial_task (dial.c:1055) - Dial_st: dial_stat_reg_check failed
1970-01-01 00:54:01.616 [ERROR] [0mdial_task (dial.c:1055) - Dial_st: dial_stat_reg_check failed
1970-01-01 00:54:04.620 [ERROR] [0mdial_task (dial.c:1055) - Dial_st: dial_stat_reg_check failed
1970-01-01 00:54:07.624 [ERROR] [0mdial_task (dial.c:1055) - Dial_st: dial_stat_reg_check failed
1970-01-01 00:54:10.635 [ERROR] [0mdial_task (dial.c:1055) - Dial_st: dial_stat_reg_check failed
1970-01-01 00:54:13.638 [ERROR] [0mdial_task (dial.c:1055) - Dial_st: dial_stat_reg_check failed
1970-01-01 00:54:16.642 [ERROR] [0mdial_task (dial.c:1055) - Dial_st: dial_stat_reg_check failed
1970-01-01 00:54:19.645 [ERROR] [0mdial_task (dial.c:1055) - Dial_st: dial_stat_reg_check failed
1970-01-01 00:54:22.648 [ERROR] [0mdial_task (dial.c:1055) - Dial_st: dial_stat_reg_check failed
1970-01-01 00:54:25.651 [ERROR] [0mdial_task (dial.c:1055) - Dial_st: dial_stat_reg_check failed
1970-01-01 00:54:28.655 [ERROR] [0mdial_task (dial.c:1055) - Dial_st: dial_stat_reg_check failed
1970-01-01 00:54:31.658 [ERROR] [0mdial_task (dial.c:1055) - Dial_st: dial_stat_reg_check failed
1970-01-01 00:54:34.662 [ERROR] [0mdial_task (dial.c:1055) - Dial_st: dial_stat_reg_check failed
1970-01-01 00:54:37.667 [ERROR] [0mdial_task (dial.c:1055) - Dial_st: dial_stat_reg_check failed
1970-01-01 00:54:40.306 [INFO] [0mmain (main.c:237) - [HEARTBEAT] state=reg_check csq=0 SRV:0 RAT:NONE DENY:0 RSRP:N/A RSRQ:N/A SNR:N/A RSSI:N/A tcp_fail=0 rl_fail=0
1970-01-01 00:54:40.682 [ERROR] [0mdial_task (dial.c:1055) - Dial_st: dial_stat_reg_check failed
1970-01-01 00:54:43.685 [ERROR] [0mdial_task (dial.c:1055) - Dial_st: dial_stat_reg_check failed
1970-01-01 00:54:43.686 [ERROR] [0mdial_task (dial.c:1063) - reg_check timeout (300s), policy=1
1970-01-01 00:54:43.686 [ERROR] [0mdial_task (dial.c:2067) - reg timeout: policy=1, switching to Roamlink
1970-01-01 00:54:43.699 [INFO] [0mdail_stop_data_call (dial.c:364) - the profile index 0 stop data call success
1970-01-01 00:54:43.707 [INFO] [0mroamlink_is_master_running (roamlink.c:385) - roamlink: RBMaster running (found in /proc)
1970-01-01 00:54:43.710 [INFO] [0mroamlink_start_master (roamlink.c:477) - roamlink: RBMaster already running, skip
1970-01-01 00:54:43.726 [INFO] [0mroamlink_start_service (roamlink.c:676) - roamlink_start: AT+COPS=0 OK
1970-01-01 00:54:43.728 [INFO] [0mroamlink_send_cmd (roamlink.c:617) - roamlink_send_cmd: sent "RBstartServiceMaster" to 127.0.0.1:5568
1970-01-01 00:54:43.729 [INFO] [0mroamlink_start_service (roamlink.c:688) - roamlink_start: Roamlink service started, network_type=2
1970-01-01 00:54:44.746 [INFO] [0mdial_task (dial.c:922) - state: reg_check -> roamlink_starting
1970-01-01 00:54:44.747 [ERROR] [0mnw_tcp_connectivity_test (nw.c:885) - tcp_test: connect() failed immediately: Network is unreachable
1970-01-01 00:54:44.747 [INFO] [0mdial_task (dial.c:1773) - Roamlink not yet connected, waited 1s / 300s
1970-01-01 00:54:55.748 [ERROR] [0mnw_tcp_connectivity_test (nw.c:885) - tcp_test: connect() failed immediately: Network is unreachable
1970-01-01 00:54:55.748 [INFO] [0mdial_task (dial.c:1773) - Roamlink not yet connected, waited 12s / 300s
1970-01-01 00:55:06.750 [ERROR] [0mnw_tcp_connectivity_test (nw.c:885) - tcp_test: connect() failed immediately: Network is unreachable
1970-01-01 00:55:17.758 [ERROR] [0mnw_tcp_connectivity_test (nw.c:885) - tcp_test: connect() failed immediately: Network is unreachable
1970-01-01 00:55:28.759 [ERROR] [0mnw_tcp_connectivity_test (nw.c:885) - tcp_test: connect() failed immediately: Network is unreachable
1970-01-01 00:55:39.761 [ERROR] [0mnw_tcp_connectivity_test (nw.c:885) - tcp_test: connect() failed immediately: Network is unreachable
1970-01-01 00:55:40.479 [INFO] [0mmain (main.c:237) - [HEARTBEAT] state=roamlink_starting csq=0 SRV:0 RAT:NONE DENY:0 RSRP:N/A RSRQ:N/A SNR:N/A RSSI:N/A tcp_fail=0 rl_fail=0
1970-01-01 00:55:40.494 [INFO] [0mnw_at_get_cereg_stat (nw.c:251) - cereg_n: 0, stat_cereg:0
1970-01-01 00:55:40.512 [INFO] [0mmain (main.c:262) - [HEARTBEAT] OPER:N/A cereg=0 cellid=NA pci=NA tac=NA rsrp=NA rsrq=NA ifname=(none) ip=0.0.0.0 rx_packets=0
1970-01-01 00:55:50.769 [ERROR] [0mnw_tcp_connectivity_test (nw.c:885) - tcp_test: connect() failed immediately: Network is unreachable
1970-01-01 00:55:50.771 [INFO] [0mdial_task (dial.c:1773) - Roamlink not yet connected, waited 67s / 300s
1970-01-01 00:56:01.772 [ERROR] [0mnw_tcp_connectivity_test (nw.c:885) - tcp_test: connect() failed immediately: Network is unreachable
1970-01-01 00:56:12.774 [ERROR] [0mnw_tcp_connectivity_test (nw.c:885) - tcp_test: connect() failed immediately: Network is unreachable
1970-01-01 00:56:23.784 [ERROR] [0mnw_tcp_connectivity_test (nw.c:885) - tcp_test: connect() failed immediately: Network is unreachable
1970-01-01 00:56:34.786 [ERROR] [0mnw_tcp_connectivity_test (nw.c:885) - tcp_test: connect() failed immediately: Network is unreachable
1970-01-01 00:56:40.673 [INFO] [0mmain (main.c:237) - [HEARTBEAT] state=roamlink_starting csq=0 SRV:0 RAT:NONE DENY:0 RSRP:N/A RSRQ:N/A SNR:N/A RSSI:N/A tcp_fail=0 rl_fail=0
1970-01-01 00:56:45.788 [ERROR] [0mnw_tcp_connectivity_test (nw.c:885) - tcp_test: connect() failed immediately: Network is unreachable
1970-01-01 00:56:45.789 [INFO] [0mdial_task (dial.c:1773) - Roamlink not yet connected, waited 122s / 300s
1970-01-01 00:56:56.797 [ERROR] [0mnw_tcp_connectivity_test (nw.c:885) - tcp_test: connect() failed immediately: Network is unreachable
1970-01-01 00:57:07.798 [ERROR] [0mnw_tcp_connectivity_test (nw.c:885) - tcp_test: connect() failed immediately: Network is unreachable
1970-01-01 00:57:18.799 [ERROR] [0mnw_tcp_connectivity_test (nw.c:885) - tcp_test: connect() failed immediately: Network is unreachable
1970-01-01 00:57:29.809 [ERROR] [0mnw_tcp_connectivity_test (nw.c:885) - tcp_test: connect() failed immediately: Network is unreachable
1970-01-01 00:57:40.810 [ERROR] [0mnw_tcp_connectivity_test (nw.c:885) - tcp_test: connect() failed immediately: Network is unreachable
1970-01-01 00:57:40.831 [INFO] [0mmain (main.c:237) - [HEARTBEAT] state=roamlink_starting csq=0 SRV:0 RAT:NONE DENY:0 RSRP:N/A RSRQ:N/A SNR:N/A RSSI:N/A tcp_fail=0 rl_fail=0
1970-01-01 00:57:51.812 [ERROR] [0mnw_tcp_connectivity_test (nw.c:885) - tcp_test: connect() failed immediately: Network is unreachable
1970-01-01 00:57:51.812 [INFO] [0mdial_task (dial.c:1773) - Roamlink not yet connected, waited 188s / 300s
1970-01-01 00:58:11.542 [INFO] [0mmain (main.c:180) - DIAL Version: 1.29.15

1970-01-01 00:58:11.581 [INFO] [0mroamlink_read_policy (roamlink.c:337) - roamlink: network_select = 1
1970-01-01 00:58:11.582 [INFO] [0mroamlink_probe (roamlink.c:98) - roamlink: probe OK (RBMaster + conf.ini + license valid, size=24304 bytes)
1970-01-01 00:58:11.582 [INFO] [0mprint_init_info (main.c:133) - [INIT] policy=1
1970-01-01 00:58:11.597 [INFO] [0mprint_init_info (main.c:140) - [INIT] IMEI: 867929068567918
1970-01-01 00:58:11.610 [INFO] [0mprint_init_info (main.c:144) - [INIT] FW: EG25GGBR07A08M2G_OCPU_30.200.30.200
1970-01-01 00:58:11.634 [INFO] [0mprint_init_info (main.c:162) - [INIT] COPS: +COPS: 0 (mode=0 auto) | CEREG: +CEREG: 0,0
1970-01-01 00:58:11.641 [INFO] [0mdial_task (dial.c:922) - state: (start) -> none
1970-01-01 00:58:11.650 [INFO] [0mroamlink_is_master_running (roamlink.c:385) - roamlink: RBMaster running (found in /proc)
1970-01-01 00:58:11.652 [INFO] [0mroamlink_start_master (roamlink.c:477) - roamlink: RBMaster already running, skip
1970-01-01 00:58:11.652 [INFO] [0mdial_task (dial.c:973) - dial: policy=1, initial channel: Roamlink
1970-01-01 00:58:11.665 [INFO] [0mroamlink_start_service (roamlink.c:676) - roamlink_start: AT+COPS=0 OK
1970-01-01 00:58:11.667 [INFO] [0mroamlink_send_cmd (roamlink.c:617) - roamlink_send_cmd: sent "RBstartServiceMaster" to 127.0.0.1:5568
1970-01-01 00:58:11.668 [INFO] [0mroamlink_start_service (roamlink.c:688) - roamlink_start: Roamlink service started, network_type=2
1970-01-01 00:58:12.668 [INFO] [0mdial_task (dial.c:922) - state: none -> roamlink_starting
1970-01-01 00:58:12.669 [ERROR] [0mnw_tcp_connectivity_test (nw.c:885) - tcp_test: connect() failed immediately: Network is unreachable
1970-01-01 00:58:12.669 [INFO] [0mdial_task (dial.c:1773) - Roamlink not yet connected, waited 1s / 300s
1970-01-01 00:58:23.671 [ERROR] [0mnw_tcp_connectivity_test (nw.c:885) - tcp_test: connect() failed immediately: Network is unreachable
1970-01-01 00:58:23.672 [INFO] [0mdial_task (dial.c:1773) - Roamlink not yet connected, waited 12s / 300s
1970-01-01 00:58:34.673 [ERROR] [0mnw_tcp_connectivity_test (nw.c:885) - tcp_test: connect() failed immediately: Network is unreachable
1970-01-01 00:58:45.682 [ERROR] [0mnw_tcp_connectivity_test (nw.c:885) - tcp_test: connect() failed immediately: Network is unreachable
1970-01-01 00:58:56.684 [ERROR] [0mnw_tcp_connectivity_test (nw.c:885) - tcp_test: connect() failed immediately: Network is unreachable
1970-01-01 00:59:07.686 [ERROR] [0mnw_tcp_connectivity_test (nw.c:885) - tcp_test: connect() failed immediately: Network is unreachable
1970-01-01 00:59:11.817 [INFO] [0mmain (main.c:237) - [HEARTBEAT] state=roamlink_starting csq=0 SRV:N/A RAT:N/A DENY:N/A RSRP:N/A RSRQ:N/A SNR:N/A RSSI:N/A tcp_fail=0 rl_fail=0
1970-01-01 00:59:18.694 [ERROR] [0mnw_tcp_connectivity_test (nw.c:885) - tcp_test: connect() failed immediately: Network is unreachable
1970-01-01 00:59:18.695 [INFO] [0mdial_task (dial.c:1773) - Roamlink not yet connected, waited 67s / 300s
1970-01-01 00:59:29.696 [ERROR] [0mnw_tcp_connectivity_test (nw.c:885) - tcp_test: connect() failed immediately: Network is unreachable
1970-01-01 00:59:40.698 [ERROR] [0mnw_tcp_connectivity_test (nw.c:885) - tcp_test: connect() failed immediately: Network is unreachable
1970-01-01 00:59:52.372 [ERROR] [0mnw_tcp_connectivity_test (nw.c:908) - tcp_test: connect failed: Connection refused
1970-01-01 01:00:03.374 [ERROR] [0mnw_tcp_connectivity_test (nw.c:885) - tcp_test: connect() failed immediately: Network is unreachable
1970-01-01 01:00:12.084 [INFO] [0mmain (main.c:237) - [HEARTBEAT] state=roamlink_starting csq=12 SRV:N/A RAT:N/A DENY:N/A RSRP:N/A RSRQ:N/A SNR:N/A RSSI:N/A tcp_fail=0 rl_fail=0
1970-01-01 01:00:14.917 [INFO] [0mdial_task (dial.c:1698) - Roamlink connected, entering active state
1970-01-01 01:00:25.944 [INFO] [0mdial_task (dial.c:922) - state: roamlink_starting -> roamlink_active
1970-01-01 01:00:50.413 [INFO] [0mdial_task (dial.c:1882) - Roamlink biz OK: rx_packets 117 -> 132 (summary, interval 923s)
1970-01-01 01:01:12.353 [INFO] [0mmain (main.c:237) - [HEARTBEAT] state=roamlink_active csq=17 SRV:N/A RAT:N/A DENY:N/A RSRP:N/A RSRQ:N/A SNR:N/A RSSI:N/A tcp_fail=0 rl_fail=0
1970-01-01 01:02:12.603 [INFO] [0mmain (main.c:237) - [HEARTBEAT] state=roamlink_active csq=17 SRV:N/A RAT:N/A DENY:N/A RSRP:N/A RSRQ:N/A SNR:N/A RSSI:N/A tcp_fail=0 rl_fail=0
1970-01-01 01:02:56.646 [ERROR] [0mnw_tcp_connectivity_test (nw.c:899) - tcp_test: select() timeout or error (ret=0)
1970-01-01 01:02:56.646 [ERROR] [0mdial_task (dial.c:1979) - Roamlink tcp test failed, count: 1 / 3
1970-01-01 01:03:12.840 [INFO] [0mmain (main.c:237) - [HEARTBEAT] state=roamlink_active csq=10 SRV:N/A RAT:N/A DENY:N/A RSRP:N/A RSRQ:N/A SNR:N/A RSSI:N/A tcp_fail=0 rl_fail=1
1970-01-01 01:03:12.866 [INFO] [0mmain (main.c:262) - [HEARTBEAT] OPER:N/A cereg=1 cellid=NA pci=NA tac=NA rsrp=NA rsrq=NA ifname=rmnet_data0 ip=10.206.166.245 rx_packets=195
1970-01-01 01:03:31.660 [ERROR] [0mnw_tcp_connectivity_test (nw.c:899) - tcp_test: select() timeout or error (ret=0)
1970-01-01 01:03:31.660 [ERROR] [0mdial_task (dial.c:1979) - Roamlink tcp test failed, count: 2 / 3
1970-01-01 01:04:06.681 [ERROR] [0mnw_tcp_connectivity_test (nw.c:899) - tcp_test: select() timeout or error (ret=0)
1970-01-01 01:04:06.682 [ERROR] [0mdial_task (dial.c:1979) - Roamlink tcp test failed, count: 3 / 3
1970-01-01 01:04:06.682 [ERROR] [0mdial_task (dial.c:1998) - policy=1: Roamlink failed, switching to SIM
1970-01-01 01:04:06.684 [INFO] [0mroamlink_send_cmd (roamlink.c:617) - roamlink_send_cmd: sent "RBstopServiceMaster" to 127.0.0.1:5568
1970-01-01 01:04:06.687 [INFO] [0mroamlink_stop_service (roamlink.c:708) - roamlink_stop: Roamlink service stopped
1970-01-01 01:04:09.687 [INFO] [0mdial_task (dial.c:2016) - roamlink->SIM: first time, full init from dial_stat_init
1970-01-01 01:04:13.033 [INFO] [0mmain (main.c:237) - [HEARTBEAT] state=init csq=0 SRV:N/A RAT:N/A DENY:N/A RSRP:N/A RSRQ:N/A SNR:N/A RSSI:N/A tcp_fail=0 rl_fail=0
1970-01-01 01:04:15.704 [INFO] [0mdial_task (dial.c:922) - state: roamlink_active -> init
1970-01-01 01:04:17.184 [INFO] [0mdial_task (dial.c:922) - state: init -> sim_init
1970-01-01 01:04:18.691 [INFO] [0mdial_task (dial.c:922) - state: sim_init -> sim_check
1970-01-01 01:04:19.694 [INFO] [0mdial_task (dial.c:922) - state: sim_check -> sim_op
1970-01-01 01:04:19.702 [INFO] [0msim_op_handler (sim.c:210) - ICCID: 89464283216097005161
1970-01-01 01:04:19.706 [INFO] [0msim_op_handler (sim.c:221) - IMSI: 240422609700516
1970-01-01 01:04:20.707 [INFO] [0mdial_task (dial.c:922) - state: sim_op -> reg_check
1970-01-01 01:04:20.710 [ERROR] [0mdial_task (dial.c:1055) - Dial_st: dial_stat_reg_check failed
1970-01-01 01:04:23.714 [ERROR] [0mdial_task (dial.c:1055) - Dial_st: dial_stat_reg_check failed
1970-01-01 01:04:26.720 [ERROR] [0mdial_task (dial.c:1055) - Dial_st: dial_stat_reg_check failed
1970-01-01 01:04:29.723 [ERROR] [0mdial_task (dial.c:1055) - Dial_st: dial_stat_reg_check failed
1970-01-01 01:04:32.727 [ERROR] [0mdial_task (dial.c:1055) - Dial_st: dial_stat_reg_check failed
1970-01-01 01:04:35.730 [ERROR] [0mdial_task (dial.c:1055) - Dial_st: dial_stat_reg_check failed
1970-01-01 01:04:38.734 [ERROR] [0mdial_task (dial.c:1055) - Dial_st: dial_stat_reg_check failed
1970-01-01 01:04:41.737 [ERROR] [0mdial_task (dial.c:1055) - Dial_st: dial_stat_reg_check failed
1970-01-01 01:04:44.743 [ERROR] [0mdial_task (dial.c:1055) - Dial_st: dial_stat_reg_check failed
1970-01-01 01:04:47.756 [ERROR] [0mdial_task (dial.c:1055) - Dial_st: dial_stat_reg_check failed
1970-01-01 01:04:50.761 [ERROR] [0mdial_task (dial.c:1055) - Dial_st: dial_stat_reg_check failed
1970-01-01 01:04:53.765 [ERROR] [0mdial_task (dial.c:1055) - Dial_st: dial_stat_reg_check failed
1970-01-01 01:04:56.768 [ERROR] [0mdial_task (dial.c:1055) - Dial_st: dial_stat_reg_check failed
1970-01-01 01:04:59.772 [ERROR] [0mdial_task (dial.c:1055) - Dial_st: dial_stat_reg_check failed
1970-01-01 01:05:02.776 [ERROR] [0mdial_task (dial.c:1055) - Dial_st: dial_stat_reg_check failed
1970-01-01 01:05:05.780 [ERROR] [0mdial_task (dial.c:1055) - Dial_st: dial_stat_reg_check failed
1970-01-01 01:05:08.785 [ERROR] [0mdial_task (dial.c:1055) - Dial_st: dial_stat_reg_check failed
1970-01-01 01:05:11.789 [ERROR] [0mdial_task (dial.c:1055) - Dial_st: dial_stat_reg_check failed
1970-01-01 01:05:13.196 [INFO] [0mmain (main.c:237) - [HEARTBEAT] state=reg_check csq=0 SRV:0 RAT:NONE DENY:0 RSRP:N/A RSRQ:N/A SNR:N/A RSSI:N/A tcp_fail=0 rl_fail=0
1970-01-01 01:05:14.793 [ERROR] [0mdial_task (dial.c:1055) - Dial_st: dial_stat_reg_check failed
1970-01-01 01:05:17.804 [ERROR] [0mdial_task (dial.c:1055) - Dial_st: dial_stat_reg_check failed
1970-01-01 01:05:20.809 [ERROR] [0mdial_task (dial.c:1055) - Dial_st: dial_stat_reg_check failed
1970-01-01 01:05:23.812 [ERROR] [0mdial_task (dial.c:1055) - Dial_st: dial_stat_reg_check failed
1970-01-01 01:05:26.815 [ERROR] [0mdial_task (dial.c:1055) - Dial_st: dial_stat_reg_check failed
1970-01-01 01:05:29.819 [ERROR] [0mdial_task (dial.c:1055) - Dial_st: dial_stat_reg_check failed
1970-01-01 01:05:32.823 [ERROR] [0mdial_task (dial.c:1055) - Dial_st: dial_stat_reg_check failed
1970-01-01 01:05:35.827 [ERROR] [0mdial_task (dial.c:1055) - Dial_st: dial_stat_reg_check failed
1970-01-01 01:05:38.830 [ERROR] [0mdial_task (dial.c:1055) - Dial_st: dial_stat_reg_check failed
1970-01-01 01:05:41.833 [ERROR] [0mdial_task (dial.c:1055) - Dial_st: dial_stat_reg_check failed
1970-01-01 01:05:44.836 [ERROR] [0mdial_task (dial.c:1055) - Dial_st: dial_stat_reg_check failed
1970-01-01 01:05:47.847 [ERROR] [0mdial_task (dial.c:1055) - Dial_st: dial_stat_reg_check failed
1970-01-01 01:05:50.851 [ERROR] [0mdial_task (dial.c:1055) - Dial_st: dial_stat_reg_check failed
1970-01-01 01:05:53.855 [ERROR] [0mdial_task (dial.c:1055) - Dial_st: dial_stat_reg_check failed
1970-01-01 01:05:56.859 [ERROR] [0mdial_task (dial.c:1055) - Dial_st: dial_stat_reg_check failed
1970-01-01 01:05:59.864 [ERROR] [0mdial_task (dial.c:1055) - Dial_st: dial_stat_reg_check failed
1970-01-01 01:06:02.868 [ERROR] [0mdial_task (dial.c:1055) - Dial_st: dial_stat_reg_check failed
1970-01-01 01:06:05.872 [ERROR] [0mdial_task (dial.c:1055) - Dial_st: dial_stat_reg_check failed
1970-01-01 01:06:08.876 [ERROR] [0mdial_task (dial.c:1055) - Dial_st: dial_stat_reg_check failed
1970-01-01 01:06:11.880 [ERROR] [0mdial_task (dial.c:1055) - Dial_st: dial_stat_reg_check failed
1970-01-01 01:06:13.355 [INFO] [0mmain (main.c:237) - [HEARTBEAT] state=reg_check csq=0 SRV:0 RAT:NONE DENY:0 RSRP:N/A RSRQ:N/A SNR:N/A RSSI:N/A tcp_fail=0 rl_fail=0
1970-01-01 01:06:14.884 [ERROR] [0mdial_task (dial.c:1055) - Dial_st: dial_stat_reg_check failed
1970-01-01 01:06:17.898 [ERROR] [0mdial_task (dial.c:1055) - Dial_st: dial_stat_reg_check failed
1970-01-01 01:06:20.902 [ERROR] [0mdial_task (dial.c:1055) - Dial_st: dial_stat_reg_check failed
1970-01-01 01:06:23.907 [ERROR] [0mdial_task (dial.c:1055) - Dial_st: dial_stat_reg_check failed
1970-01-01 01:06:26.911 [ERROR] [0mdial_task (dial.c:1055) - Dial_st: dial_stat_reg_check failed
1970-01-01 01:06:29.915 [ERROR] [0mdial_task (dial.c:1055) - Dial_st: dial_stat_reg_check failed
1970-01-01 01:06:32.919 [ERROR] [0mdial_task (dial.c:1055) - Dial_st: dial_stat_reg_check failed
1970-01-01 01:06:35.922 [ERROR] [0mdial_task (dial.c:1055) - Dial_st: dial_stat_reg_check failed
1970-01-01 01:06:38.925 [ERROR] [0mdial_task (dial.c:1055) - Dial_st: dial_stat_reg_check failed
1970-01-01 01:06:41.929 [ERROR] [0mdial_task (dial.c:1055) - Dial_st: dial_stat_reg_check failed
1970-01-01 01:06:44.932 [ERROR] [0mdial_task (dial.c:1055) - Dial_st: dial_stat_reg_check failed
1970-01-01 01:06:47.945 [ERROR] [0mdial_task (dial.c:1055) - Dial_st: dial_stat_reg_check failed
1970-01-01 01:06:50.950 [ERROR] [0mdial_task (dial.c:1055) - Dial_st: dial_stat_reg_check failed
1970-01-01 01:06:53.955 [ERROR] [0mdial_task (dial.c:1055) - Dial_st: dial_stat_reg_check failed
1970-01-01 01:06:56.958 [ERROR] [0mdial_task (dial.c:1055) - Dial_st: dial_stat_reg_check failed
1970-01-01 01:07:00.963 [INFO] [0mdial_task (dial.c:922) - state: reg_check -> cereg_check
1970-01-01 01:07:01.977 [INFO] [0mdial_task (dial.c:922) - state: cereg_check -> precondition_check
1970-01-01 01:07:02.979 [INFO] [0mdial_task (dial.c:922) - state: precondition_check -> pre_start_call
1970-01-01 01:07:02.992 [INFO] [0mapn_scan_from_json (apn.c:165) - iccid read from json:898604, iccid:89464283216097005161
1970-01-01 01:07:02.992 [INFO] [0mapn_scan_from_json (apn.c:165) - iccid read from json:893144, iccid:89464283216097005161
1970-01-01 01:07:02.992 [INFO] [0mapn_scan_from_json (apn.c:165) - iccid read from json:894608, iccid:89464283216097005161
1970-01-01 01:07:02.993 [INFO] [0mapn_scan_from_json (apn.c:165) - iccid read from json:894642, iccid:89464283216097005161
1970-01-01 01:07:02.993 [INFO] [0mapn_scan_from_json (apn.c:226) - apn: internet.lte.cxn, iccid: 894642, usrname: , pwd: 
1970-01-01 01:07:02.993 [INFO] [0mapn_get_apn_obj (apn.c:385) - apn found for iccid: 89464283216097005161
1970-01-01 01:07:02.993 [INFO] [0mapn_set (apn.c:246) - apn set with profile_idx: 1, apn_name: internet.lte.cxn, username: , password: 
1970-01-01 01:07:03.011 [INFO] [0mdial_task (dial.c:1130) - [APN] selected: apn="internet.lte.cxn" profile=1 is_oper_select=1 (iccid-match="894642")
1970-01-01 01:07:05.194 [INFO] [0mdial_task (dial.c:922) - state: pre_start_call -> start_call
1970-01-01 01:07:06.374 [INFO] [0mdial_task (dial.c:922) - state: start_call -> wait_for_connect
1970-01-01 01:07:07.204 [INFO] [0mdial_data_call_state_callback (dial.c:279) - profile id 1 
1970-01-01 01:07:07.204 [INFO] [0mdial_data_call_state_callback (dial.c:280) - IP family v4 
1970-01-01 01:07:07.204 [INFO] [0mdial_data_call_state_callback (dial.c:283) - Net Connected

1970-01-01 01:07:07.204 [INFO] [0mdial_data_call_state_callback (dial.c:287) - IPv4 address:        10.75.253.107
1970-01-01 01:07:07.204 [INFO] [0mdial_data_call_state_callback (dial.c:288) - Gateway address:     0.0.0.0
1970-01-01 01:07:07.204 [INFO] [0mdial_data_call_state_callback (dial.c:289) - Primary DNS address: 193.181.246.57
1970-01-01 01:07:07.205 [INFO] [0mdial_data_call_state_callback (dial.c:290) - Second DNS address:  193.181.246.58
1970-01-01 01:07:07.394 [INFO] [0mdial_task (dial.c:1153) - net connected
1970-01-01 01:07:07.409 [INFO] [0mparse_tz_info (tz.c:80) - 2026/08/24,09:20:35+32,0

1970-01-01 01:07:07.409 [INFO] [0mparse_tz_info (tz.c:83) - TZ:32

1970-01-01 01:07:07.415 [INFO] [0msave_tz_info (tz.c:27) - Loaded Tz:32, Set Tz:32
1970-01-01 01:07:07.472 [INFO] [0mnw_get_ifaddrs (nw.c:740) - search ip: 10.75.253.107
1970-01-01 01:07:07.473 [INFO] [0mnw_get_ifaddrs (nw.c:768) - get ifaddrs with name: rmnet_data0

1970-01-01 01:07:07.487 [INFO] [0mdial_task (dial.c:1239) - [COPS] connected: +COPS: 0,0,"CHN-UNICOM",7 (mode=0 auto)
1970-01-01 01:07:08.492 [INFO] [0mdial_task (dial.c:922) - state: wait_for_connect -> net_connected
1970-01-01 01:07:13.556 [INFO] [0mmain (main.c:237) - [HEARTBEAT] state=net_connected csq=13 SRV:2 RAT:LTE DENY:0 RSRP:-115 RSRQ:-8 SNR:110 RSSI:-87 tcp_fail=0 rl_fail=0
1970-01-01 01:08:13.860 [INFO] [0mmain (main.c:237) - [HEARTBEAT] state=net_connected csq=12 SRV:2 RAT:LTE DENY:0 RSRP:-116 RSRQ:-9 SNR:96 RSSI:-89 tcp_fail=0 rl_fail=0
1970-01-01 01:08:13.894 [INFO] [0mmain (main.c:262) - [HEARTBEAT] OPER:UNICOM 46001 cereg=1 cellid=99D991 pci=345 tac=755C rsrp=-114dBm rsrq=-8dB ifname=rmnet_data0 ip=10.75.253.107 rx_packets=247
1970-01-01 01:09:10.077 [INFO] [0mdial_task (dial.c:1360) - policy=1: SIM fallback stable 307s, attempting Roamlink recovery
1970-01-01 01:09:10.091 [INFO] [0mdail_stop_data_call (dial.c:364) - the profile index 1 stop data call success
1970-01-01 01:09:10.096 [INFO] [0mroamlink_is_master_running (roamlink.c:385) - roamlink: RBMaster running (found in /proc)
1970-01-01 01:09:10.097 [INFO] [0mroamlink_start_master (roamlink.c:477) - roamlink: RBMaster already running, skip
1970-01-01 01:09:10.109 [INFO] [0mroamlink_start_service (roamlink.c:676) - roamlink_start: AT+COPS=0 OK
1970-01-01 01:09:10.111 [INFO] [0mroamlink_send_cmd (roamlink.c:617) - roamlink_send_cmd: sent "RBstartServiceMaster" to 127.0.0.1:5568
1970-01-01 01:09:10.113 [INFO] [0mroamlink_start_service (roamlink.c:688) - roamlink_start: Roamlink service started, network_type=2
1970-01-01 01:09:10.293 [INFO] [0mdial_data_call_state_callback (dial.c:279) - profile id 1 
1970-01-01 01:09:10.293 [INFO] [0mdial_data_call_state_callback (dial.c:280) - IP family v4 
1970-01-01 01:09:10.293 [INFO] [0mdial_data_call_state_callback (dial.c:309) - Net disconnected, and reason code 0x1a
1970-01-01 01:09:10.842 [INFO] [0mdial_data_call_state_callback (dial.c:279) - profile id 1 
1970-01-01 01:09:10.843 [INFO] [0mdial_data_call_state_callback (dial.c:280) - IP family v4 
1970-01-01 01:09:10.843 [INFO] [0mdial_data_call_state_callback (dial.c:309) - Net disconnected, and reason code 0x0
1970-01-01 01:09:14.170 [INFO] [0mmain (main.c:237) - [HEARTBEAT] state=roamlink_starting csq=0 SRV:0 RAT:NONE DENY:0 RSRP:N/A RSRQ:N/A SNR:N/A RSSI:N/A tcp_fail=0 rl_fail=0
1970-01-01 01:09:16.125 [INFO] [0mdial_task (dial.c:922) - state: net_connected -> roamlink_starting
1970-01-01 01:09:16.128 [ERROR] [0mnw_tcp_connectivity_test (nw.c:885) - tcp_test: connect() failed immediately: Network is unreachable
1970-01-01 01:09:16.128 [INFO] [0mdial_task (dial.c:1773) - Roamlink not yet connected, waited 6s / 300s
1970-01-01 01:09:21.566 [INFO] [0mdial_data_call_state_callback (dial.c:279) - profile id 1 
1970-01-01 01:09:21.566 [INFO] [0mdial_data_call_state_callback (dial.c:280) - IP family v4 
1970-01-01 01:09:21.567 [INFO] [0mdial_data_call_state_callback (dial.c:283) - Net Connected

1970-01-01 01:09:21.567 [INFO] [0mdial_data_call_state_callback (dial.c:287) - IPv4 address:        10.58.18.5
1970-01-01 01:09:21.567 [INFO] [0mdial_data_call_state_callback (dial.c:288) - Gateway address:     0.0.0.0
1970-01-01 01:09:21.567 [INFO] [0mdial_data_call_state_callback (dial.c:289) - Primary DNS address: 8.8.8.8
1970-01-01 01:09:21.608 [INFO] [0mdial_data_call_state_callback (dial.c:290) - Second DNS address:  4.2.2.2
1970-01-01 01:09:27.477 [ERROR] [0mnw_tcp_connectivity_test (nw.c:908) - tcp_test: connect failed: Connection refused
1970-01-01 01:09:39.090 [ERROR] [0mnw_tcp_connectivity_test (nw.c:908) - tcp_test: connect failed: Connection refused
1970-01-01 01:09:50.530 [ERROR] [0mnw_tcp_connectivity_test (nw.c:908) - tcp_test: connect failed: Connection refused
1970-01-01 01:09:59.733 [INFO] [0mdial_data_call_state_callback (dial.c:279) - profile id 1 
1970-01-01 01:09:59.734 [INFO] [0mdial_data_call_state_callback (dial.c:280) - IP family v4 
1970-01-01 01:09:59.734 [INFO] [0mdial_data_call_state_callback (dial.c:309) - Net disconnected, and reason code 0x0
1970-01-01 01:10:01.538 [ERROR] [0mnw_tcp_connectivity_test (nw.c:885) - tcp_test: connect() failed immediately: Network is unreachable
1970-01-01 01:10:04.748 [INFO] [0mdial_data_call_state_callback (dial.c:279) - profile id 1 
1970-01-01 01:10:04.749 [INFO] [0mdial_data_call_state_callback (dial.c:280) - IP family v4 
1970-01-01 01:10:04.749 [INFO] [0mdial_data_call_state_callback (dial.c:309) - Net disconnected, and reason code 0xd
1970-01-01 01:10:12.539 [ERROR] [0mnw_tcp_connectivity_test (nw.c:885) - tcp_test: connect() failed immediately: Network is unreachable
1970-01-01 01:10:12.540 [INFO] [0mdial_task (dial.c:1773) - Roamlink not yet connected, waited 62s / 300s
1970-01-01 01:10:14.479 [INFO] [0mmain (main.c:237) - [HEARTBEAT] state=roamlink_starting csq=10 SRV:2 RAT:LTE DENY:0 RSRP:-121 RSRQ:-7 SNR:-86 RSSI:-94 tcp_fail=0 rl_fail=0
1970-01-01 01:10:15.452 [INFO] [0mdial_data_call_state_callback (dial.c:279) - profile id 1 
1970-01-01 01:10:15.452 [INFO] [0mdial_data_call_state_callback (dial.c:280) - IP family v4 
1970-01-01 01:10:15.452 [INFO] [0mdial_data_call_state_callback (dial.c:283) - Net Connected

1970-01-01 01:10:15.452 [INFO] [0mdial_data_call_state_callback (dial.c:287) - IPv4 address:        10.206.10.60
1970-01-01 01:10:15.452 [INFO] [0mdial_data_call_state_callback (dial.c:288) - Gateway address:     0.0.0.0
1970-01-01 01:10:15.452 [INFO] [0mdial_data_call_state_callback (dial.c:289) - Primary DNS address: 1.1.1.1
1970-01-01 01:10:15.453 [INFO] [0mdial_data_call_state_callback (dial.c:290) - Second DNS address:  8.8.8.8
1970-01-01 01:10:24.038 [INFO] [0mdial_task (dial.c:1698) - Roamlink connected, entering active state
1970-01-01 01:10:35.057 [INFO] [0mdial_task (dial.c:922) - state: roamlink_starting -> roamlink_active
1970-01-01 01:11:14.721 [INFO] [0mmain (main.c:237) - [HEARTBEAT] state=roamlink_active csq=15 SRV:2 RAT:LTE DENY:0 RSRP:-115 RSRQ:-10 SNR:114 RSSI:-83 tcp_fail=0 rl_fail=0
1970-01-01 01:12:14.975 [INFO] [0mmain (main.c:237) - [HEARTBEAT] state=roamlink_active csq=17 SRV:2 RAT:LTE DENY:0 RSRP:-111 RSRQ:-10 SNR:126 RSSI:-80 tcp_fail=0 rl_fail=0
1970-01-01 01:13:15.244 [INFO] [0mmain (main.c:237) - [HEARTBEAT] state=roamlink_active csq=15 SRV:2 RAT:LTE DENY:0 RSRP:-111 RSRQ:-9 SNR:142 RSSI:-83 tcp_fail=0 rl_fail=0
1970-01-01 01:13:15.279 [INFO] [0mmain (main.c:262) - [HEARTBEAT] OPER:CT 46011 cereg=1 cellid=99D991 pci=345 tac=755C rsrp=-111dBm rsrq=-8dB ifname=rmnet_data0 ip=10.206.10.60 rx_packets=450
1970-01-01 01:14:15.566 [INFO] [0mmain (main.c:237) - [HEARTBEAT] state=roamlink_active csq=14 SRV:2 RAT:LTE DENY:0 RSRP:-112 RSRQ:-8 SNR:136 RSSI:-85 tcp_fail=0 rl_fail=0
1970-01-01 01:15:15.855 [INFO] [0mmain (main.c:237) - [HEARTBEAT] state=roamlink_active csq=14 SRV:2 RAT:LTE DENY:0 RSRP:-114 RSRQ:-8 SNR:114 RSSI:-85 tcp_fail=0 rl_fail=0
1970-01-01 01:16:16.110 [INFO] [0mmain (main.c:237) - [HEARTBEAT] state=roamlink_active csq=11 SRV:2 RAT:LTE DENY:0 RSRP:-116 RSRQ:-4 SNR:10 RSSI:-92 tcp_fail=0 rl_fail=0
1970-01-01 01:17:16.387 [INFO] [0mmain (main.c:237) - [HEARTBEAT] state=roamlink_active csq=13 SRV:2 RAT:LTE DENY:0 RSRP:-114 RSRQ:-9 SNR:116 RSSI:-87 tcp_fail=0 rl_fail=0
1970-01-01 01:18:16.656 [INFO] [0mmain (main.c:237) - [HEARTBEAT] state=roamlink_active csq=13 SRV:2 RAT:LTE DENY:0 RSRP:-115 RSRQ:-5 SNR:50 RSSI:-88 tcp_fail=0 rl_fail=0
1970-01-01 01:18:16.696 [INFO] [0mmain (main.c:262) - [HEARTBEAT] OPER:CT 46011 cereg=1 cellid=99D991 pci=345 tac=755C rsrp=-114dBm rsrq=-4dB ifname=rmnet_data0 ip=10.206.10.60 rx_packets=682
1970-01-01 01:19:16.926 [INFO] [0mmain (main.c:237) - [HEARTBEAT] state=roamlink_active csq=15 SRV:2 RAT:LTE DENY:0 RSRP:-112 RSRQ:-8 SNR:142 RSSI:-80 tcp_fail=0 rl_fail=0
1970-01-01 01:20:17.233 [INFO] [0mmain (main.c:237) - [HEARTBEAT] state=roamlink_active csq=14 SRV:2 RAT:LTE DENY:0 RSRP:-112 RSRQ:-7 SNR:134 RSSI:-85 tcp_fail=0 rl_fail=0
1970-01-01 01:21:17.503 [INFO] [0mmain (main.c:237) - [HEARTBEAT] state=roamlink_active csq=14 SRV:2 RAT:LTE DENY:0 RSRP:-112 RSRQ:-8 SNR:130 RSSI:-85 tcp_fail=0 rl_fail=0
1970-01-01 01:22:17.755 [INFO] [0mmain (main.c:237) - [HEARTBEAT] state=roamlink_active csq=15 SRV:2 RAT:LTE DENY:0 RSRP:-111 RSRQ:-8 SNR:144 RSSI:-83 tcp_fail=0 rl_fail=0
1970-01-01 01:23:18.060 [INFO] [0mmain (main.c:237) - [HEARTBEAT] state=roamlink_active csq=15 SRV:2 RAT:LTE DENY:0 RSRP:-112 RSRQ:-8 SNR:130 RSSI:-84 tcp_fail=0 rl_fail=0
1970-01-01 01:23:18.096 [INFO] [0mmain (main.c:262) - [HEARTBEAT] OPER:CT 46011 cereg=1 cellid=99D991 pci=345 tac=755C rsrp=-113dBm rsrq=-7dB ifname=rmnet_data0 ip=10.206.10.60 rx_packets=909
1970-01-01 01:24:18.320 [INFO] [0mmain (main.c:237) - [HEARTBEAT] state=roamlink_active csq=15 SRV:2 RAT:LTE DENY:0 RSRP:-111 RSRQ:-9 SNR:148 RSSI:-84 tcp_fail=0 rl_fail=0
1970-01-01 01:25:18.579 [INFO] [0mmain (main.c:237) - [HEARTBEAT] state=roamlink_active csq=15 SRV:2 RAT:LTE DENY:0 RSRP:-115 RSRQ:-4 SNR:34 RSSI:-92 tcp_fail=0 rl_fail=0
1970-01-01 01:26:18.842 [INFO] [0mmain (main.c:237) - [HEARTBEAT] state=roamlink_active csq=15 SRV:2 RAT:LTE DENY:0 RSRP:-110 RSRQ:-9 SNR:160 RSSI:-83 tcp_fail=0 rl_fail=0
1970-01-01 01:27:19.125 [INFO] [0mmain (main.c:237) - [HEARTBEAT] state=roamlink_active csq=15 SRV:2 RAT:LTE DENY:0 RSRP:-109 RSRQ:-8 SNR:164 RSSI:-83 tcp_fail=0 rl_fail=0
1970-01-01 01:28:19.396 [INFO] [0mmain (main.c:237) - [HEARTBEAT] state=roamlink_active csq=14 SRV:2 RAT:LTE DENY:0 RSRP:-111 RSRQ:-8 SNR:148 RSSI:-85 tcp_fail=0 rl_fail=0
1970-01-01 01:28:19.432 [INFO] [0mmain (main.c:262) - [HEARTBEAT] OPER:CT 46011 cereg=1 cellid=99D991 pci=345 tac=755C rsrp=-110dBm rsrq=-7dB ifname=rmnet_data0 ip=10.206.10.60 rx_packets=1122
1970-01-01 01:29:19.676 [INFO] [0mmain (main.c:237) - [HEARTBEAT] state=roamlink_active csq=17 SRV:2 RAT:LTE DENY:0 RSRP:-107 RSRQ:-8 SNR:164 RSSI:-80 tcp_fail=0 rl_fail=0
1970-01-01 01:30:19.941 [INFO] [0mmain (main.c:237) - [HEARTBEAT] state=roamlink_active csq=15 SRV:2 RAT:LTE DENY:0 RSRP:-109 RSRQ:-8 SNR:164 RSSI:-83 tcp_fail=0 rl_fail=0
1970-01-01 01:31:20.261 [INFO] [0mmain (main.c:237) - [HEARTBEAT] state=roamlink_active csq=15 SRV:2 RAT:LTE DENY:0 RSRP:-110 RSRQ:-8 SNR:152 RSSI:-83 tcp_fail=0 rl_fail=0
1970-01-01 01:32:20.514 [INFO] [0mmain (main.c:237) - [HEARTBEAT] state=roamlink_active csq=18 SRV:2 RAT:LTE DENY:0 RSRP:-111 RSRQ:-9 SNR:148 RSSI:-78 tcp_fail=0 rl_fail=0
1970-01-01 01:33:20.776 [INFO] [0mmain (main.c:237) - [HEARTBEAT] state=roamlink_active csq=16 SRV:2 RAT:LTE DENY:0 RSRP:-107 RSRQ:-7 SNR:188 RSSI:-81 tcp_fail=0 rl_fail=0
1970-01-01 01:33:20.811 [INFO] [0mmain (main.c:262) - [HEARTBEAT] OPER:CT 46011 cereg=1 cellid=99D991 pci=345 tac=755C rsrp=-108dBm rsrq=-6dB ifname=rmnet_data0 ip=10.206.10.60 rx_packets=1354
1970-01-01 01:34:21.086 [INFO] [0mmain (main.c:237) - [HEARTBEAT] state=roamlink_active csq=16 SRV:2 RAT:LTE DENY:0 RSRP:-112 RSRQ:-10 SNR:118 RSSI:-81 tcp_fail=0 rl_fail=0
1970-01-01 01:35:21.390 [INFO] [0mmain (main.c:237) - [HEARTBEAT] state=roamlink_active csq=11 SRV:2 RAT:LTE DENY:0 RSRP:-116 RSRQ:-4 SNR:18 RSSI:-92 tcp_fail=0 rl_fail=0
1970-01-01 01:36:21.664 [INFO] [0mmain (main.c:237) - [HEARTBEAT] state=roamlink_active csq=16 SRV:2 RAT:LTE DENY:0 RSRP:-109 RSRQ:-9 SNR:160 RSSI:-82 tcp_fail=0 rl_fail=0
1970-01-01 01:37:21.893 [INFO] [0mmain (main.c:237) - [HEARTBEAT] state=roamlink_active csq=18 SRV:2 RAT:LTE DENY:0 RSRP:-109 RSRQ:-8 SNR:166 RSSI:-77 tcp_fail=0 rl_fail=0
1970-01-01 01:38:22.227 [INFO] [0mmain (main.c:237) - [HEARTBEAT] state=roamlink_active csq=15 SRV:2 RAT:LTE DENY:0 RSRP:-113 RSRQ:-9 SNR:124 RSSI:-83 tcp_fail=0 rl_fail=0
1970-01-01 01:38:22.264 [INFO] [0mmain (main.c:262) - [HEARTBEAT] OPER:CT 46011 cereg=1 cellid=99D991 pci=345 tac=755C rsrp=-112dBm rsrq=-7dB ifname=rmnet_data0 ip=10.206.10.60 rx_packets=1594
1970-01-01 01:39:22.534 [INFO] [0mmain (main.c:237) - [HEARTBEAT] state=roamlink_active csq=13 SRV:2 RAT:LTE DENY:0 RSRP:-118 RSRQ:-9 SNR:38 RSSI:-87 tcp_fail=0 rl_fail=0
1970-01-01 01:40:22.813 [INFO] [0mmain (main.c:237) - [HEARTBEAT] state=roamlink_active csq=16 SRV:2 RAT:LTE DENY:0 RSRP:-108 RSRQ:-9 SNR:176 RSSI:-82 tcp_fail=0 rl_fail=0
1970-01-01 01:41:23.068 [INFO] [0mmain (main.c:237) - [HEARTBEAT] state=roamlink_active csq=18 SRV:2 RAT:LTE DENY:0 RSRP:-107 RSRQ:-11 SNR:186 RSSI:-77 tcp_fail=0 rl_fail=0
1970-01-01 01:42:23.382 [INFO] [0mmain (main.c:237) - [HEARTBEAT] state=roamlink_active csq=20 SRV:2 RAT:LTE DENY:0 RSRP:-107 RSRQ:-10 SNR:184 RSSI:-74 tcp_fail=0 rl_fail=0
1970-01-01 01:43:23.657 [INFO] [0mmain (main.c:237) - [HEARTBEAT] state=roamlink_active csq=17 SRV:2 RAT:LTE DENY:0 RSRP:-107 RSRQ:-9 SNR:172 RSSI:-80 tcp_fail=0 rl_fail=0
1970-01-01 01:43:23.700 [INFO] [0mmain (main.c:262) - [HEARTBEAT] OPER:CT 46011 cereg=1 cellid=99D991 pci=345 tac=755C rsrp=-112dBm rsrq=-3dB ifname=rmnet_data0 ip=10.206.10.60 rx_packets=1822
1970-01-01 01:44:23.930 [INFO] [0mmain (main.c:237) - [HEARTBEAT] state=roamlink_active csq=17 SRV:2 RAT:LTE DENY:0 RSRP:-107 RSRQ:-8 SNR:182 RSSI:-79 tcp_fail=0 rl_fail=0
1970-01-01 01:45:24.174 [INFO] [0mmain (main.c:237) - [HEARTBEAT] state=roamlink_active csq=19 SRV:2 RAT:LTE DENY:0 RSRP:-106 RSRQ:-9 SNR:180 RSSI:-75 tcp_fail=0 rl_fail=0
1970-01-01 01:46:24.449 [INFO] [0mmain (main.c:237) - [HEARTBEAT] state=roamlink_active csq=18 SRV:2 RAT:LTE DENY:0 RSRP:-106 RSRQ:-8 SNR:176 RSSI:-78 tcp_fail=0 rl_fail=0
1970-01-01 01:47:24.716 [INFO] [0mmain (main.c:237) - [HEARTBEAT] state=roamlink_active csq=19 SRV:2 RAT:LTE DENY:0 RSRP:-107 RSRQ:-12 SNR:190 RSSI:-75 tcp_fail=0 rl_fail=0
1970-01-01 01:48:24.997 [INFO] [0mmain (main.c:237) - [HEARTBEAT] state=roamlink_active csq=18 SRV:2 RAT:LTE DENY:0 RSRP:-108 RSRQ:-12 SNR:174 RSSI:-77 tcp_fail=0 rl_fail=0
1970-01-01 01:48:25.032 [INFO] [0mmain (main.c:262) - [HEARTBEAT] OPER:CT 46011 cereg=1 cellid=99D991 pci=345 tac=755C rsrp=-107dBm rsrq=-7dB ifname=rmnet_data0 ip=10.206.10.60 rx_packets=2051
1970-01-01 01:49:25.284 [INFO] [0mmain (main.c:237) - [HEARTBEAT] state=roamlink_active csq=17 SRV:2 RAT:LTE DENY:0 RSRP:-108 RSRQ:-8 SNR:172 RSSI:-82 tcp_fail=0 rl_fail=0
1970-01-01 01:50:25.539 [INFO] [0mmain (main.c:237) - [HEARTBEAT] state=roamlink_active csq=15 SRV:2 RAT:LTE DENY:0 RSRP:-109 RSRQ:-7 SNR:162 RSSI:-82 tcp_fail=0 rl_fail=0
1970-01-01 01:51:25.819 [INFO] [0mmain (main.c:237) - [HEARTBEAT] state=roamlink_active csq=19 SRV:2 RAT:LTE DENY:0 RSRP:-105 RSRQ:-7 SNR:162 RSSI:-75 tcp_fail=0 rl_fail=0
1970-01-01 01:52:26.065 [INFO] [0mmain (main.c:237) - [HEARTBEAT] state=roamlink_active csq=19 SRV:2 RAT:LTE DENY:0 RSRP:-108 RSRQ:-12 SNR:180 RSSI:-76 tcp_fail=0 rl_fail=0
1970-01-01 01:53:26.366 [INFO] [0mmain (main.c:237) - [HEARTBEAT] state=roamlink_active csq=19 SRV:2 RAT:LTE DENY:0 RSRP:-109 RSRQ:-9 SNR:164 RSSI:-76 tcp_fail=0 rl_fail=0
1970-01-01 01:53:26.401 [INFO] [0mmain (main.c:262) - [HEARTBEAT] OPER:CT 46011 cereg=1 cellid=99D991 pci=345 tac=755C rsrp=-108dBm rsrq=-7dB ifname=rmnet_data0 ip=10.206.10.60 rx_packets=2274
1970-01-01 01:54:26.674 [INFO] [0mmain (main.c:237) - [HEARTBEAT] state=roamlink_active csq=16 SRV:2 RAT:LTE DENY:0 RSRP:-108 RSRQ:-8 SNR:168 RSSI:-81 tcp_fail=0 rl_fail=0
1970-01-01 01:55:26.867 [INFO] [0mmain (main.c:237) - [HEARTBEAT] state=roamlink_active csq=15 SRV:2 RAT:LTE DENY:0 RSRP:-109 RSRQ:-7 SNR:170 RSSI:-83 tcp_fail=0 rl_fail=0
1970-01-01 01:56:27.075 [INFO] [0mmain (main.c:237) - [HEARTBEAT] state=roamlink_active csq=17 SRV:2 RAT:LTE DENY:0 RSRP:-104 RSRQ:-7 SNR:168 RSSI:-80 tcp_fail=0 rl_fail=0
1970-01-01 01:57:27.344 [INFO] [0mmain (main.c:237) - [HEARTBEAT] state=roamlink_active csq=16 SRV:2 RAT:LTE DENY:0 RSRP:-106 RSRQ:-9 SNR:172 RSSI:-81 tcp_fail=0 rl_fail=0
1970-01-01 01:58:27.604 [INFO] [0mmain (main.c:237) - [HEARTBEAT] state=roamlink_active csq=17 SRV:2 RAT:LTE DENY:0 RSRP:-107 RSRQ:-8 SNR:180 RSSI:-80 tcp_fail=0 rl_fail=0
1970-01-01 01:58:27.642 [INFO] [0mmain (main.c:262) - [HEARTBEAT] OPER:CT 46011 cereg=1 cellid=99D991 pci=345 tac=755C rsrp=-106dBm rsrq=-7dB ifname=rmnet_data0 ip=10.206.10.60 rx_packets=2513
1970-01-01 01:59:27.954 [INFO] [0mmain (main.c:237) - [HEARTBEAT] state=roamlink_active csq=17 SRV:2 RAT:LTE DENY:0 RSRP:-106 RSRQ:-7 SNR:170 RSSI:-80 tcp_fail=0 rl_fail=0
1970-01-01 02:00:28.231 [INFO] [0mmain (main.c:237) - [HEARTBEAT] state=roamlink_active csq=17 SRV:2 RAT:LTE DENY:0 RSRP:-106 RSRQ:-8 SNR:192 RSSI:-79 tcp_fail=0 rl_fail=0
1970-01-01 02:01:13.046 [INFO] [0mdial_task (dial.c:1882) - Roamlink biz OK: rx_packets 2621 -> 2649 (summary, interval 3622s)
1970-01-01 02:01:28.450 [INFO] [0mmain (main.c:237) - [HEARTBEAT] state=roamlink_active csq=16 SRV:2 RAT:LTE DENY:0 RSRP:-107 RSRQ:-7 SNR:168 RSSI:-81 tcp_fail=0 rl_fail=0
1970-01-01 02:02:28.733 [INFO] [0mmain (main.c:237) - [HEARTBEAT] state=roamlink_active csq=12 SRV:2 RAT:LTE DENY:0 RSRP:-114 RSRQ:-3 SNR:52 RSSI:-90 tcp_fail=0 rl_fail=0
1970-01-01 02:03:28.984 [INFO] [0mmain (main.c:237) - [HEARTBEAT] state=roamlink_active csq=19 SRV:2 RAT:LTE DENY:0 RSRP:-106 RSRQ:-9 SNR:178 RSSI:-75 tcp_fail=0 rl_fail=0
1970-01-01 02:03:29.021 [INFO] [0mmain (main.c:262) - [HEARTBEAT] OPER:CT 46011 cereg=1 cellid=99D991 pci=345 tac=755C rsrp=-113dBm rsrq=-3dB ifname=rmnet_data0 ip=10.206.10.60 rx_packets=2750
1970-01-01 02:04:29.313 [INFO] [0mmain (main.c:237) - [HEARTBEAT] state=roamlink_active csq=16 SRV:2 RAT:LTE DENY:0 RSRP:-107 RSRQ:-7 SNR:156 RSSI:-81 tcp_fail=0 rl_fail=0
1970-01-01 02:05:29.604 [INFO] [0mmain (main.c:237) - [HEARTBEAT] state=roamlink_active csq=18 SRV:2 RAT:LTE DENY:0 RSRP:-105 RSRQ:-8 SNR:188 RSSI:-78 tcp_fail=0 rl_fail=0
1970-01-01 02:06:29.878 [INFO] [0mmain (main.c:237) - [HEARTBEAT] state=roamlink_active csq=12 SRV:2 RAT:LTE DENY:0 RSRP:-113 RSRQ:-4 SNR:44 RSSI:-89 tcp_fail=0 rl_fail=0
1970-01-01 02:07:30.110 [INFO] [0mmain (main.c:237) - [HEARTBEAT] state=roamlink_active csq=18 SRV:2 RAT:LTE DENY:0 RSRP:-105 RSRQ:-7 SNR:188 RSSI:-78 tcp_fail=0 rl_fail=0
1970-01-01 02:08:30.376 [INFO] [0mmain (main.c:237) - [HEARTBEAT] state=roamlink_active csq=12 SRV:2 RAT:LTE DENY:0 RSRP:-113 RSRQ:-4 SNR:38 RSSI:-89 tcp_fail=0 rl_fail=0
1970-01-01 02:08:30.417 [INFO] [0mmain (main.c:262) - [HEARTBEAT] OPER:CT 46011 cereg=1 cellid=99D991 pci=345 tac=755C rsrp=-104dBm rsrq=-7dB ifname=rmnet_data0 ip=10.206.10.60 rx_packets=2971
1970-01-01 02:09:30.650 [INFO] [0mmain (main.c:237) - [HEARTBEAT] state=roamlink_active csq=16 SRV:2 RAT:LTE DENY:0 RSRP:-107 RSRQ:-7 SNR:168 RSSI:-81 tcp_fail=0 rl_fail=0
1970-01-01 02:10:30.951 [INFO] [0mmain (main.c:237) - [HEARTBEAT] state=roamlink_active csq=17 SRV:2 RAT:LTE DENY:0 RSRP:-106 RSRQ:-8 SNR:170 RSSI:-80 tcp_fail=0 rl_fail=0
1970-01-01 02:11:31.173 [INFO] [0mmain (main.c:237) - [HEARTBEAT] state=roamlink_active csq=17 SRV:2 RAT:LTE DENY:0 RSRP:-106 RSRQ:-7 SNR:184 RSSI:-79 tcp_fail=0 rl_fail=0
1970-01-01 02:12:31.392 [INFO] [0mmain (main.c:237) - [HEARTBEAT] state=roamlink_active csq=17 SRV:2 RAT:LTE DENY:0 RSRP:-105 RSRQ:-7 SNR:200 RSSI:-80 tcp_fail=0 rl_fail=0
1970-01-01 02:13:31.668 [INFO] [0mmain (main.c:237) - [HEARTBEAT] state=roamlink_active csq=16 SRV:2 RAT:LTE DENY:0 RSRP:-108 RSRQ:-7 SNR:176 RSSI:-81 tcp_fail=0 rl_fail=0
1970-01-01 02:13:31.705 [INFO] [0mmain (main.c:262) - [HEARTBEAT] OPER:CT 46011 cereg=1 cellid=99D991 pci=345 tac=755C rsrp=-107dBm rsrq=-6dB ifname=rmnet_data0 ip=10.206.10.60 rx_packets=3205
1970-01-01 02:14:31.973 [INFO] [0mmain (main.c:237) - [HEARTBEAT] state=roamlink_active csq=15 SRV:2 RAT:LTE DENY:0 RSRP:-110 RSRQ:-9 SNR:158 RSSI:-84 tcp_fail=0 rl_fail=0
1970-01-01 02:15:32.233 [INFO] [0mmain (main.c:237) - [HEARTBEAT] state=roamlink_active csq=16 SRV:2 RAT:LTE DENY:0 RSRP:-108 RSRQ:-8 SNR:172 RSSI:-81 tcp_fail=0 rl_fail=0
1970-01-01 02:16:32.496 [INFO] [0mmain (main.c:237) - [HEARTBEAT] state=roamlink_active csq=16 SRV:2 RAT:LTE DENY:0 RSRP:-108 RSRQ:-7 SNR:168 RSSI:-82 tcp_fail=0 rl_fail=0
1970-01-01 02:17:32.776 [INFO] [0mmain (main.c:237) - [HEARTBEAT] state=roamlink_active csq=16 SRV:2 RAT:LTE DENY:0 RSRP:-109 RSRQ:-9 SNR:170 RSSI:-82 tcp_fail=0 rl_fail=0
1970-01-01 02:18:32.976 [INFO] [0mmain (main.c:237) - [HEARTBEAT] state=roamlink_active csq=19 SRV:2 RAT:LTE DENY:0 RSRP:-108 RSRQ:-8 SNR:172 RSSI:-75 tcp_fail=0 rl_fail=0
1970-01-01 02:18:33.015 [INFO] [0mmain (main.c:262) - [HEARTBEAT] OPER:CT 46011 cereg=1 cellid=99D991 pci=345 tac=755C rsrp=-107dBm rsrq=-9dB ifname=rmnet_data0 ip=10.206.10.60 rx_packets=3430
1970-01-01 02:19:33.258 [INFO] [0mmain (main.c:237) - [HEARTBEAT] state=roamlink_active csq=16 SRV:2 RAT:LTE DENY:0 RSRP:-108 RSRQ:-7 SNR:180 RSSI:-81 tcp_fail=0 rl_fail=0
1970-01-01 02:20:33.526 [INFO] [0mmain (main.c:237) - [HEARTBEAT] state=roamlink_active csq=19 SRV:2 RAT:LTE DENY:0 RSRP:-106 RSRQ:-9 SNR:182 RSSI:-75 tcp_fail=0 rl_fail=0
1970-01-01 02:21:33.775 [INFO] [0mmain (main.c:237) - [HEARTBEAT] state=roamlink_active csq=16 SRV:2 RAT:LTE DENY:0 RSRP:-107 RSRQ:-7 SNR:184 RSSI:-81 tcp_fail=0 rl_fail=0
1970-01-01 02:22:34.034 [INFO] [0mmain (main.c:237) - [HEARTBEAT] state=roamlink_active csq=17 SRV:2 RAT:LTE DENY:0 RSRP:-108 RSRQ:-9 SNR:178 RSSI:-79 tcp_fail=0 rl_fail=0
1970-01-01 02:23:34.304 [INFO] [0mmain (main.c:237) - [HEARTBEAT] state=roamlink_active csq=16 SRV:2 RAT:LTE DENY:0 RSRP:-108 RSRQ:-7 SNR:176 RSSI:-81 tcp_fail=0 rl_fail=0
1970-01-01 02:23:34.336 [INFO] [0mmain (main.c:262) - [HEARTBEAT] OPER:CT 46011 cereg=1 cellid=99D991 pci=345 tac=755C rsrp=-107dBm rsrq=-6dB ifname=rmnet_data0 ip=10.206.10.60 rx_packets=3673
1970-01-01 02:24:34.551 [INFO] [0mmain (main.c:237) - [HEARTBEAT] state=roamlink_active csq=16 SRV:2 RAT:LTE DENY:0 RSRP:-107 RSRQ:-7 SNR:188 RSSI:-82 tcp_fail=0 rl_fail=0
1970-01-01 02:25:34.776 [INFO] [0mmain (main.c:237) - [HEARTBEAT] state=roamlink_active csq=13 SRV:2 RAT:LTE DENY:0 RSRP:-113 RSRQ:-5 SNR:58 RSSI:-88 tcp_fail=0 rl_fail=0
1970-01-01 02:26:35.019 [INFO] [0mmain (main.c:237) - [HEARTBEAT] state=roamlink_active csq=16 SRV:2 RAT:LTE DENY:0 RSRP:-108 RSRQ:-7 SNR:170 RSSI:-82 tcp_fail=0 rl_fail=0
1970-01-01 02:27:35.307 [INFO] [0mmain (main.c:237) - [HEARTBEAT] state=roamlink_active csq=11 SRV:2 RAT:LTE DENY:0 RSRP:-114 RSRQ:-3 SNR:30 RSSI:-92 tcp_fail=0 rl_fail=0
1970-01-01 02:28:35.538 [INFO] [0mmain (main.c:237) - [HEARTBEAT] state=roamlink_active csq=15 SRV:2 RAT:LTE DENY:0 RSRP:-109 RSRQ:-7 SNR:162 RSSI:-83 tcp_fail=0 rl_fail=0
1970-01-01 02:28:35.571 [INFO] [0mmain (main.c:262) - [HEARTBEAT] OPER:CT 46011 cereg=1 cellid=99D991 pci=345 tac=755C rsrp=-107dBm rsrq=-6dB ifname=rmnet_data0 ip=10.206.10.60 rx_packets=3886
1970-01-01 02:29:35.878 [INFO] [0mmain (main.c:237) - [HEARTBEAT] state=roamlink_active csq=11 SRV:2 RAT:LTE DENY:0 RSRP:-114 RSRQ:-4 SNR:46 RSSI:-91 tcp_fail=0 rl_fail=0
1970-01-01 02:30:36.189 [INFO] [0mmain (main.c:237) - [HEARTBEAT] state=roamlink_active csq=15 SRV:2 RAT:LTE DENY:0 RSRP:-111 RSRQ:-7 SNR:148 RSSI:-84 tcp_fail=0 rl_fail=0
1970-01-01 02:31:36.428 [INFO] [0mmain (main.c:237) - [HEARTBEAT] state=roamlink_active csq=16 SRV:2 RAT:LTE DENY:0 RSRP:-108 RSRQ:-7 SNR:170 RSSI:-82 tcp_fail=0 rl_fail=0
1970-01-01 02:32:36.681 [INFO] [0mmain (main.c:237) - [HEARTBEAT] state=roamlink_active csq=14 SRV:2 RAT:LTE DENY:0 RSRP:-111 RSRQ:-7 SNR:146 RSSI:-85 tcp_fail=0 rl_fail=0
1970-01-01 02:33:36.945 [INFO] [0mmain (main.c:237) - [HEARTBEAT] state=roamlink_active csq=11 SRV:2 RAT:LTE DENY:0 RSRP:-114 RSRQ:-3 SNR:54 RSSI:-91 tcp_fail=0 rl_fail=0
1970-01-01 02:33:36.983 [INFO] [0mmain (main.c:262) - [HEARTBEAT] OPER:CT 46011 cereg=1 cellid=99D991 pci=345 tac=755C rsrp=-113dBm rsrq=-3dB ifname=rmnet_data0 ip=10.206.10.60 rx_packets=4110
1970-01-01 02:34:37.289 [INFO] [0mmain (main.c:237) - [HEARTBEAT] state=roamlink_active csq=15 SRV:2 RAT:LTE DENY:0 RSRP:-110 RSRQ:-7 SNR:162 RSSI:-83 tcp_fail=0 rl_fail=0
1970-01-01 02:35:37.542 [INFO] [0mmain (main.c:237) - [HEARTBEAT] state=roamlink_active csq=11 SRV:2 RAT:LTE DENY:0 RSRP:-114 RSRQ:-3 SNR:46 RSSI:-91 tcp_fail=0 rl_fail=0
1970-01-01 02:36:37.848 [INFO] [0mmain (main.c:237) - [HEARTBEAT] state=roamlink_active csq=15 SRV:2 RAT:LTE DENY:0 RSRP:-109 RSRQ:-7 SNR:164 RSSI:-83 tcp_fail=0 rl_fail=0
1970-01-01 02:37:38.097 [INFO] [0mmain (main.c:237) - [HEARTBEAT] state=roamlink_active csq=15 SRV:2 RAT:LTE DENY:0 RSRP:-110 RSRQ:-8 SNR:156 RSSI:-83 tcp_fail=0 rl_fail=0
1970-01-01 02:38:38.376 [INFO] [0mmain (main.c:237) - [HEARTBEAT] state=roamlink_active csq=14 SRV:2 RAT:LTE DENY:0 RSRP:-111 RSRQ:-7 SNR:146 RSSI:-85 tcp_fail=0 rl_fail=0
1970-01-01 02:38:38.411 [INFO] [0mmain (main.c:262) - [HEARTBEAT] OPER:CT 46011 cereg=1 cellid=99D991 pci=345 tac=755C rsrp=-111dBm rsrq=-6dB ifname=rmnet_data0 ip=10.206.10.60 rx_packets=4340
1970-01-01 02:39:38.667 [INFO] [0mmain (main.c:237) - [HEARTBEAT] state=roamlink_active csq=17 SRV:2 RAT:LTE DENY:0 RSRP:-109 RSRQ:-7 SNR:158 RSSI:-83 tcp_fail=0 rl_fail=0
1970-01-01 02:40:38.949 [INFO] [0mmain (main.c:237) - [HEARTBEAT] state=roamlink_active csq=11 SRV:2 RAT:LTE DENY:0 RSRP:-114 RSRQ:-3 SNR:54 RSSI:-91 tcp_fail=0 rl_fail=0
1970-01-01 02:41:39.241 [INFO] [0mmain (main.c:237) - [HEARTBEAT] state=roamlink_active csq=16 SRV:2 RAT:LTE DENY:0 RSRP:-109 RSRQ:-7 SNR:170 RSSI:-82 tcp_fail=0 rl_fail=0
1970-01-01 02:42:39.504 [INFO] [0mmain (main.c:237) - [HEARTBEAT] state=roamlink_active csq=15 SRV:2 RAT:LTE DENY:0 RSRP:-112 RSRQ:-9 SNR:138 RSSI:-84 tcp_fail=0 rl_fail=0
1970-01-01 02:43:39.784 [INFO] [0mmain (main.c:237) - [HEARTBEAT] state=roamlink_active csq=11 SRV:2 RAT:LTE DENY:0 RSRP:-114 RSRQ:-3 SNR:46 RSSI:-92 tcp_fail=0 rl_fail=0
1970-01-01 02:43:39.827 [INFO] [0mmain (main.c:262) - [HEARTBEAT] OPER:CT 46011 cereg=1 cellid=99D991 pci=345 tac=755C rsrp=-113dBm rsrq=-3dB ifname=rmnet_data0 ip=10.206.10.60 rx_packets=4571
1970-01-01 02:44:40.053 [INFO] [0mmain (main.c:237) - [HEARTBEAT] state=roamlink_active csq=16 SRV:2 RAT:LTE DENY:0 RSRP:-110 RSRQ:-9 SNR:172 RSSI:-81 tcp_fail=0 rl_fail=0
1970-01-01 02:45:40.355 [INFO] [0mmain (main.c:237) - [HEARTBEAT] state=roamlink_active csq=14 SRV:2 RAT:LTE DENY:0 RSRP:-117 RSRQ:-4 SNR:12 RSSI:-93 tcp_fail=0 rl_fail=0
1970-01-01 02:46:23.994 [ERROR] [0mnw_tcp_connectivity_test (nw.c:899) - tcp_test: select() timeout or error (ret=0)
1970-01-01 02:46:23.995 [ERROR] [0mdial_task (dial.c:1979) - Roamlink tcp test failed, count: 1 / 3
1970-01-01 02:46:40.554 [INFO] [0mmain (main.c:237) - [HEARTBEAT] state=roamlink_active csq=0 SRV:0 RAT:NONE DENY:0 RSRP:N/A RSRQ:N/A SNR:N/A RSSI:N/A tcp_fail=0 rl_fail=1
1970-01-01 02:46:59.010 [ERROR] [0mnw_tcp_connectivity_test (nw.c:899) - tcp_test: select() timeout or error (ret=0)
1970-01-01 02:46:59.010 [ERROR] [0mdial_task (dial.c:1979) - Roamlink tcp test failed, count: 2 / 3
1970-01-01 02:47:34.022 [ERROR] [0mnw_tcp_connectivity_test (nw.c:899) - tcp_test: select() timeout or error (ret=0)
1970-01-01 02:47:34.023 [ERROR] [0mdial_task (dial.c:1979) - Roamlink tcp test failed, count: 3 / 3
1970-01-01 02:47:34.023 [ERROR] [0mdial_task (dial.c:1998) - policy=1: Roamlink failed, switching to SIM
1970-01-01 02:47:34.025 [INFO] [0mroamlink_send_cmd (roamlink.c:617) - roamlink_send_cmd: sent "RBstopServiceMaster" to 127.0.0.1:5568
1970-01-01 02:47:34.027 [INFO] [0mroamlink_stop_service (roamlink.c:708) - roamlink_stop: Roamlink service stopped
1970-01-01 02:47:34.582 [INFO] [0mdial_data_call_state_callback (dial.c:279) - profile id 1 
1970-01-01 02:47:34.582 [INFO] [0mdial_data_call_state_callback (dial.c:280) - IP family v4 
1970-01-01 02:47:34.583 [INFO] [0mdial_data_call_state_callback (dial.c:309) - Net disconnected, and reason code 0x0
1970-01-01 02:47:37.027 [INFO] [0mdial_task (dial.c:2011) - roamlink->SIM: reuse NW client, restart from sim_init
1970-01-01 02:47:40.714 [INFO] [0mmain (main.c:237) - [HEARTBEAT] state=sim_init csq=0 SRV:0 RAT:NONE DENY:0 RSRP:N/A RSRQ:N/A SNR:N/A RSSI:N/A tcp_fail=0 rl_fail=0
1970-01-01 02:47:43.044 [INFO] [0mdial_task (dial.c:922) - state: roamlink_active -> sim_init
1970-01-01 02:47:44.089 [INFO] [0mdial_task (dial.c:922) - state: sim_init -> sim_check
1970-01-01 02:47:45.092 [INFO] [0mdial_task (dial.c:922) - state: sim_check -> sim_op
1970-01-01 02:47:45.098 [INFO] [0msim_op_handler (sim.c:210) - ICCID: 89464283216097005161
1970-01-01 02:47:45.102 [INFO] [0msim_op_handler (sim.c:221) - IMSI: 240422609700516
1970-01-01 02:47:46.103 [INFO] [0mdial_task (dial.c:922) - state: sim_op -> reg_check
1970-01-01 02:47:46.105 [ERROR] [0mdial_task (dial.c:1055) - Dial_st: dial_stat_reg_check failed
1970-01-01 02:47:49.108 [ERROR] [0mdial_task (dial.c:1055) - Dial_st: dial_stat_reg_check failed
1970-01-01 02:47:52.113 [ERROR] [0mdial_task (dial.c:1055) - Dial_st: dial_stat_reg_check failed
1970-01-01 02:47:55.116 [ERROR] [0mdial_task (dial.c:1055) - Dial_st: dial_stat_reg_check failed
1970-01-01 02:47:58.120 [ERROR] [0mdial_task (dial.c:1055) - Dial_st: dial_stat_reg_check failed
1970-01-01 02:48:01.133 [ERROR] [0mdial_task (dial.c:1055) - Dial_st: dial_stat_reg_check failed
1970-01-01 02:48:04.139 [ERROR] [0mdial_task (dial.c:1055) - Dial_st: dial_stat_reg_check failed
1970-01-01 02:48:07.142 [ERROR] [0mdial_task (dial.c:1055) - Dial_st: dial_stat_reg_check failed
1970-01-01 02:48:10.147 [ERROR] [0mdial_task (dial.c:1055) - Dial_st: dial_stat_reg_check failed
1970-01-01 02:48:14.157 [INFO] [0mdial_task (dial.c:922) - state: reg_check -> cereg_check
1970-01-01 02:48:15.171 [INFO] [0mdial_task (dial.c:922) - state: cereg_check -> precondition_check
1970-01-01 02:48:16.172 [INFO] [0mdial_task (dial.c:922) - state: precondition_check -> pre_start_call
1970-01-01 02:48:16.172 [INFO] [0mapn_scan_from_json (apn.c:165) - iccid read from json:898604, iccid:89464283216097005161
1970-01-01 02:48:16.173 [INFO] [0mapn_scan_from_json (apn.c:165) - iccid read from json:893144, iccid:89464283216097005161
1970-01-01 02:48:16.173 [INFO] [0mapn_scan_from_json (apn.c:165) - iccid read from json:894608, iccid:89464283216097005161
1970-01-01 02:48:16.173 [INFO] [0mapn_scan_from_json (apn.c:165) - iccid read from json:894642, iccid:89464283216097005161
1970-01-01 02:48:16.173 [INFO] [0mapn_scan_from_json (apn.c:226) - apn: internet.lte.cxn, iccid: 894642, usrname: , pwd: 
1970-01-01 02:48:16.174 [INFO] [0mapn_get_apn_obj (apn.c:385) - apn found for iccid: 89464283216097005161
1970-01-01 02:48:16.174 [INFO] [0mapn_set (apn.c:246) - apn set with profile_idx: 1, apn_name: internet.lte.cxn, username: , password: 
1970-01-01 02:48:16.191 [INFO] [0mdial_task (dial.c:1130) - [APN] selected: apn="internet.lte.cxn" profile=1 is_oper_select=1 (iccid-match="894642")
1970-01-01 02:48:18.345 [INFO] [0mdial_task (dial.c:922) - state: pre_start_call -> start_call
1970-01-01 02:48:19.516 [INFO] [0mdial_task (dial.c:922) - state: start_call -> wait_for_connect
1970-01-01 02:48:19.554 [INFO] [0mdial_data_call_state_callback (dial.c:279) - profile id 1 
1970-01-01 02:48:19.555 [INFO] [0mdial_data_call_state_callback (dial.c:280) - IP family v4 
1970-01-01 02:48:19.555 [INFO] [0mdial_data_call_state_callback (dial.c:283) - Net Connected

1970-01-01 02:48:19.555 [INFO] [0mdial_data_call_state_callback (dial.c:287) - IPv4 address:        10.135.44.118
1970-01-01 02:48:19.555 [INFO] [0mdial_data_call_state_callback (dial.c:288) - Gateway address:     0.0.0.0
1970-01-01 02:48:19.555 [INFO] [0mdial_data_call_state_callback (dial.c:289) - Primary DNS address: 193.181.246.57
1970-01-01 02:48:19.555 [INFO] [0mdial_data_call_state_callback (dial.c:290) - Second DNS address:  193.181.246.58
1970-01-01 02:48:20.557 [INFO] [0mdial_task (dial.c:1153) - net connected
1970-01-01 02:48:20.572 [INFO] [0mparse_tz_info (tz.c:80) - 2026/08/24,11:01:49+32,0

1970-01-01 02:48:20.572 [INFO] [0mparse_tz_info (tz.c:83) - TZ:32

1970-01-01 02:48:20.573 [INFO] [0msave_tz_info (tz.c:27) - Loaded Tz:32, Set Tz:32
1970-01-01 02:48:20.634 [INFO] [0mnw_get_ifaddrs (nw.c:740) - search ip: 10.135.44.118
1970-01-01 02:48:20.635 [INFO] [0mnw_get_ifaddrs (nw.c:768) - get ifaddrs with name: rmnet_data0

1970-01-01 02:48:20.651 [INFO] [0mdial_task (dial.c:1239) - [COPS] connected: +COPS: 0,0,"CHN-UNICOM",7 (mode=0 auto)
1970-01-01 02:48:21.658 [INFO] [0mdial_task (dial.c:922) - state: wait_for_connect -> net_connected
1970-01-01 02:48:40.895 [INFO] [0mmain (main.c:237) - [HEARTBEAT] state=net_connected csq=18 SRV:2 RAT:LTE DENY:0 RSRP:-105 RSRQ:-7 SNR:188 RSSI:-78 tcp_fail=0 rl_fail=0
1970-01-01 02:48:40.927 [INFO] [0mmain (main.c:262) - [HEARTBEAT] OPER:UNICOM 46001 cereg=1 cellid=99D991 pci=345 tac=755C rsrp=-104dBm rsrq=-6dB ifname=rmnet_data0 ip=10.135.44.118 rx_packets=4692
1970-01-01 02:49:41.187 [INFO] [0mmain (main.c:237) - [HEARTBEAT] state=net_connected csq=17 SRV:2 RAT:LTE DENY:0 RSRP:-105 RSRQ:-7 SNR:202 RSSI:-79 tcp_fail=0 rl_fail=0
1970-01-01 02:50:41.456 [INFO] [0mmain (main.c:237) - [HEARTBEAT] state=net_connected csq=16 SRV:2 RAT:LTE DENY:0 RSRP:-109 RSRQ:-8 SNR:168 RSSI:-81 tcp_fail=0 rl_fail=0
1970-01-01 02:51:41.658 [INFO] [0mmain (main.c:237) - [HEARTBEAT] state=net_connected csq=17 SRV:2 RAT:LTE DENY:0 RSRP:-105 RSRQ:-7 SNR:204 RSSI:-79 tcp_fail=0 rl_fail=0
1970-01-01 02:52:41.803 [INFO] [0mdial_task (dial.c:1360) - policy=1: SIM fallback stable 312s, attempting Roamlink recovery
1970-01-01 02:52:41.815 [INFO] [0mdail_stop_data_call (dial.c:364) - the profile index 1 stop data call success
1970-01-01 02:52:41.823 [INFO] [0mroamlink_is_master_running (roamlink.c:385) - roamlink: RBMaster running (found in /proc)
1970-01-01 02:52:41.823 [INFO] [0mroamlink_start_master (roamlink.c:477) - roamlink: RBMaster already running, skip
1970-01-01 02:52:41.838 [INFO] [0mroamlink_start_service (roamlink.c:676) - roamlink_start: AT+COPS=0 OK
1970-01-01 02:52:41.840 [INFO] [0mroamlink_send_cmd (roamlink.c:617) - roamlink_send_cmd: sent "RBstartServiceMaster" to 127.0.0.1:5568
1970-01-01 02:52:41.841 [INFO] [0mroamlink_start_service (roamlink.c:688) - roamlink_start: Roamlink service started, network_type=2
1970-01-01 02:52:41.939 [INFO] [0mmain (main.c:237) - [HEARTBEAT] state=roamlink_starting csq=17 SRV:2 RAT:LTE DENY:0 RSRP:-106 RSRQ:-8 SNR:178 RSSI:-80 tcp_fail=0 rl_fail=0
1970-01-01 02:52:42.709 [INFO] [0mdial_data_call_state_callback (dial.c:279) - profile id 1 
1970-01-01 02:52:42.709 [INFO] [0mdial_data_call_state_callback (dial.c:280) - IP family v4 
1970-01-01 02:52:42.710 [INFO] [0mdial_data_call_state_callback (dial.c:309) - Net disconnected, and reason code 0x0
1970-01-01 02:52:47.869 [INFO] [0mdial_task (dial.c:922) - state: net_connected -> roamlink_starting
1970-01-01 02:52:47.869 [ERROR] [0mnw_tcp_connectivity_test (nw.c:885) - tcp_test: connect() failed immediately: Network is unreachable
1970-01-01 02:52:47.871 [INFO] [0mdial_task (dial.c:1773) - Roamlink not yet connected, waited 6s / 300s
1970-01-01 02:52:58.873 [ERROR] [0mnw_tcp_connectivity_test (nw.c:885) - tcp_test: connect() failed immediately: Network is unreachable
1970-01-01 02:53:09.874 [ERROR] [0mnw_tcp_connectivity_test (nw.c:885) - tcp_test: connect() failed immediately: Network is unreachable
1970-01-01 02:53:20.889 [ERROR] [0mnw_tcp_connectivity_test (nw.c:885) - tcp_test: connect() failed immediately: Network is unreachable
1970-01-01 02:53:31.890 [ERROR] [0mnw_tcp_connectivity_test (nw.c:885) - tcp_test: connect() failed immediately: Network is unreachable
1970-01-01 02:53:42.175 [INFO] [0mmain (main.c:237) - [HEARTBEAT] state=roamlink_starting csq=18 SRV:2 RAT:LTE DENY:0 RSRP:-105 RSRQ:-8 SNR:184 RSSI:-78 tcp_fail=0 rl_fail=0
1970-01-01 02:53:42.218 [INFO] [0mmain (main.c:262) - [HEARTBEAT] OPER:UNICOM 46001 cereg=1 cellid=99D991 pci=345 tac=755C rsrp=-105dBm rsrq=-7dB ifname=(none) ip=0.0.0.0 rx_packets=0
1970-01-01 02:53:42.893 [ERROR] [0mnw_tcp_connectivity_test (nw.c:885) - tcp_test: connect() failed immediately: Network is unreachable
1970-01-01 02:53:42.893 [INFO] [0mdial_task (dial.c:1773) - Roamlink not yet connected, waited 61s / 300s
1970-01-01 02:53:53.906 [ERROR] [0mnw_tcp_connectivity_test (nw.c:885) - tcp_test: connect() failed immediately: Network is unreachable
1970-01-01 02:54:04.908 [ERROR] [0mnw_tcp_connectivity_test (nw.c:885) - tcp_test: connect() failed immediately: Network is unreachable
1970-01-01 02:54:15.909 [ERROR] [0mnw_tcp_connectivity_test (nw.c:885) - tcp_test: connect() failed immediately: Network is unreachable
1970-01-01 02:54:26.924 [ERROR] [0mnw_tcp_connectivity_test (nw.c:885) - tcp_test: connect() failed immediately: Network is unreachable
1970-01-01 02:54:37.926 [ERROR] [0mnw_tcp_connectivity_test (nw.c:885) - tcp_test: connect() failed immediately: Network is unreachable
1970-01-01 02:54:42.460 [INFO] [0mmain (main.c:237) - [HEARTBEAT] state=roamlink_starting csq=19 SRV:2 RAT:LTE DENY:0 RSRP:-106 RSRQ:-9 SNR:186 RSSI:-76 tcp_fail=0 rl_fail=0
1970-01-01 02:54:48.928 [ERROR] [0mnw_tcp_connectivity_test (nw.c:885) - tcp_test: connect() failed immediately: Network is unreachable
1970-01-01 02:54:48.928 [INFO] [0mdial_task (dial.c:1773) - Roamlink not yet connected, waited 127s / 300s
1970-01-01 02:54:59.937 [ERROR] [0mnw_tcp_connectivity_test (nw.c:885) - tcp_test: connect() failed immediately: Network is unreachable
1970-01-01 02:55:10.939 [ERROR] [0mnw_tcp_connectivity_test (nw.c:885) - tcp_test: connect() failed immediately: Network is unreachable
1970-01-01 02:55:21.942 [ERROR] [0mnw_tcp_connectivity_test (nw.c:885) - tcp_test: connect() failed immediately: Network is unreachable
1970-01-01 02:55:32.951 [ERROR] [0mnw_tcp_connectivity_test (nw.c:885) - tcp_test: connect() failed immediately: Network is unreachable
1970-01-01 02:55:42.699 [INFO] [0mmain (main.c:237) - [HEARTBEAT] state=roamlink_starting csq=18 SRV:2 RAT:LTE DENY:0 RSRP:-104 RSRQ:-7 SNR:214 RSSI:-78 tcp_fail=0 rl_fail=0
1970-01-01 02:55:43.954 [ERROR] [0mnw_tcp_connectivity_test (nw.c:885) - tcp_test: connect() failed immediately: Network is unreachable
1970-01-01 02:55:43.955 [INFO] [0mdial_task (dial.c:1773) - Roamlink not yet connected, waited 182s / 300s
1970-01-01 02:55:54.955 [ERROR] [0mnw_tcp_connectivity_test (nw.c:885) - tcp_test: connect() failed immediately: Network is unreachable
1970-01-01 02:56:05.965 [ERROR] [0mnw_tcp_connectivity_test (nw.c:885) - tcp_test: connect() failed immediately: Network is unreachable
1970-01-01 02:56:16.969 [ERROR] [0mnw_tcp_connectivity_test (nw.c:885) - tcp_test: connect() failed immediately: Network is unreachable
1970-01-01 02:56:27.970 [ERROR] [0mnw_tcp_connectivity_test (nw.c:885) - tcp_test: connect() failed immediately: Network is unreachable
1970-01-01 02:56:38.979 [ERROR] [0mnw_tcp_connectivity_test (nw.c:885) - tcp_test: connect() failed immediately: Network is unreachable
1970-01-01 02:56:42.900 [INFO] [0mmain (main.c:237) - [HEARTBEAT] state=roamlink_starting csq=31 SRV:2 RAT:LTE DENY:0 RSRP:-75 RSRQ:-8 SNR:280 RSSI:-47 tcp_fail=0 rl_fail=0
1970-01-01 02:56:49.984 [ERROR] [0mnw_tcp_connectivity_test (nw.c:885) - tcp_test: connect() failed immediately: Network is unreachable
1970-01-01 02:56:49.986 [INFO] [0mdial_task (dial.c:1773) - Roamlink not yet connected, waited 248s / 300s
1970-01-01 02:57:00.987 [ERROR] [0mnw_tcp_connectivity_test (nw.c:885) - tcp_test: connect() failed immediately: Network is unreachable
1970-01-01 02:57:11.994 [ERROR] [0mnw_tcp_connectivity_test (nw.c:885) - tcp_test: connect() failed immediately: Network is unreachable
1970-01-01 02:57:22.996 [ERROR] [0mnw_tcp_connectivity_test (nw.c:885) - tcp_test: connect() failed immediately: Network is unreachable
1970-01-01 02:57:33.998 [ERROR] [0mnw_tcp_connectivity_test (nw.c:885) - tcp_test: connect() failed immediately: Network is unreachable
1970-01-01 02:57:43.074 [INFO] [0mmain (main.c:237) - [HEARTBEAT] state=roamlink_starting csq=31 SRV:2 RAT:LTE DENY:0 RSRP:-74 RSRQ:-8 SNR:276 RSSI:-47 tcp_fail=0 rl_fail=0
1970-01-01 02:57:45.007 [ERROR] [0mnw_tcp_connectivity_test (nw.c:885) - tcp_test: connect() failed immediately: Network is unreachable
1970-01-01 02:57:45.058 [ERROR] [0mdial_task (dial.c:1711) - Roamlink connect timeout (300s)
1970-01-01 02:57:45.058 [ERROR] [0mdial_task (dial.c:1727) - policy=1: Roamlink timeout, switching to SIM
1970-01-01 02:57:45.062 [INFO] [0mroamlink_send_cmd (roamlink.c:617) - roamlink_send_cmd: sent "RBstopServiceMaster" to 127.0.0.1:5568
1970-01-01 02:57:45.066 [INFO] [0mroamlink_stop_service (roamlink.c:708) - roamlink_stop: Roamlink service stopped
1970-01-01 02:57:48.067 [INFO] [0mdial_task (dial.c:1741) - roamlink->SIM: reuse NW client, restart from sim_init
1970-01-01 02:57:59.068 [INFO] [0mdial_task (dial.c:922) - state: roamlink_starting -> sim_init
1970-01-01 02:58:00.069 [INFO] [0mdial_task (dial.c:922) - state: sim_init -> sim_check
1970-01-01 02:58:01.073 [INFO] [0mdial_task (dial.c:922) - state: sim_check -> sim_op
1970-01-01 02:58:01.081 [INFO] [0msim_op_handler (sim.c:210) - ICCID: 89464283216097005161
1970-01-01 02:58:01.085 [INFO] [0msim_op_handler (sim.c:221) - IMSI: 240422609700516
1970-01-01 02:58:02.086 [INFO] [0mdial_task (dial.c:922) - state: sim_op -> reg_check
1970-01-01 02:58:03.090 [INFO] [0mdial_task (dial.c:922) - state: reg_check -> cereg_check
1970-01-01 02:58:04.104 [INFO] [0mdial_task (dial.c:922) - state: cereg_check -> precondition_check
1970-01-01 02:58:05.105 [INFO] [0mdial_task (dial.c:922) - state: precondition_check -> pre_start_call
1970-01-01 02:58:05.106 [INFO] [0mapn_scan_from_json (apn.c:165) - iccid read from json:898604, iccid:89464283216097005161
1970-01-01 02:58:05.106 [INFO] [0mapn_scan_from_json (apn.c:165) - iccid read from json:893144, iccid:89464283216097005161
1970-01-01 02:58:05.106 [INFO] [0mapn_scan_from_json (apn.c:165) - iccid read from json:894608, iccid:89464283216097005161
1970-01-01 02:58:05.107 [INFO] [0mapn_scan_from_json (apn.c:165) - iccid read from json:894642, iccid:89464283216097005161
1970-01-01 02:58:05.107 [INFO] [0mapn_scan_from_json (apn.c:226) - apn: internet.lte.cxn, iccid: 894642, usrname: , pwd: 
1970-01-01 02:58:05.107 [INFO] [0mapn_get_apn_obj (apn.c:385) - apn found for iccid: 89464283216097005161
1970-01-01 02:58:05.107 [INFO] [0mapn_set (apn.c:246) - apn set with profile_idx: 1, apn_name: internet.lte.cxn, username: , password: 
1970-01-01 02:58:05.123 [INFO] [0mdial_task (dial.c:1130) - [APN] selected: apn="internet.lte.cxn" profile=1 is_oper_select=1 (iccid-match="894642")
1970-01-01 02:58:07.307 [INFO] [0mdial_task (dial.c:922) - state: pre_start_call -> start_call
1970-01-01 02:58:08.470 [INFO] [0mdial_task (dial.c:922) - state: start_call -> wait_for_connect
1970-01-01 02:58:08.509 [INFO] [0mdial_data_call_state_callback (dial.c:279) - profile id 1 
1970-01-01 02:58:08.509 [INFO] [0mdial_data_call_state_callback (dial.c:280) - IP family v4 
1970-01-01 02:58:08.509 [INFO] [0mdial_data_call_state_callback (dial.c:283) - Net Connected

1970-01-01 02:58:08.509 [INFO] [0mdial_data_call_state_callback (dial.c:287) - IPv4 address:        10.140.243.189
1970-01-01 02:58:08.509 [INFO] [0mdial_data_call_state_callback (dial.c:288) - Gateway address:     0.0.0.0
1970-01-01 02:58:08.510 [INFO] [0mdial_data_call_state_callback (dial.c:289) - Primary DNS address: 193.181.246.57
1970-01-01 02:58:08.510 [INFO] [0mdial_data_call_state_callback (dial.c:290) - Second DNS address:  193.181.246.58
1970-01-01 02:58:09.508 [INFO] [0mdial_task (dial.c:1153) - net connected
1970-01-01 02:58:09.521 [INFO] [0mparse_tz_info (tz.c:80) - 2026/08/24,11:11:38+32,0

1970-01-01 02:58:09.521 [INFO] [0mparse_tz_info (tz.c:83) - TZ:32

1970-01-01 02:58:09.522 [INFO] [0msave_tz_info (tz.c:27) - Loaded Tz:32, Set Tz:32
1970-01-01 02:58:09.636 [INFO] [0mnw_get_ifaddrs (nw.c:740) - search ip: 10.140.243.189
1970-01-01 02:58:09.636 [INFO] [0mnw_get_ifaddrs (nw.c:768) - get ifaddrs with name: rmnet_data0

1970-01-01 02:58:09.651 [INFO] [0mdial_task (dial.c:1239) - [COPS] connected: +COPS: 0,0,"CHN-UNICOM",7 (mode=0 auto)
1970-01-01 02:58:10.657 [INFO] [0mdial_task (dial.c:922) - state: wait_for_connect -> net_connected
1970-01-01 02:58:43.268 [INFO] [0mmain (main.c:237) - [HEARTBEAT] state=net_connected csq=20 SRV:2 RAT:LTE DENY:0 RSRP:-97 RSRQ:-5 SNR:168 RSSI:-73 tcp_fail=0 rl_fail=0
1970-01-01 02:58:43.306 [INFO] [0mmain (main.c:262) - [HEARTBEAT] OPER:UNICOM 46001 cereg=1 cellid=99D991 pci=345 tac=755C rsrp=-75dBm rsrq=-7dB ifname=rmnet_data0 ip=10.140.243.189 rx_packets=4862
1970-01-01 02:59:43.521 [INFO] [0mmain (main.c:237) - [HEARTBEAT] state=net_connected csq=31 SRV:2 RAT:LTE DENY:0 RSRP:-75 RSRQ:-8 SNR:290 RSSI:-43 tcp_fail=0 rl_fail=0
1970-01-01 03:00:43.723 [INFO] [0mmain (main.c:237) - [HEARTBEAT] state=net_connected csq=19 SRV:2 RAT:LTE DENY:0 RSRP:-98 RSRQ:-3 SNR:174 RSSI:-76 tcp_fail=0 rl_fail=0
1970-01-01 03:01:43.935 [INFO] [0mmain (main.c:237) - [HEARTBEAT] state=net_connected csq=31 SRV:2 RAT:LTE DENY:0 RSRP:-73 RSRQ:-8 SNR:298 RSSI:-47 tcp_fail=0 rl_fail=0
1970-01-01 03:02:44.166 [INFO] [0mmain (main.c:237) - [HEARTBEAT] state=net_connected csq=31 SRV:2 RAT:LTE DENY:0 RSRP:-75 RSRQ:-7 SNR:300 RSSI:-48 tcp_fail=0 rl_fail=0
1970-01-01 03:02:55.069 [INFO] [0mdial_task (dial.c:1360) - policy=1: SIM fallback stable 309s, attempting Roamlink recovery
1970-01-01 03:02:55.083 [INFO] [0mdail_stop_data_call (dial.c:364) - the profile index 1 stop data call success
1970-01-01 03:02:55.088 [INFO] [0mroamlink_is_master_running (roamlink.c:385) - roamlink: RBMaster running (found in /proc)
1970-01-01 03:02:55.088 [INFO] [0mroamlink_start_master (roamlink.c:477) - roamlink: RBMaster already running, skip
1970-01-01 03:02:55.102 [INFO] [0mroamlink_start_service (roamlink.c:676) - roamlink_start: AT+COPS=0 OK
1970-01-01 03:02:55.104 [INFO] [0mroamlink_send_cmd (roamlink.c:617) - roamlink_send_cmd: sent "RBstartServiceMaster" to 127.0.0.1:5568
1970-01-01 03:02:55.105 [INFO] [0mroamlink_start_service (roamlink.c:688) - roamlink_start: Roamlink service started, network_type=2
1970-01-01 03:02:55.906 [INFO] [0mdial_data_call_state_callback (dial.c:279) - profile id 1 
1970-01-01 03:02:55.906 [INFO] [0mdial_data_call_state_callback (dial.c:280) - IP family v4 
1970-01-01 03:02:55.907 [INFO] [0mdial_data_call_state_callback (dial.c:309) - Net disconnected, and reason code 0x0
1970-01-01 03:03:01.123 [INFO] [0mdial_task (dial.c:922) - state: net_connected -> roamlink_starting
1970-01-01 03:03:01.124 [ERROR] [0mnw_tcp_connectivity_test (nw.c:885) - tcp_test: connect() failed immediately: Network is unreachable
1970-01-01 03:03:01.124 [INFO] [0mdial_task (dial.c:1773) - Roamlink not yet connected, waited 6s / 300s
1970-01-01 03:03:12.125 [ERROR] [0mnw_tcp_connectivity_test (nw.c:885) - tcp_test: connect() failed immediately: Network is unreachable
1970-01-01 03:03:23.135 [ERROR] [0mnw_tcp_connectivity_test (nw.c:885) - tcp_test: connect() failed immediately: Network is unreachable
1970-01-01 03:03:34.139 [ERROR] [0mnw_tcp_connectivity_test (nw.c:885) - tcp_test: connect() failed immediately: Network is unreachable
1970-01-01 03:03:44.365 [INFO] [0mmain (main.c:237) - [HEARTBEAT] state=roamlink_starting csq=31 SRV:2 RAT:LTE DENY:0 RSRP:-76 RSRQ:-8 SNR:280 RSSI:-48 tcp_fail=0 rl_fail=0
1970-01-01 03:03:44.405 [INFO] [0mmain (main.c:262) - [HEARTBEAT] OPER:UNICOM 46001 cereg=1 cellid=99D991 pci=345 tac=755C rsrp=-77dBm rsrq=-7dB ifname=(none) ip=0.0.0.0 rx_packets=0
1970-01-01 03:03:45.141 [ERROR] [0mnw_tcp_connectivity_test (nw.c:885) - tcp_test: connect() failed immediately: Network is unreachable
1970-01-01 03:03:56.161 [ERROR] [0mnw_tcp_connectivity_test (nw.c:885) - tcp_test: connect() failed immediately: Network is unreachable
1970-01-01 03:03:56.162 [INFO] [0mdial_task (dial.c:1773) - Roamlink not yet connected, waited 61s / 300s
1970-01-01 03:04:07.163 [ERROR] [0mnw_tcp_connectivity_test (nw.c:885) - tcp_test: connect() failed immediately: Network is unreachable
1970-01-01 03:04:18.163 [ERROR] [0mnw_tcp_connectivity_test (nw.c:885) - tcp_test: connect() failed immediately: Network is unreachable
1970-01-01 03:04:29.181 [ERROR] [0mnw_tcp_connectivity_test (nw.c:885) - tcp_test: connect() failed immediately: Network is unreachable
1970-01-01 03:04:40.182 [ERROR] [0mnw_tcp_connectivity_test (nw.c:885) - tcp_test: connect() failed immediately: Network is unreachable
1970-01-01 03:04:44.580 [INFO] [0mmain (main.c:237) - [HEARTBEAT] state=roamlink_starting csq=31 SRV:2 RAT:LTE DENY:0 RSRP:-76 RSRQ:-7 SNR:278 RSSI:-50 tcp_fail=0 rl_fail=0
1970-01-01 03:04:51.183 [ERROR] [0mnw_tcp_connectivity_test (nw.c:885) - tcp_test: connect() failed immediately: Network is unreachable
1970-01-01 03:05:02.198 [ERROR] [0mnw_tcp_connectivity_test (nw.c:885) - tcp_test: connect() failed immediately: Network is unreachable
1970-01-01 03:05:02.199 [INFO] [0mdial_task (dial.c:1773) - Roamlink not yet connected, waited 127s / 300s
1970-01-01 03:05:13.201 [ERROR] [0mnw_tcp_connectivity_test (nw.c:885) - tcp_test: connect() failed immediately: Network is unreachable
1970-01-01 03:05:24.203 [ERROR] [0mnw_tcp_connectivity_test (nw.c:885) - tcp_test: connect() failed immediately: Network is unreachable
1970-01-01 03:05:35.213 [ERROR] [0mnw_tcp_connectivity_test (nw.c:885) - tcp_test: connect() failed immediately: Network is unreachable
1970-01-01 03:05:44.758 [INFO] [0mmain (main.c:237) - [HEARTBEAT] state=roamlink_starting csq=31 SRV:2 RAT:LTE DENY:0 RSRP:-76 RSRQ:-9 SNR:288 RSSI:-48 tcp_fail=0 rl_fail=0
1970-01-01 03:05:46.214 [ERROR] [0mnw_tcp_connectivity_test (nw.c:885) - tcp_test: connect() failed immediately: Network is unreachable
1970-01-01 03:05:57.216 [ERROR] [0mnw_tcp_connectivity_test (nw.c:885) - tcp_test: connect() failed immediately: Network is unreachable
1970-01-01 03:05:57.218 [INFO] [0mdial_task (dial.c:1773) - Roamlink not yet connected, waited 182s / 300s
1970-01-01 03:06:08.228 [ERROR] [0mnw_tcp_connectivity_test (nw.c:885) - tcp_test: connect() failed immediately: Network is unreachable
1970-01-01 03:06:19.229 [ERROR] [0mnw_tcp_connectivity_test (nw.c:885) - tcp_test: connect() failed immediately: Network is unreachable
1970-01-01 03:06:30.231 [ERROR] [0mnw_tcp_connectivity_test (nw.c:885) - tcp_test: connect() failed immediately: Network is unreachable
1970-01-01 03:06:41.244 [ERROR] [0mnw_tcp_connectivity_test (nw.c:885) - tcp_test: connect() failed immediately: Network is unreachable
1970-01-01 03:06:44.934 [INFO] [0mmain (main.c:237) - [HEARTBEAT] state=roamlink_starting csq=31 SRV:2 RAT:LTE DENY:0 RSRP:-76 RSRQ:-8 SNR:280 RSSI:-48 tcp_fail=0 rl_fail=0
1970-01-01 03:06:52.245 [ERROR] [0mnw_tcp_connectivity_test (nw.c:885) - tcp_test: connect() failed immediately: Network is unreachable
1970-01-01 03:07:03.246 [ERROR] [0mnw_tcp_connectivity_test (nw.c:885) - tcp_test: connect() failed immediately: Network is unreachable
1970-01-01 03:07:03.247 [INFO] [0mdial_task (dial.c:1773) - Roamlink not yet connected, waited 248s / 300s
1970-01-01 03:07:14.257 [ERROR] [0mnw_tcp_connectivity_test (nw.c:885) - tcp_test: connect() failed immediately: Network is unreachable
1970-01-01 03:07:25.260 [ERROR] [0mnw_tcp_connectivity_test (nw.c:885) - tcp_test: connect() failed immediately: Network is unreachable
1970-01-01 03:07:36.262 [ERROR] [0mnw_tcp_connectivity_test (nw.c:885) - tcp_test: connect() failed immediately: Network is unreachable
1970-01-01 03:07:45.105 [INFO] [0mmain (main.c:237) - [HEARTBEAT] state=roamlink_starting csq=31 SRV:2 RAT:LTE DENY:0 RSRP:-76 RSRQ:-7 SNR:278 RSSI:-49 tcp_fail=0 rl_fail=0
1970-01-01 03:07:47.271 [ERROR] [0mnw_tcp_connectivity_test (nw.c:885) - tcp_test: connect() failed immediately: Network is unreachable
1970-01-01 03:07:58.272 [ERROR] [0mnw_tcp_connectivity_test (nw.c:885) - tcp_test: connect() failed immediately: Network is unreachable
1970-01-01 03:07:58.272 [ERROR] [0mdial_task (dial.c:1711) - Roamlink connect timeout (300s)
1970-01-01 03:07:58.273 [ERROR] [0mdial_task (dial.c:1727) - policy=1: Roamlink timeout, switching to SIM
1970-01-01 03:07:58.275 [INFO] [0mroamlink_send_cmd (roamlink.c:617) - roamlink_send_cmd: sent "RBstopServiceMaster" to 127.0.0.1:5568
1970-01-01 03:07:58.277 [INFO] [0mroamlink_stop_service (roamlink.c:708) - roamlink_stop: Roamlink service stopped
1970-01-01 03:08:01.278 [INFO] [0mdial_task (dial.c:1741) - roamlink->SIM: reuse NW client, restart from sim_init
1970-01-01 03:08:12.279 [INFO] [0mdial_task (dial.c:922) - state: roamlink_starting -> sim_init
1970-01-01 03:08:13.280 [INFO] [0mdial_task (dial.c:922) - state: sim_init -> sim_check
1970-01-01 03:08:14.283 [INFO] [0mdial_task (dial.c:922) - state: sim_check -> sim_op
1970-01-01 03:08:14.291 [INFO] [0msim_op_handler (sim.c:210) - ICCID: 89464283216097005161
1970-01-01 03:08:14.295 [INFO] [0msim_op_handler (sim.c:221) - IMSI: 240422609700516
1970-01-01 03:08:15.296 [INFO] [0mdial_task (dial.c:922) - state: sim_op -> reg_check
1970-01-01 03:08:16.299 [INFO] [0mdial_task (dial.c:922) - state: reg_check -> cereg_check
1970-01-01 03:08:17.325 [INFO] [0mdial_task (dial.c:922) - state: cereg_check -> precondition_check
1970-01-01 03:08:18.328 [INFO] [0mdial_task (dial.c:922) - state: precondition_check -> pre_start_call
1970-01-01 03:08:18.329 [INFO] [0mapn_scan_from_json (apn.c:165) - iccid read from json:898604, iccid:89464283216097005161
1970-01-01 03:08:18.329 [INFO] [0mapn_scan_from_json (apn.c:165) - iccid read from json:893144, iccid:89464283216097005161
1970-01-01 03:08:18.330 [INFO] [0mapn_scan_from_json (apn.c:165) - iccid read from json:894608, iccid:89464283216097005161
1970-01-01 03:08:18.330 [INFO] [0mapn_scan_from_json (apn.c:165) - iccid read from json:894642, iccid:89464283216097005161
1970-01-01 03:08:18.331 [INFO] [0mapn_scan_from_json (apn.c:226) - apn: internet.lte.cxn, iccid: 894642, usrname: , pwd: 
1970-01-01 03:08:18.331 [INFO] [0mapn_get_apn_obj (apn.c:385) - apn found for iccid: 89464283216097005161
1970-01-01 03:08:18.332 [INFO] [0mapn_set (apn.c:246) - apn set with profile_idx: 1, apn_name: internet.lte.cxn, username: , password: 
1970-01-01 03:08:18.344 [INFO] [0mdial_task (dial.c:1130) - [APN] selected: apn="internet.lte.cxn" profile=1 is_oper_select=1 (iccid-match="894642")
1970-01-01 03:08:20.524 [INFO] [0mdial_task (dial.c:922) - state: pre_start_call -> start_call
1970-01-01 03:08:21.695 [INFO] [0mdial_task (dial.c:922) - state: start_call -> wait_for_connect
1970-01-01 03:08:22.974 [INFO] [0mdial_data_call_state_callback (dial.c:279) - profile id 1 
1970-01-01 03:08:22.974 [INFO] [0mdial_data_call_state_callback (dial.c:280) - IP family v4 
1970-01-01 03:08:22.975 [INFO] [0mdial_data_call_state_callback (dial.c:283) - Net Connected

1970-01-01 03:08:22.975 [INFO] [0mdial_data_call_state_callback (dial.c:287) - IPv4 address:        10.146.210.135
1970-01-01 03:08:22.975 [INFO] [0mdial_data_call_state_callback (dial.c:288) - Gateway address:     0.0.0.0
1970-01-01 03:08:22.975 [INFO] [0mdial_data_call_state_callback (dial.c:289) - Primary DNS address: 193.181.246.57
1970-01-01 03:08:22.975 [INFO] [0mdial_data_call_state_callback (dial.c:290) - Second DNS address:  193.181.246.58
1970-01-01 03:08:23.968 [INFO] [0mdial_task (dial.c:1153) - net connected
1970-01-01 03:08:23.982 [INFO] [0mparse_tz_info (tz.c:80) - 2026/08/24,11:21:53+32,0

1970-01-01 03:08:23.983 [INFO] [0mparse_tz_info (tz.c:83) - TZ:32

1970-01-01 03:08:23.983 [INFO] [0msave_tz_info (tz.c:27) - Loaded Tz:32, Set Tz:32
1970-01-01 03:08:24.043 [INFO] [0mnw_get_ifaddrs (nw.c:740) - search ip: 10.146.210.135
1970-01-01 03:08:24.044 [INFO] [0mnw_get_ifaddrs (nw.c:768) - get ifaddrs with name: rmnet_data0

1970-01-01 03:08:24.059 [INFO] [0mdial_task (dial.c:1239) - [COPS] connected: +COPS: 0,0,"CHN-UNICOM",7 (mode=0 auto)
1970-01-01 03:08:25.065 [INFO] [0mdial_task (dial.c:922) - state: wait_for_connect -> net_connected
1970-01-01 03:08:45.277 [INFO] [0mmain (main.c:237) - [HEARTBEAT] state=net_connected csq=31 SRV:2 RAT:LTE DENY:0 RSRP:-76 RSRQ:-7 SNR:300 RSSI:-51 tcp_fail=0 rl_fail=0
1970-01-01 03:08:45.318 [INFO] [0mmain (main.c:262) - [HEARTBEAT] OPER:UNICOM 46001 cereg=1 cellid=99D991 pci=345 tac=755C rsrp=-75dBm rsrq=-6dB ifname=rmnet_data0 ip=10.146.210.135 rx_packets=5037
1970-01-01 03:09:45.524 [INFO] [0mmain (main.c:237) - [HEARTBEAT] state=net_connected csq=17 SRV:2 RAT:LTE DENY:0 RSRP:-101 RSRQ:-3 SNR:142 RSSI:-79 tcp_fail=0 rl_fail=0
1970-01-01 03:10:45.761 [INFO] [0mmain (main.c:237) - [HEARTBEAT] state=net_connected csq=31 SRV:2 RAT:LTE DENY:0 RSRP:-78 RSRQ:-7 SNR:294 RSSI:-52 tcp_fail=0 rl_fail=0
1970-01-01 03:11:45.973 [INFO] [0mmain (main.c:237) - [HEARTBEAT] state=net_connected csq=31 SRV:2 RAT:LTE DENY:0 RSRP:-74 RSRQ:-7 SNR:300 RSSI:-48 tcp_fail=0 rl_fail=0
1970-01-01 03:12:46.187 [INFO] [0mmain (main.c:237) - [HEARTBEAT] state=net_connected csq=31 SRV:2 RAT:LTE DENY:0 RSRP:-75 RSRQ:-7 SNR:300 RSSI:-49 tcp_fail=0 rl_fail=0
1970-01-01 03:13:10.039 [INFO] [0mdial_task (dial.c:1360) - policy=1: SIM fallback stable 311s, attempting Roamlink recovery
1970-01-01 03:13:10.048 [INFO] [0mdail_stop_data_call (dial.c:364) - the profile index 1 stop data call success
1970-01-01 03:13:10.055 [INFO] [0mroamlink_is_master_running (roamlink.c:385) - roamlink: RBMaster running (found in /proc)
1970-01-01 03:13:10.056 [INFO] [0mroamlink_start_master (roamlink.c:477) - roamlink: RBMaster already running, skip
1970-01-01 03:13:10.071 [INFO] [0mroamlink_start_service (roamlink.c:676) - roamlink_start: AT+COPS=0 OK
1970-01-01 03:13:10.073 [INFO] [0mroamlink_send_cmd (roamlink.c:617) - roamlink_send_cmd: sent "RBstartServiceMaster" to 127.0.0.1:5568
1970-01-01 03:13:10.076 [INFO] [0mroamlink_start_service (roamlink.c:688) - roamlink_start: Roamlink service started, network_type=2
1970-01-01 03:13:10.979 [INFO] [0mdial_data_call_state_callback (dial.c:279) - profile id 1 
1970-01-01 03:13:10.979 [INFO] [0mdial_data_call_state_callback (dial.c:280) - IP family v4 
1970-01-01 03:13:10.980 [INFO] [0mdial_data_call_state_callback (dial.c:309) - Net disconnected, and reason code 0x0
1970-01-01 03:13:16.087 [INFO] [0mdial_task (dial.c:922) - state: net_connected -> roamlink_starting
1970-01-01 03:13:16.088 [ERROR] [0mnw_tcp_connectivity_test (nw.c:885) - tcp_test: connect() failed immediately: Network is unreachable
1970-01-01 03:13:16.088 [INFO] [0mdial_task (dial.c:1773) - Roamlink not yet connected, waited 6s / 300s
1970-01-01 03:13:27.108 [ERROR] [0mnw_tcp_connectivity_test (nw.c:885) - tcp_test: connect() failed immediately: Network is unreachable
1970-01-01 03:13:38.109 [ERROR] [0mnw_tcp_connectivity_test (nw.c:885) - tcp_test: connect() failed immediately: Network is unreachable
1970-01-01 03:13:46.405 [INFO] [0mmain (main.c:237) - [HEARTBEAT] state=roamlink_starting csq=31 SRV:2 RAT:LTE DENY:0 RSRP:-75 RSRQ:-9 SNR:272 RSSI:-47 tcp_fail=0 rl_fail=0
1970-01-01 03:13:46.445 [INFO] [0mmain (main.c:262) - [HEARTBEAT] OPER:UNICOM 46001 cereg=1 cellid=99D991 pci=345 tac=755C rsrp=-75dBm rsrq=-7dB ifname=(none) ip=0.0.0.0 rx_packets=0
1970-01-01 03:13:49.110 [ERROR] [0mnw_tcp_connectivity_test (nw.c:885) - tcp_test: connect() failed immediately: Network is unreachable
1970-01-01 03:14:00.122 [ERROR] [0mnw_tcp_connectivity_test (nw.c:885) - tcp_test: connect() failed immediately: Network is unreachable
1970-01-01 03:14:11.123 [ERROR] [0mnw_tcp_connectivity_test (nw.c:885) - tcp_test: connect() failed immediately: Network is unreachable
1970-01-01 03:14:11.124 [INFO] [0mdial_task (dial.c:1773) - Roamlink not yet connected, waited 61s / 300s
1970-01-01 03:14:22.125 [ERROR] [0mnw_tcp_connectivity_test (nw.c:885) - tcp_test: connect() failed immediately: Network is unreachable
1970-01-01 03:14:33.143 [ERROR] [0mnw_tcp_connectivity_test (nw.c:885) - tcp_test: connect() failed immediately: Network is unreachable
1970-01-01 03:14:44.145 [ERROR] [0mnw_tcp_connectivity_test (nw.c:885) - tcp_test: connect() failed immediately: Network is unreachable
1970-01-01 03:14:46.620 [INFO] [0mmain (main.c:237) - [HEARTBEAT] state=roamlink_starting csq=31 SRV:2 RAT:LTE DENY:0 RSRP:-75 RSRQ:-8 SNR:280 RSSI:-48 tcp_fail=0 rl_fail=0
1970-01-01 03:14:55.146 [ERROR] [0mnw_tcp_connectivity_test (nw.c:885) - tcp_test: connect() failed immediately: Network is unreachable
1970-01-01 03:15:06.154 [ERROR] [0mnw_tcp_connectivity_test (nw.c:885) - tcp_test: connect() failed immediately: Network is unreachable
1970-01-01 03:15:17.156 [ERROR] [0mnw_tcp_connectivity_test (nw.c:885) - tcp_test: connect() failed immediately: Network is unreachable
1970-01-01 03:15:17.157 [INFO] [0mdial_task (dial.c:1773) - Roamlink not yet connected, waited 127s / 300s
1970-01-01 03:15:28.158 [ERROR] [0mnw_tcp_connectivity_test (nw.c:885) - tcp_test: connect() failed immediately: Network is unreachable
1970-01-01 03:15:39.178 [ERROR] [0mnw_tcp_connectivity_test (nw.c:885) - tcp_test: connect() failed immediately: Network is unreachable
1970-01-01 03:15:46.792 [INFO] [0mmain (main.c:237) - [HEARTBEAT] state=roamlink_starting csq=31 SRV:2 RAT:LTE DENY:0 RSRP:-77 RSRQ:-9 SNR:282 RSSI:-49 tcp_fail=0 rl_fail=0
1970-01-01 03:15:50.179 [ERROR] [0mnw_tcp_connectivity_test (nw.c:885) - tcp_test: connect() failed immediately: Network is unreachable
1970-01-01 03:16:01.180 [ERROR] [0mnw_tcp_connectivity_test (nw.c:885) - tcp_test: connect() failed immediately: Network is unreachable
1970-01-01 03:16:12.185 [ERROR] [0mnw_tcp_connectivity_test (nw.c:885) - tcp_test: connect() failed immediately: Network is unreachable
1970-01-01 03:16:12.188 [INFO] [0mdial_task (dial.c:1773) - Roamlink not yet connected, waited 182s / 300s
1970-01-01 03:16:23.189 [ERROR] [0mnw_tcp_connectivity_test (nw.c:885) - tcp_test: connect() failed immediately: Network is unreachable
1970-01-01 03:16:34.191 [ERROR] [0mnw_tcp_connectivity_test (nw.c:885) - tcp_test: connect() failed immediately: Network is unreachable
1970-01-01 03:16:45.200 [ERROR] [0mnw_tcp_connectivity_test (nw.c:885) - tcp_test: connect() failed immediately: Network is unreachable
1970-01-01 03:16:46.989 [INFO] [0mmain (main.c:237) - [HEARTBEAT] state=roamlink_starting csq=31 SRV:2 RAT:LTE DENY:0 RSRP:-80 RSRQ:-7 SNR:288 RSSI:-53 tcp_fail=0 rl_fail=0
1970-01-01 03:16:56.202 [ERROR] [0mnw_tcp_connectivity_test (nw.c:885) - tcp_test: connect() failed immediately: Network is unreachable
1970-01-01 03:17:07.203 [ERROR] [0mnw_tcp_connectivity_test (nw.c:885) - tcp_test: connect() failed immediately: Network is unreachable
1970-01-01 03:17:18.214 [ERROR] [0mnw_tcp_connectivity_test (nw.c:885) - tcp_test: connect() failed immediately: Network is unreachable
1970-01-01 03:17:18.214 [INFO] [0mdial_task (dial.c:1773) - Roamlink not yet connected, waited 248s / 300s
1970-01-01 03:17:29.215 [ERROR] [0mnw_tcp_connectivity_test (nw.c:885) - tcp_test: connect() failed immediately: Network is unreachable
1970-01-01 03:17:40.217 [ERROR] [0mnw_tcp_connectivity_test (nw.c:885) - tcp_test: connect() failed immediately: Network is unreachable
1970-01-01 03:17:47.188 [INFO] [0mmain (main.c:237) - [HEARTBEAT] state=roamlink_starting csq=31 SRV:2 RAT:LTE DENY:0 RSRP:-78 RSRQ:-8 SNR:296 RSSI:-50 tcp_fail=0 rl_fail=0
1970-01-01 03:17:51.227 [ERROR] [0mnw_tcp_connectivity_test (nw.c:885) - tcp_test: connect() failed immediately: Network is unreachable
1970-01-01 03:18:02.229 [ERROR] [0mnw_tcp_connectivity_test (nw.c:885) - tcp_test: connect() failed immediately: Network is unreachable
1970-01-01 03:18:13.230 [ERROR] [0mnw_tcp_connectivity_test (nw.c:885) - tcp_test: connect() failed immediately: Network is unreachable
1970-01-01 03:18:13.231 [ERROR] [0mdial_task (dial.c:1711) - Roamlink connect timeout (300s)
1970-01-01 03:18:13.231 [ERROR] [0mdial_task (dial.c:1727) - policy=1: Roamlink timeout, switching to SIM
1970-01-01 03:18:13.233 [INFO] [0mroamlink_send_cmd (roamlink.c:617) - roamlink_send_cmd: sent "RBstopServiceMaster" to 127.0.0.1:5568
1970-01-01 03:18:13.235 [INFO] [0mroamlink_stop_service (roamlink.c:708) - roamlink_stop: Roamlink service stopped
1970-01-01 03:18:16.238 [INFO] [0mdial_task (dial.c:1741) - roamlink->SIM: reuse NW client, restart from sim_init
1970-01-01 03:18:27.249 [INFO] [0mdial_task (dial.c:922) - state: roamlink_starting -> sim_init
1970-01-01 03:18:28.250 [INFO] [0mdial_task (dial.c:922) - state: sim_init -> sim_check
1970-01-01 03:18:29.254 [INFO] [0mdial_task (dial.c:922) - state: sim_check -> sim_op
1970-01-01 03:18:29.262 [INFO] [0msim_op_handler (sim.c:210) - ICCID: 89464283216097005161
1970-01-01 03:18:29.269 [INFO] [0msim_op_handler (sim.c:221) - IMSI: 240422609700516
1970-01-01 03:18:30.269 [INFO] [0mdial_task (dial.c:922) - state: sim_op -> reg_check
1970-01-01 03:18:31.275 [INFO] [0mdial_task (dial.c:922) - state: reg_check -> cereg_check
1970-01-01 03:18:32.289 [INFO] [0mdial_task (dial.c:922) - state: cereg_check -> precondition_check
1970-01-01 03:18:33.291 [INFO] [0mdial_task (dial.c:922) - state: precondition_check -> pre_start_call
1970-01-01 03:18:33.292 [INFO] [0mapn_scan_from_json (apn.c:165) - iccid read from json:898604, iccid:89464283216097005161
1970-01-01 03:18:33.293 [INFO] [0mapn_scan_from_json (apn.c:165) - iccid read from json:893144, iccid:89464283216097005161
1970-01-01 03:18:33.293 [INFO] [0mapn_scan_from_json (apn.c:165) - iccid read from json:894608, iccid:89464283216097005161
1970-01-01 03:18:33.293 [INFO] [0mapn_scan_from_json (apn.c:165) - iccid read from json:894642, iccid:89464283216097005161
1970-01-01 03:18:33.294 [INFO] [0mapn_scan_from_json (apn.c:226) - apn: internet.lte.cxn, iccid: 894642, usrname: , pwd: 
1970-01-01 03:18:33.294 [INFO] [0mapn_get_apn_obj (apn.c:385) - apn found for iccid: 89464283216097005161
1970-01-01 03:18:33.294 [INFO] [0mapn_set (apn.c:246) - apn set with profile_idx: 1, apn_name: internet.lte.cxn, username: , password: 
1970-01-01 03:18:33.307 [INFO] [0mdial_task (dial.c:1130) - [APN] selected: apn="internet.lte.cxn" profile=1 is_oper_select=1 (iccid-match="894642")
1970-01-01 03:18:35.465 [INFO] [0mdial_task (dial.c:922) - state: pre_start_call -> start_call
1970-01-01 03:18:36.641 [INFO] [0mdial_task (dial.c:922) - state: start_call -> wait_for_connect
1970-01-01 03:18:36.705 [INFO] [0mdial_data_call_state_callback (dial.c:279) - profile id 1 
1970-01-01 03:18:36.705 [INFO] [0mdial_data_call_state_callback (dial.c:280) - IP family v4 
1970-01-01 03:18:36.706 [INFO] [0mdial_data_call_state_callback (dial.c:283) - Net Connected

1970-01-01 03:18:36.706 [INFO] [0mdial_data_call_state_callback (dial.c:287) - IPv4 address:        10.152.242.159
1970-01-01 03:18:36.706 [INFO] [0mdial_data_call_state_callback (dial.c:288) - Gateway address:     0.0.0.0
1970-01-01 03:18:36.706 [INFO] [0mdial_data_call_state_callback (dial.c:289) - Primary DNS address: 193.181.246.57
1970-01-01 03:18:36.706 [INFO] [0mdial_data_call_state_callback (dial.c:290) - Second DNS address:  193.181.246.58
1970-01-01 03:18:37.703 [INFO] [0mdial_task (dial.c:1153) - net connected
1970-01-01 03:18:37.715 [INFO] [0mparse_tz_info (tz.c:80) - 2026/08/24,11:32:07+32,0

1970-01-01 03:18:37.715 [INFO] [0mparse_tz_info (tz.c:83) - TZ:32

1970-01-01 03:18:37.716 [INFO] [0msave_tz_info (tz.c:27) - Loaded Tz:32, Set Tz:32
1970-01-01 03:18:37.774 [INFO] [0mnw_get_ifaddrs (nw.c:740) - search ip: 10.152.242.159
1970-01-01 03:18:37.775 [INFO] [0mnw_get_ifaddrs (nw.c:768) - get ifaddrs with name: rmnet_data0

1970-01-01 03:18:37.791 [INFO] [0mdial_task (dial.c:1239) - [COPS] connected: +COPS: 0,0,"CHN-UNICOM",7 (mode=0 auto)
1970-01-01 03:18:38.798 [INFO] [0mdial_task (dial.c:922) - state: wait_for_connect -> net_connected
1970-01-01 03:18:47.359 [INFO] [0mmain (main.c:237) - [HEARTBEAT] state=net_connected csq=31 SRV:2 RAT:LTE DENY:0 RSRP:-78 RSRQ:-7 SNR:268 RSSI:-52 tcp_fail=0 rl_fail=0
1970-01-01 03:18:47.392 [INFO] [0mmain (main.c:262) - [HEARTBEAT] OPER:UNICOM 46001 cereg=1 cellid=99D991 pci=345 tac=755C rsrp=-78dBm rsrq=-6dB ifname=rmnet_data0 ip=10.152.242.159 rx_packets=5238
1970-01-01 03:19:25.632 [INFO] [0mmain (main.c:180) - DIAL Version: 1.29.15

1970-01-01 03:19:25.674 [INFO] [0mroamlink_read_policy (roamlink.c:337) - roamlink: network_select = 1
1970-01-01 03:19:25.674 [ERROR] [0mroamlink_probe (roamlink.c:93) - roamlink: license missing or empty at /usrdata/roamlink/etc/.pconfig/license.cer -> LICENSE_MISSING
1970-01-01 03:19:25.698 [INFO] [0mroamlink_license_restore_from_backup (roamlink.c:165) - roamlink: backup license restored to /usrdata/roamlink/etc/.pconfig/license.cer
1970-01-01 03:19:25.699 [INFO] [0mroamlink_probe (roamlink.c:98) - roamlink: probe OK (RBMaster + conf.ini + license valid, size=24304 bytes)
1970-01-01 03:19:25.699 [INFO] [0mdial_mng_new (dial.c:197) - roamlink: license restored from backup, available
1970-01-01 03:19:25.700 [INFO] [0mprint_init_info (main.c:133) - [INIT] policy=1
1970-01-01 03:19:25.713 [INFO] [0mprint_init_info (main.c:140) - [INIT] IMEI: 867929068567918
1970-01-01 03:19:25.728 [INFO] [0mprint_init_info (main.c:144) - [INIT] FW: EG25GGBR07A08M2G_OCPU_30.200.30.200
1970-01-01 03:19:25.756 [INFO] [0mprint_init_info (main.c:162) - [INIT] COPS: +COPS: 0,0,"CHN-UNICOM",7 (mode=0 auto) | CEREG: +CEREG: 0,5
1970-01-01 03:19:25.764 [INFO] [0mdial_task (dial.c:922) - state: (start) -> none
1970-01-01 03:19:25.780 [INFO] [0mroamlink_is_master_running (roamlink.c:385) - roamlink: RBMaster running (found in /proc)
1970-01-01 03:19:25.781 [INFO] [0mroamlink_start_master (roamlink.c:477) - roamlink: RBMaster already running, skip
1970-01-01 03:19:25.781 [INFO] [0mdial_task (dial.c:973) - dial: policy=1, initial channel: Roamlink
1970-01-01 03:19:25.794 [INFO] [0mroamlink_start_service (roamlink.c:676) - roamlink_start: AT+COPS=0 OK
1970-01-01 03:19:25.796 [INFO] [0mroamlink_send_cmd (roamlink.c:617) - roamlink_send_cmd: sent "RBstartServiceMaster" to 127.0.0.1:5568
1970-01-01 03:19:25.797 [INFO] [0mroamlink_start_service (roamlink.c:688) - roamlink_start: Roamlink service started, network_type=2
1970-01-01 03:19:26.797 [INFO] [0mdial_task (dial.c:922) - state: none -> roamlink_starting
1970-01-01 03:19:27.191 [INFO] [0mdial_task (dial.c:1698) - Roamlink connected, entering active state
1970-01-01 03:19:38.199 [INFO] [0mdial_task (dial.c:922) - state: roamlink_starting -> roamlink_active
1970-01-01 03:20:02.212 [ERROR] [0mnw_tcp_connectivity_test (nw.c:885) - tcp_test: connect() failed immediately: Network is unreachable
1970-01-01 03:20:02.212 [ERROR] [0mdial_task (dial.c:1979) - Roamlink tcp test failed, count: 1 / 3
1970-01-01 03:20:25.760 [INFO] [0mmain (main.c:180) - DIAL Version: 1.29.15

1970-01-01 03:20:25.798 [INFO] [0mroamlink_read_policy (roamlink.c:337) - roamlink: network_select = 1
1970-01-01 03:20:25.799 [INFO] [0mroamlink_probe (roamlink.c:98) - roamlink: probe OK (RBMaster + conf.ini + license valid, size=24304 bytes)
1970-01-01 03:20:25.800 [INFO] [0mprint_init_info (main.c:133) - [INIT] policy=1
1970-01-01 03:20:25.814 [INFO] [0mprint_init_info (main.c:140) - [INIT] IMEI: 867929068567918
1970-01-01 03:20:25.826 [INFO] [0mprint_init_info (main.c:144) - [INIT] FW: EG25GGBR07A08M2G_OCPU_30.200.30.200
1970-01-01 03:20:25.852 [INFO] [0mprint_init_info (main.c:162) - [INIT] COPS: +COPS: 0,0,"CHN-CT",7 (mode=0 auto) | CEREG: +CEREG: 0,1
1970-01-01 03:20:25.860 [INFO] [0mdial_task (dial.c:922) - state: (start) -> none
1970-01-01 03:20:25.873 [INFO] [0mroamlink_is_master_running (roamlink.c:385) - roamlink: RBMaster running (found in /proc)
1970-01-01 03:20:25.873 [INFO] [0mroamlink_start_master (roamlink.c:477) - roamlink: RBMaster already running, skip
1970-01-01 03:20:25.873 [INFO] [0mdial_task (dial.c:973) - dial: policy=1, initial channel: Roamlink
1970-01-01 03:20:25.887 [INFO] [0mroamlink_start_service (roamlink.c:676) - roamlink_start: AT+COPS=0 OK
1970-01-01 03:20:25.889 [INFO] [0mroamlink_send_cmd (roamlink.c:617) - roamlink_send_cmd: sent "RBstartServiceMaster" to 127.0.0.1:5568
1970-01-01 03:20:25.890 [INFO] [0mroamlink_start_service (roamlink.c:688) - roamlink_start: Roamlink service started, network_type=2
1970-01-01 03:20:26.891 [INFO] [0mdial_task (dial.c:922) - state: none -> roamlink_starting
1970-01-01 03:20:26.891 [ERROR] [0mnw_tcp_connectivity_test (nw.c:885) - tcp_test: connect() failed immediately: Network is unreachable
1970-01-01 03:20:26.892 [INFO] [0mdial_task (dial.c:1773) - Roamlink not yet connected, waited 1s / 300s
1970-01-01 03:20:38.228 [INFO] [0mdial_task (dial.c:1698) - Roamlink connected, entering active state
1970-01-01 03:20:49.242 [INFO] [0mdial_task (dial.c:922) - state: roamlink_starting -> roamlink_active
1970-01-01 03:21:13.540 [INFO] [0mdial_task (dial.c:1882) - Roamlink biz OK: rx_packets 5312 -> 5317 (summary, interval 9347s)
1970-01-01 03:21:26.122 [INFO] [0mmain (main.c:237) - [HEARTBEAT] state=roamlink_active csq=31 SRV:N/A RAT:N/A DENY:N/A RSRP:N/A RSRQ:N/A SNR:N/A RSSI:N/A tcp_fail=0 rl_fail=0
1970-01-01 03:22:26.369 [INFO] [0mmain (main.c:237) - [HEARTBEAT] state=roamlink_active csq=28 SRV:N/A RAT:N/A DENY:N/A RSRP:N/A RSRQ:N/A SNR:N/A RSSI:N/A tcp_fail=0 rl_fail=0
1970-01-01 03:23:26.635 [INFO] [0mmain (main.c:237) - [HEARTBEAT] state=roamlink_active csq=18 SRV:N/A RAT:N/A DENY:N/A RSRP:N/A RSRQ:N/A SNR:N/A RSSI:N/A tcp_fail=0 rl_fail=0
1970-01-01 03:24:26.219 [INFO] [0mmain (main.c:180) - DIAL Version: 1.29.15

1970-01-01 03:24:26.257 [INFO] [0mroamlink_read_policy (roamlink.c:337) - roamlink: network_select = 1
1970-01-01 03:24:26.258 [INFO] [0mroamlink_probe (roamlink.c:98) - roamlink: probe OK (RBMaster + conf.ini + license valid, size=24304 bytes)
1970-01-01 03:24:26.258 [INFO] [0mprint_init_info (main.c:133) - [INIT] policy=1
1970-01-01 03:24:26.271 [INFO] [0mprint_init_info (main.c:140) - [INIT] IMEI: 867929068567918
1970-01-01 03:24:26.285 [INFO] [0mprint_init_info (main.c:144) - [INIT] FW: EG25GGBR07A08M2G_OCPU_30.200.30.200
1970-01-01 03:24:26.312 [INFO] [0mprint_init_info (main.c:162) - [INIT] COPS: +COPS: 0,0,"CHN-CT",7 (mode=0 auto) | CEREG: +CEREG: 0,1
1970-01-01 03:24:26.326 [INFO] [0mdial_task (dial.c:922) - state: (start) -> none
1970-01-01 03:24:26.343 [INFO] [0mroamlink_is_master_running (roamlink.c:385) - roamlink: RBMaster running (found in /proc)
1970-01-01 03:24:26.343 [INFO] [0mroamlink_start_master (roamlink.c:477) - roamlink: RBMaster already running, skip
1970-01-01 03:24:26.343 [INFO] [0mdial_task (dial.c:973) - dial: policy=1, initial channel: Roamlink
1970-01-01 03:24:26.356 [INFO] [0mroamlink_start_service (roamlink.c:676) - roamlink_start: AT+COPS=0 OK
1970-01-01 03:24:26.358 [INFO] [0mroamlink_send_cmd (roamlink.c:617) - roamlink_send_cmd: sent "RBstartServiceMaster" to 127.0.0.1:5568
1970-01-01 03:24:26.359 [INFO] [0mroamlink_start_service (roamlink.c:688) - roamlink_start: Roamlink service started, network_type=2
1970-01-01 03:24:27.360 [INFO] [0mdial_task (dial.c:922) - state: none -> roamlink_starting
1970-01-01 03:24:27.750 [INFO] [0mdial_task (dial.c:1698) - Roamlink connected, entering active state
1970-01-01 03:24:38.761 [INFO] [0mdial_task (dial.c:922) - state: roamlink_starting -> roamlink_active
1970-01-01 03:25:03.089 [INFO] [0mdial_task (dial.c:1882) - Roamlink biz OK: rx_packets 5437 -> 5474 (summary, interval 9576s)
1970-01-01 03:25:26.592 [INFO] [0mmain (main.c:237) - [HEARTBEAT] state=roamlink_active csq=17 SRV:N/A RAT:N/A DENY:N/A RSRP:N/A RSRQ:N/A SNR:N/A RSSI:N/A tcp_fail=0 rl_fail=0
1970-01-01 03:26:26.822 [INFO] [0mmain (main.c:237) - [HEARTBEAT] state=roamlink_active csq=31 SRV:N/A RAT:N/A DENY:N/A RSRP:N/A RSRQ:N/A SNR:N/A RSSI:N/A tcp_fail=0 rl_fail=0
1970-01-01 03:27:27.035 [INFO] [0mmain (main.c:237) - [HEARTBEAT] state=roamlink_active csq=31 SRV:N/A RAT:N/A DENY:N/A RSRP:N/A RSRQ:N/A SNR:N/A RSSI:N/A tcp_fail=0 rl_fail=0
1970-01-01 03:28:27.308 [INFO] [0mmain (main.c:237) - [HEARTBEAT] state=roamlink_active csq=31 SRV:N/A RAT:N/A DENY:N/A RSRP:N/A RSRQ:N/A SNR:N/A RSSI:N/A tcp_fail=0 rl_fail=0
1970-01-01 03:29:27.562 [INFO] [0mmain (main.c:237) - [HEARTBEAT] state=roamlink_active csq=18 SRV:N/A RAT:N/A DENY:N/A RSRP:N/A RSRQ:N/A SNR:N/A RSSI:N/A tcp_fail=0 rl_fail=0
1970-01-01 03:29:27.593 [INFO] [0mmain (main.c:262) - [HEARTBEAT] OPER:N/A cereg=1 cellid=99D991 pci=345 tac=755C rsrp=-99dBm rsrq=-3dB ifname=rmnet_data0 ip=10.206.197.185 rx_packets=5671
1970-01-01 03:30:27.805 [INFO] [0mmain (main.c:237) - [HEARTBEAT] state=roamlink_active csq=21 SRV:N/A RAT:N/A DENY:N/A RSRP:N/A RSRQ:N/A SNR:N/A RSSI:N/A tcp_fail=0 rl_fail=0
1970-01-01 03:31:28.070 [INFO] [0mmain (main.c:237) - [HEARTBEAT] state=roamlink_active csq=17 SRV:N/A RAT:N/A DENY:N/A RSRP:N/A RSRQ:N/A SNR:N/A RSSI:N/A tcp_fail=0 rl_fail=0
1970-01-01 03:32:28.304 [INFO] [0mmain (main.c:237) - [HEARTBEAT] state=roamlink_active csq=17 SRV:N/A RAT:N/A DENY:N/A RSRP:N/A RSRQ:N/A SNR:N/A RSSI:N/A tcp_fail=0 rl_fail=0
1970-01-01 03:33:28.565 [INFO] [0mmain (main.c:237) - [HEARTBEAT] state=roamlink_active csq=30 SRV:N/A RAT:N/A DENY:N/A RSRP:N/A RSRQ:N/A SNR:N/A RSSI:N/A tcp_fail=0 rl_fail=0
1970-01-01 03:33:57.316 [INFO] [0mmain (main.c:180) - DIAL Version: 1.29.15

1970-01-01 03:33:57.353 [INFO] [0mroamlink_read_policy (roamlink.c:337) - roamlink: network_select = 1
1970-01-01 03:33:57.353 [ERROR] [0mroamlink_probe (roamlink.c:93) - roamlink: license missing or empty at /usrdata/roamlink/etc/.pconfig/license.cer -> LICENSE_MISSING
1970-01-01 03:33:57.354 [INFO] [0mroamlink_license_restore_from_backup (roamlink.c:132) - roamlink: no valid backup license at /data/ufs/license.cer
1970-01-01 03:33:57.354 [ERROR] [0mdial_mng_new (dial.c:238) - roamlink: license missing and no backup. Entering license download wait mode. SIM will be used for connectivity while RBMaster downloads license. Timeout: 300 seconds.
1970-01-01 03:33:57.354 [INFO] [0mprint_init_info (main.c:133) - [INIT] policy=4
1970-01-01 03:33:57.368 [INFO] [0mprint_init_info (main.c:140) - [INIT] IMEI: 867929068567918
1970-01-01 03:33:57.381 [INFO] [0mprint_init_info (main.c:144) - [INIT] FW: EG25GGBR07A08M2G_OCPU_30.200.30.200
1970-01-01 03:33:57.409 [INFO] [0mprint_init_info (main.c:162) - [INIT] COPS: +COPS: 0,0,"CHN-CT",7 (mode=0 auto) | CEREG: +CEREG: 0,1
1970-01-01 03:33:57.418 [INFO] [0mdial_task (dial.c:922) - state: (start) -> none
1970-01-01 03:33:57.420 [INFO] [0mdial_task (dial.c:947) - dial: license pending — SIM path first, RBMaster will start after SIM connected
1970-01-01 03:33:58.421 [INFO] [0mdial_task (dial.c:922) - state: none -> init
1970-01-01 03:33:59.921 [INFO] [0mdial_task (dial.c:922) - state: init -> sim_init
1970-01-01 03:34:01.432 [INFO] [0mdial_task (dial.c:922) - state: sim_init -> sim_check
1970-01-01 03:34:02.437 [INFO] [0mdial_task (dial.c:922) - state: sim_check -> sim_op
1970-01-01 03:34:02.448 [INFO] [0msim_op_handler (sim.c:210) - ICCID: 898520302103441580FF
1970-01-01 03:34:02.451 [INFO] [0msim_op_handler (sim.c:221) - IMSI: 454030213441580
1970-01-01 03:34:03.452 [INFO] [0mdial_task (dial.c:922) - state: sim_op -> reg_check
1970-01-01 03:34:04.455 [INFO] [0mdial_task (dial.c:922) - state: reg_check -> cereg_check
1970-01-01 03:34:05.473 [INFO] [0mdial_task (dial.c:922) - state: cereg_check -> precondition_check
1970-01-01 03:34:06.474 [INFO] [0mdial_task (dial.c:922) - state: precondition_check -> pre_start_call
1970-01-01 03:34:06.475 [INFO] [0mapn_scan_from_json (apn.c:165) - iccid read from json:898604, iccid:898520302103441580FF
1970-01-01 03:34:06.475 [INFO] [0mapn_scan_from_json (apn.c:165) - iccid read from json:893144, iccid:898520302103441580FF
1970-01-01 03:34:06.476 [INFO] [0mapn_scan_from_json (apn.c:165) - iccid read from json:894608, iccid:898520302103441580FF
1970-01-01 03:34:06.476 [INFO] [0mapn_scan_from_json (apn.c:165) - iccid read from json:894642, iccid:898520302103441580FF
1970-01-01 03:34:06.476 [INFO] [0mapn_scan_from_json (apn.c:165) - iccid read from json:899110, iccid:898520302103441580FF
1970-01-01 03:34:06.476 [INFO] [0mapn_scan_from_json (apn.c:165) - iccid read from json:899190, iccid:898520302103441580FF
1970-01-01 03:34:06.477 [INFO] [0mapn_set (apn.c:246) - apn set with profile_idx: 1, apn_name: , username: , password: 
1970-01-01 03:34:06.499 [INFO] [0mdial_task (dial.c:1130) - [APN] selected: apn="(empty=网络默认)" profile=1 is_oper_select=0 (iccid-match="(none/default)")
1970-01-01 03:34:08.642 [INFO] [0mdial_task (dial.c:922) - state: pre_start_call -> start_call
1970-01-01 03:34:09.653 [INFO] [0mdial_task (dial.c:922) - state: start_call -> wait_for_connect
1970-01-01 03:34:09.661 [INFO] [0mdial_task (dial.c:1153) - net connected
1970-01-01 03:34:09.673 [INFO] [0mparse_tz_info (tz.c:80) - 2026/08/24,11:47:38+32,0

1970-01-01 03:34:09.673 [INFO] [0mparse_tz_info (tz.c:83) - TZ:32

1970-01-01 03:34:09.674 [INFO] [0msave_tz_info (tz.c:27) - Loaded Tz:32, Set Tz:32
1970-01-01 03:34:09.776 [INFO] [0mnw_get_ifaddrs (nw.c:740) - search ip: 10.206.197.185
1970-01-01 03:34:09.779 [INFO] [0mnw_get_ifaddrs (nw.c:768) - get ifaddrs with name: rmnet_data0

1970-01-01 03:34:09.795 [INFO] [0mdial_task (dial.c:1239) - [COPS] connected: +COPS: 0,0,"CHN-CT",7 (mode=0 auto)
1970-01-01 03:34:09.795 [INFO] [0mdial_task (dial.c:1253) - SIM connected, starting RBMaster for license download
1970-01-01 03:34:09.802 [INFO] [0mroamlink_is_master_running (roamlink.c:385) - roamlink: RBMaster running (found in /proc)
1970-01-01 03:34:09.802 [INFO] [0mroamlink_start_master (roamlink.c:477) - roamlink: RBMaster already running, skip
1970-01-01 03:34:10.809 [INFO] [0mdial_task (dial.c:922) - state: wait_for_connect -> net_connected
1970-01-01 03:34:57.706 [INFO] [0mmain (main.c:237) - [HEARTBEAT] state=net_connected csq=18 SRV:2 RAT:LTE DENY:0 RSRP:-101 RSRQ:-4 SNR:142 RSSI:-78 tcp_fail=0 rl_fail=0
1970-01-01 03:34:58.903 [INFO] [0mdial_task (dial.c:840) - license not yet downloaded, waited 61s / 300s
1970-01-01 03:35:58.012 [INFO] [0mmain (main.c:237) - [HEARTBEAT] state=net_connected csq=31 SRV:2 RAT:LTE DENY:0 RSRP:-78 RSRQ:-8 SNR:258 RSSI:-45 tcp_fail=0 rl_fail=0
1970-01-01 03:35:59.472 [INFO] [0mdial_task (dial.c:840) - license not yet downloaded, waited 122s / 300s
1970-01-01 03:36:58.243 [INFO] [0mmain (main.c:237) - [HEARTBEAT] state=net_connected csq=31 SRV:2 RAT:LTE DENY:0 RSRP:-75 RSRQ:-8 SNR:286 RSSI:-49 tcp_fail=0 rl_fail=0
1970-01-01 03:36:59.906 [INFO] [0mdial_task (dial.c:840) - license not yet downloaded, waited 182s / 300s
1970-01-01 03:37:58.469 [INFO] [0mmain (main.c:237) - [HEARTBEAT] state=net_connected csq=31 SRV:2 RAT:LTE DENY:0 RSRP:-75 RSRQ:-7 SNR:300 RSSI:-48 tcp_fail=0 rl_fail=0
1970-01-01 03:38:00.378 [INFO] [0mdial_task (dial.c:840) - license not yet downloaded, waited 243s / 300s
1970-01-01 03:38:58.709 [INFO] [0mmain (main.c:237) - [HEARTBEAT] state=net_connected csq=18 SRV:2 RAT:LTE DENY:0 RSRP:-98 RSRQ:-3 SNR:164 RSSI:-77 tcp_fail=0 rl_fail=0
1970-01-01 03:38:58.757 [INFO] [0mmain (main.c:262) - [HEARTBEAT] OPER:CT 46011 cereg=1 cellid=99D991 pci=345 tac=755C rsrp=-97dBm rsrq=-3dB ifname=rmnet_data0 ip=10.206.197.185 rx_packets=6086
1970-01-01 03:39:00.827 [INFO] [0mdial_task (dial.c:840) - license not yet downloaded, waited 303s / 300s
1970-01-01 03:39:00.827 [ERROR] [0mdial_task (dial.c:850) - license download timeout (300s)! Giving up. Device will run in FORCE_SIM mode until next reboot.
1970-01-01 03:39:00.827 [WARNING] [0mdial_task (dial.c:868) - [ROAMLINK] license failed, stopping RBMaster to free SIM channel and redial
1970-01-01 03:39:00.831 [INFO] [0mroamlink_send_cmd (roamlink.c:617) - roamlink_send_cmd: sent "RBstopServiceMaster" to 127.0.0.1:5568
1970-01-01 03:39:00.833 [INFO] [0mroamlink_stop_service (roamlink.c:708) - roamlink_stop: Roamlink service stopped
1970-01-01 03:39:01.466 [INFO] [0mdial_data_call_state_callback (dial.c:279) - profile id 1 
1970-01-01 03:39:01.466 [INFO] [0mdial_data_call_state_callback (dial.c:280) - IP family v4 
1970-01-01 03:39:01.466 [INFO] [0mdial_data_call_state_callback (dial.c:309) - Net disconnected, and reason code 0x0
1970-01-01 03:39:03.841 [INFO] [0mdail_stop_data_call (dial.c:364) - the profile index 1 stop data call success
1970-01-01 03:39:03.848 [INFO] [0mdial_task (dial.c:922) - state: net_connected -> reg_check
1970-01-01 03:39:03.852 [ERROR] [0mdial_task (dial.c:1055) - Dial_st: dial_stat_reg_check failed
1970-01-01 03:39:07.856 [INFO] [0mdial_task (dial.c:922) - state: reg_check -> cereg_check
1970-01-01 03:39:08.872 [INFO] [0mdial_task (dial.c:922) - state: cereg_check -> precondition_check
1970-01-01 03:39:09.873 [INFO] [0mdial_task (dial.c:922) - state: precondition_check -> pre_start_call
1970-01-01 03:39:09.873 [INFO] [0mapn_set (apn.c:246) - apn set with profile_idx: 1, apn_name: , username: , password: 
1970-01-01 03:39:09.881 [INFO] [0mdial_task (dial.c:1130) - [APN] selected: apn="(empty=网络默认)" profile=1 is_oper_select=0 (iccid-match="(none/default)")
1970-01-01 03:39:12.047 [INFO] [0mdial_task (dial.c:922) - state: pre_start_call -> start_call
1970-01-01 03:39:12.748 [INFO] [0mdial_data_call_state_callback (dial.c:279) - profile id 1 
1970-01-01 03:39:12.748 [INFO] [0mdial_data_call_state_callback (dial.c:280) - IP family v4 
1970-01-01 03:39:12.748 [INFO] [0mdial_data_call_state_callback (dial.c:283) - Net Connected

1970-01-01 03:39:12.748 [INFO] [0mdial_data_call_state_callback (dial.c:287) - IPv4 address:        10.164.144.126
1970-01-01 03:39:12.748 [INFO] [0mdial_data_call_state_callback (dial.c:288) - Gateway address:     0.0.0.0
1970-01-01 03:39:12.748 [INFO] [0mdial_data_call_state_callback (dial.c:289) - Primary DNS address: 8.8.8.8
1970-01-01 03:39:12.748 [INFO] [0mdial_data_call_state_callback (dial.c:290) - Second DNS address:  8.8.4.4
1970-01-01 03:39:13.226 [INFO] [0mdial_task (dial.c:922) - state: start_call -> wait_for_connect
1970-01-01 03:39:13.238 [INFO] [0mdial_task (dial.c:1153) - net connected
1970-01-01 03:39:13.255 [INFO] [0mparse_tz_info (tz.c:80) - 2026/08/24,11:52:41+32,0

1970-01-01 03:39:13.255 [INFO] [0mparse_tz_info (tz.c:83) - TZ:32

1970-01-01 03:39:13.256 [INFO] [0msave_tz_info (tz.c:27) - Loaded Tz:32, Set Tz:32
1970-01-01 03:39:13.344 [INFO] [0mnw_get_ifaddrs (nw.c:740) - search ip: 10.164.144.126
1970-01-01 03:39:13.345 [INFO] [0mnw_get_ifaddrs (nw.c:768) - get ifaddrs with name: rmnet_data0

1970-01-01 03:39:13.362 [INFO] [0mdial_task (dial.c:1239) - [COPS] connected: +COPS: 0,0,"CHN-UNICOM",7 (mode=0 auto)
1970-01-01 03:39:14.368 [INFO] [0mdial_task (dial.c:922) - state: wait_for_connect -> net_connected
1970-01-01 03:39:58.985 [INFO] [0mmain (main.c:237) - [HEARTBEAT] state=net_connected csq=19 SRV:2 RAT:LTE DENY:0 RSRP:-97 RSRQ:-3 SNR:174 RSSI:-76 tcp_fail=0 rl_fail=0
1970-01-01 03:40:59.218 [INFO] [0mmain (main.c:237) - [HEARTBEAT] state=net_connected csq=31 SRV:2 RAT:LTE DENY:0 RSRP:-76 RSRQ:-7 SNR:290 RSSI:-50 tcp_fail=0 rl_fail=0
1970-01-01 03:41:59.475 [INFO] [0mmain (main.c:237) - [HEARTBEAT] state=net_connected csq=18 SRV:2 RAT:LTE DENY:0 RSRP:-100 RSRQ:-3 SNR:154 RSSI:-78 tcp_fail=0 rl_fail=0
1970-01-01 03:42:59.663 [INFO] [0mmain (main.c:237) - [HEARTBEAT] state=net_connected csq=31 SRV:2 RAT:LTE DENY:0 RSRP:-78 RSRQ:-7 SNR:280 RSSI:-52 tcp_fail=0 rl_fail=0
1970-01-01 03:43:59.918 [INFO] [0mmain (main.c:237) - [HEARTBEAT] state=net_connected csq=18 SRV:2 RAT:LTE DENY:0 RSRP:-99 RSRQ:-3 SNR:164 RSSI:-77 tcp_fail=0 rl_fail=0
1970-01-01 03:43:59.952 [INFO] [0mmain (main.c:262) - [HEARTBEAT] OPER:UNICOM 46001 cereg=1 cellid=99D991 pci=345 tac=755C rsrp=-75dBm rsrq=-6dB ifname=rmnet_data0 ip=10.164.144.126 rx_packets=6273
1970-01-01 03:45:00.193 [INFO] [0mmain (main.c:237) - [HEARTBEAT] state=net_connected csq=31 SRV:2 RAT:LTE DENY:0 RSRP:-75 RSRQ:-8 SNR:210 RSSI:-44 tcp_fail=0 rl_fail=0
1970-01-01 03:46:00.369 [INFO] [0mmain (main.c:237) - [HEARTBEAT] state=net_connected csq=31 SRV:2 RAT:LTE DENY:0 RSRP:-77 RSRQ:-7 SNR:278 RSSI:-49 tcp_fail=0 rl_fail=0
1970-01-01 03:47:00.618 [INFO] [0mmain (main.c:237) - [HEARTBEAT] state=net_connected csq=31 SRV:2 RAT:LTE DENY:0 RSRP:-77 RSRQ:-7 SNR:274 RSSI:-50 tcp_fail=0 rl_fail=0
1970-01-01 03:48:00.858 [INFO] [0mmain (main.c:237) - [HEARTBEAT] state=net_connected csq=17 SRV:2 RAT:LTE DENY:0 RSRP:-101 RSRQ:-3 SNR:140 RSSI:-79 tcp_fail=0 rl_fail=0
1970-01-01 03:49:01.083 [INFO] [0mmain (main.c:237) - [HEARTBEAT] state=net_connected csq=31 SRV:2 RAT:LTE DENY:0 RSRP:-78 RSRQ:-7 SNR:264 RSSI:-52 tcp_fail=0 rl_fail=0
1970-01-01 03:49:01.119 [INFO] [0mmain (main.c:262) - [HEARTBEAT] OPER:UNICOM 46001 cereg=1 cellid=99D991 pci=345 tac=755C rsrp=-77dBm rsrq=-7dB ifname=rmnet_data0 ip=10.164.144.126 rx_packets=6466
1970-01-01 03:50:01.377 [INFO] [0mmain (main.c:237) - [HEARTBEAT] state=net_connected csq=19 SRV:2 RAT:LTE DENY:0 RSRP:-101 RSRQ:-5 SNR:152 RSSI:-76 tcp_fail=0 rl_fail=0
1970-01-01 03:51:01.587 [INFO] [0mmain (main.c:237) - [HEARTBEAT] state=net_connected csq=31 SRV:2 RAT:LTE DENY:0 RSRP:-78 RSRQ:-7 SNR:294 RSSI:-52 tcp_fail=0 rl_fail=0
1970-01-01 03:52:01.780 [INFO] [0mmain (main.c:237) - [HEARTBEAT] state=net_connected csq=31 SRV:2 RAT:LTE DENY:0 RSRP:-78 RSRQ:-7 SNR:264 RSSI:-51 tcp_fail=0 rl_fail=0
1970-01-01 03:53:01.988 [INFO] [0mmain (main.c:237) - [HEARTBEAT] state=net_connected csq=31 SRV:2 RAT:LTE DENY:0 RSRP:-77 RSRQ:-7 SNR:262 RSSI:-49 tcp_fail=0 rl_fail=0
1970-01-01 03:54:02.235 [INFO] [0mmain (main.c:237) - [HEARTBEAT] state=net_connected csq=31 SRV:2 RAT:LTE DENY:0 RSRP:-77 RSRQ:-7 SNR:286 RSSI:-50 tcp_fail=0 rl_fail=0
1970-01-01 03:54:02.276 [INFO] [0mmain (main.c:262) - [HEARTBEAT] OPER:UNICOM 46001 cereg=1 cellid=99D991 pci=345 tac=755C rsrp=-76dBm rsrq=-6dB ifname=rmnet_data0 ip=10.164.144.126 rx_packets=6655
1970-01-01 03:55:02.505 [INFO] [0mmain (main.c:237) - [HEARTBEAT] state=net_connected csq=31 SRV:2 RAT:LTE DENY:0 RSRP:-77 RSRQ:-8 SNR:300 RSSI:-49 tcp_fail=0 rl_fail=0
1970-01-01 03:56:02.743 [INFO] [0mmain (main.c:237) - [HEARTBEAT] state=net_connected csq=31 SRV:2 RAT:LTE DENY:0 RSRP:-76 RSRQ:-8 SNR:300 RSSI:-48 tcp_fail=0 rl_fail=0
1970-01-01 03:57:02.962 [INFO] [0mmain (main.c:237) - [HEARTBEAT] state=net_connected csq=31 SRV:2 RAT:LTE DENY:0 RSRP:-78 RSRQ:-7 SNR:298 RSSI:-51 tcp_fail=0 rl_fail=0
1970-01-01 03:58:03.187 [INFO] [0mmain (main.c:237) - [HEARTBEAT] state=net_connected csq=31 SRV:2 RAT:LTE DENY:0 RSRP:-78 RSRQ:-7 SNR:264 RSSI:-51 tcp_fail=0 rl_fail=0
1970-01-01 03:59:03.352 [INFO] [0mmain (main.c:237) - [HEARTBEAT] state=net_connected csq=31 SRV:2 RAT:LTE DENY:0 RSRP:-77 RSRQ:-8 SNR:272 RSSI:-49 tcp_fail=0 rl_fail=0
1970-01-01 03:59:03.388 [INFO] [0mmain (main.c:262) - [HEARTBEAT] OPER:UNICOM 46001 cereg=1 cellid=99D991 pci=345 tac=755C rsrp=-77dBm rsrq=-6dB ifname=rmnet_data0 ip=10.164.144.126 rx_packets=6852
1970-01-01 04:00:03.628 [INFO] [0mmain (main.c:237) - [HEARTBEAT] state=net_connected csq=31 SRV:2 RAT:LTE DENY:0 RSRP:-76 RSRQ:-7 SNR:276 RSSI:-50 tcp_fail=0 rl_fail=0
1970-01-01 04:01:03.838 [INFO] [0mmain (main.c:237) - [HEARTBEAT] state=net_connected csq=31 SRV:2 RAT:LTE DENY:0 RSRP:-72 RSRQ:-7 SNR:206 RSSI:-42 tcp_fail=0 rl_fail=0
1970-01-01 04:02:04.019 [INFO] [0mmain (main.c:237) - [HEARTBEAT] state=net_connected csq=31 SRV:2 RAT:LTE DENY:0 RSRP:-77 RSRQ:-7 SNR:276 RSSI:-50 tcp_fail=0 rl_fail=0
1970-01-01 04:03:04.241 [INFO] [0mmain (main.c:237) - [HEARTBEAT] state=net_connected csq=31 SRV:2 RAT:LTE DENY:0 RSRP:-77 RSRQ:-7 SNR:300 RSSI:-50 tcp_fail=0 rl_fail=0
1970-01-01 04:04:04.493 [INFO] [0mmain (main.c:237) - [HEARTBEAT] state=net_connected csq=30 SRV:2 RAT:LTE DENY:0 RSRP:-79 RSRQ:-7 SNR:300 RSSI:-53 tcp_fail=0 rl_fail=0
1970-01-01 04:04:04.533 [INFO] [0mmain (main.c:262) - [HEARTBEAT] OPER:UNICOM 46001 cereg=1 cellid=99D991 pci=345 tac=755C rsrp=-78dBm rsrq=-6dB ifname=rmnet_data0 ip=10.164.144.126 rx_packets=7051
1970-01-01 04:05:04.781 [INFO] [0mmain (main.c:237) - [HEARTBEAT] state=net_connected csq=16 SRV:2 RAT:LTE DENY:0 RSRP:-103 RSRQ:-3 SNR:134 RSSI:-81 tcp_fail=0 rl_fail=0
1970-01-01 04:06:05.014 [INFO] [0mmain (main.c:237) - [HEARTBEAT] state=net_connected csq=31 SRV:2 RAT:LTE DENY:0 RSRP:-78 RSRQ:-7 SNR:300 RSSI:-52 tcp_fail=0 rl_fail=0
1970-01-01 04:07:05.265 [INFO] [0mmain (main.c:237) - [HEARTBEAT] state=net_connected csq=31 SRV:2 RAT:LTE DENY:0 RSRP:-80 RSRQ:-7 SNR:300 RSSI:-52 tcp_fail=0 rl_fail=0
1970-01-01 04:08:05.478 [INFO] [0mmain (main.c:237) - [HEARTBEAT] state=net_connected csq=31 SRV:2 RAT:LTE DENY:0 RSRP:-79 RSRQ:-7 SNR:230 RSSI:-52 tcp_fail=0 rl_fail=0
