/media/sdcard not exists 
/media/sdcard not exists 
/media/sdcard not exists 
/media/sdcard not exists 
/media/sdcard not exists 
/media/sdcard not exists 
/media/sdcard not exists 
/media/sdcard not exists 
/media/sdcard not exists 
/media/sdcard not exists 
 /media/sdcard does not exist or free space < 1GB
2026-08-04 23:07:58.026 [INFO] [0martery_product_main (main.c:180) - DIAL Version: 1.29.15

>> Read response urc, len = 6, content : 
OK

>> Read response urc, len = 6, content : 
OK

>> Read response urc, len = 45, content : 
EG25GGBR07A08M2G_OCPU_30.200.30.200

OK

2026-08-04 23:07:58.028 [INFO] [0mroamlink_read_policy (roamlink.c:312) - roamlink: /usrdata/network.ini not found, use default policy 4
2026-08-04 23:07:58.030 [INFO] [0mroamlink_is_master_running (roamlink.c:391) - roamlink: RBMaster process not found in /proc
2026-08-04 23:07:58.030 [ERROR] [0mroamlink_probe (roamlink.c:68) - roamlink: RBMaster not found at /usrdata/roamlink/RBMaster -> NO_PACKAGE
2026-08-04 23:07:58.031 [INFO] [0mprint_init_info (main.c:133) - [INIT] policy=4
>> Read response urc, len = 25, content : 
867929069681908

OK

2026-08-04 23:07:58.031 [INFO] [0mprint_init_info (main.c:140) - [INIT] IMEI: 867929069681908
>> Read response urc, len = 45, content : 
EG25GGBR07A08M2G_OCPU_30.200.30.200

OK

2026-08-04 23:07:58.032 [INFO] [0mprint_init_info (main.c:144) - [INIT] FW: EG25GGBR07A08M2G_OCPU_30.200.30.200
>> Read response urc, len = 30, content : 
+COPS: 0,2,"46000",7

OK

>> Read response urc, len = 21, content : 
+CEREG: 0,0

OK

2026-08-04 23:07:58.033 [INFO] [0mprint_init_info (main.c:162) - [INIT] COPS: +COPS: 0,2,"46000",7 (mode=0 auto) | CEREG: +CEREG: 0,0
>> Read response urc, len = 21, content : 
+CSQ: 18,99

OK

2026-08-04 23:07:58.036 [INFO] [0mdial_task (dial.c:918) - state: (start) -> none
2026-08-04 23:07:58.036 [INFO] [0mdial_task (dial.c:981) - dial: policy=4, initial channel: physical SIM
2026-08-04 23:07:58.043 [INFO] [0mdial_task (dial.c:918) - state: none -> init
2026-08-04 23:07:58.050 [INFO] [0mdial_task (dial.c:918) - state: init -> sim_init
2026-08-04 23:07:58.057 [INFO] [0mdial_task (dial.c:918) - state: sim_init -> sim_check
2026-08-04 23:07:58.064 [INFO] [0mdial_task (dial.c:918) - state: sim_check -> sim_op
2026-08-04 23:07:58.064 [INFO] [0msim_op_handler (sim.c:210) - ICCID: 
2026-08-04 23:07:58.064 [INFO] [0msim_op_handler (sim.c:221) - IMSI: 
>> Read response urc, len = 21, content : 
+CSQ: 18,99

OK

2026-08-04 23:07:58.071 [INFO] [0mdial_task (dial.c:918) - state: sim_op -> reg_check
2026-08-04 23:07:58.071 [ERROR] [0mdial_task (dial.c:1055) - Dial_st: dial_stat_reg_check failed
2026-08-04 23:07:58.093 [ERROR] [0mdial_task (dial.c:1055) - Dial_st: dial_stat_reg_check failed
>> Read response urc, len = 21, content : 
+CSQ: 18,99

OK

2026-08-04 23:07:58.114 [ERROR] [0mdial_task (dial.c:1055) - Dial_st: dial_stat_reg_check failed
2026-08-04 23:07:58.135 [ERROR] [0mdial_task (dial.c:1055) - Dial_st: dial_stat_reg_check failed
>> Read response urc, len = 21, content : 
+CSQ: 18,99

OK

2026-08-04 23:07:58.155 [ERROR] [0mdial_task (dial.c:1055) - Dial_st: dial_stat_reg_check failed
>> Read response urc, len = 21, content : 
+CSQ: 18,99

OK

2026-08-04 23:07:58.176 [ERROR] [0mdial_task (dial.c:1055) - Dial_st: dial_stat_reg_check failed
2026-08-04 23:07:58.197 [ERROR] [0mdial_task (dial.c:1055) - Dial_st: dial_stat_reg_check failed
>> Read response urc, len = 21, content : 
+CSQ: 18,99

OK

2026-08-04 23:07:58.218 [ERROR] [0mdial_task (dial.c:1055) - Dial_st: dial_stat_reg_check failed
>> Read response urc, len = 21, content : 
+CSQ: 18,99

OK

2026-08-04 23:07:58.242 [ERROR] [0mdial_task (dial.c:1055) - Dial_st: dial_stat_reg_check failed
2026-08-04 23:07:58.263 [ERROR] [0mdial_task (dial.c:1055) - Dial_st: dial_stat_reg_check failed
>> Read response urc, len = 21, content : 
+CSQ: 18,99

OK

2026-08-04 23:07:58.283 [ERROR] [0mdial_task (dial.c:1055) - Dial_st: dial_stat_reg_check failed
2026-08-04 23:07:58.304 [ERROR] [0mdial_task (dial.c:1055) - Dial_st: dial_stat_reg_check failed
>> Read response urc, len = 21, content : 
+CSQ: 18,99

OK

2026-08-04 23:07:58.325 [ERROR] [0mdial_task (dial.c:1055) - Dial_st: dial_stat_reg_check failed
>> Read response urc, len = 21, content : 
+CSQ: 18,99

OK

2026-08-04 23:07:58.346 [ERROR] [0mdial_task (dial.c:1055) - Dial_st: dial_stat_reg_check failed
2026-08-04 23:07:58.368 [ERROR] [0mdial_task (dial.c:1055) - Dial_st: dial_stat_reg_check failed
>> Read response urc, len = 21, content : 
+CSQ: 18,99

OK

2026-08-04 23:07:58.389 [ERROR] [0mdial_task (dial.c:1055) - Dial_st: dial_stat_reg_check failed
2026-08-04 23:07:58.410 [ERROR] [0mdial_task (dial.c:1055) - Dial_st: dial_stat_reg_check failed
>> Read response urc, len = 21, content : 
+CSQ: 18,99

OK

2026-08-04 23:07:58.431 [ERROR] [0mdial_task (dial.c:1055) - Dial_st: dial_stat_reg_check failed
>> Read response urc, len = 21, content : 
+CSQ: 18,99

OK

2026-08-04 23:07:58.448 [INFO] [0martery_product_main (main.c:234) - [HEARTBEAT] state=reg_check csq=18 SRV:0 RAT:LTE DENY:6 RSRP:-88 RSRQ:-10 SNR:180 RSSI:-65 tcp_fail=0 rl_fail=0
2026-08-04 23:07:58.454 [ERROR] [0mdial_task (dial.c:1055) - Dial_st: dial_stat_reg_check failed
2026-08-04 23:07:58.475 [ERROR] [0mdial_task (dial.c:1055) - Dial_st: dial_stat_reg_check failed
>> Read response urc, len = 21, content : 
+CSQ: 18,99

OK

2026-08-04 23:07:58.496 [ERROR] [0mdial_task (dial.c:1055) - Dial_st: dial_stat_reg_check failed
>> Read response urc, len = 21, content : 
+CSQ: 18,99

OK

2026-08-04 23:07:58.517 [ERROR] [0mdial_task (dial.c:1055) - Dial_st: dial_stat_reg_check failed
2026-08-04 23:07:58.538 [ERROR] [0mdial_task (dial.c:1055) - Dial_st: dial_stat_reg_check failed
>> Read response urc, len = 21, content : 
+CSQ: 18,99

OK

2026-08-04 23:07:58.559 [ERROR] [0mdial_task (dial.c:1055) - Dial_st: dial_stat_reg_check failed
2026-08-04 23:07:58.580 [ERROR] [0mdial_task (dial.c:1055) - Dial_st: dial_stat_reg_check failed
>> Read response urc, len = 21, content : 
+CSQ: 18,99

OK

2026-08-04 23:07:58.601 [ERROR] [0mdial_task (dial.c:1055) - Dial_st: dial_stat_reg_check failed
>> Read response urc, len = 21, content : 
+CSQ: 18,99

OK

2026-08-04 23:07:58.622 [ERROR] [0mdial_task (dial.c:1055) - Dial_st: dial_stat_reg_check failed
2026-08-04 23:07:58.643 [ERROR] [0mdial_task (dial.c:1055) - Dial_st: dial_stat_reg_check failed
>> Read response urc, len = 21, content : 
+CSQ: 18,99

OK

2026-08-04 23:07:58.667 [ERROR] [0mdial_task (dial.c:1055) - Dial_st: dial_stat_reg_check failed
2026-08-04 23:07:58.687 [ERROR] [0mdial_task (dial.c:1055) - Dial_st: dial_stat_reg_check failed
>> Read response urc, len = 21, content : 
+CSQ: 18,99

OK

2026-08-04 23:07:58.708 [ERROR] [0mdial_task (dial.c:1055) - Dial_st: dial_stat_reg_check failed
>> Read response urc, len = 21, content : 
+CSQ: 18,99

OK

2026-08-04 23:07:58.729 [ERROR] [0mdial_task (dial.c:1055) - Dial_st: dial_stat_reg_check failed
2026-08-04 23:07:58.750 [ERROR] [0mdial_task (dial.c:1055) - Dial_st: dial_stat_reg_check failed
>> Read response urc, len = 21, content : 
+CSQ: 18,99

OK

2026-08-04 23:07:58.770 [ERROR] [0mdial_task (dial.c:1055) - Dial_st: dial_stat_reg_check failed
2026-08-04 23:07:58.791 [ERROR] [0mdial_task (dial.c:1055) - Dial_st: dial_stat_reg_check failed
>> Read response urc, len = 21, content : 
+CSQ: 18,99

OK

2026-08-04 23:07:58.812 [ERROR] [0mdial_task (dial.c:1055) - Dial_st: dial_stat_reg_check failed
>> Read response urc, len = 21, content : 
+CSQ: 18,99

OK

2026-08-04 23:07:58.833 [ERROR] [0mdial_task (dial.c:1055) - Dial_st: dial_stat_reg_check failed
2026-08-04 23:07:58.853 [ERROR] [0mdial_task (dial.c:1055) - Dial_st: dial_stat_reg_check failed
>> Read response urc, len = 21, content : 
+CSQ: 18,99

OK

2026-08-04 23:07:58.860 [INFO] [0martery_product_main (main.c:234) - [HEARTBEAT] state=reg_check csq=18 SRV:0 RAT:LTE DENY:6 RSRP:-88 RSRQ:-10 SNR:180 RSSI:-65 tcp_fail=0 rl_fail=0
2026-08-04 23:07:58.878 [ERROR] [0mdial_task (dial.c:1055) - Dial_st: dial_stat_reg_check failed
>> Read response urc, len = 21, content : 
+CSQ: 18,99

OK

2026-08-04 23:07:58.898 [ERROR] [0mdial_task (dial.c:1055) - Dial_st: dial_stat_reg_check failed
2026-08-04 23:07:58.919 [ERROR] [0mdial_task (dial.c:1055) - Dial_st: dial_stat_reg_check failed
>> Read response urc, len = 21, content : 
+CSQ: 18,99

OK

2026-08-04 23:07:58.940 [ERROR] [0mdial_task (dial.c:1055) - Dial_st: dial_stat_reg_check failed
2026-08-04 23:07:58.961 [ERROR] [0mdial_task (dial.c:1055) - Dial_st: dial_stat_reg_check failed
>> Read response urc, len = 21, content : 
+CSQ: 18,99

OK

2026-08-04 23:07:58.982 [ERROR] [0mdial_task (dial.c:1055) - Dial_st: dial_stat_reg_check failed
>> Read response urc, len = 21, content : 
+CSQ: 18,99

OK

2026-08-04 23:10:28.003 [ERROR] [0mdial_task (dial.c:1055) - Dial_st: dial_stat_reg_check failed
2026-08-04 23:10:28.023 [ERROR] [0mdial_task (dial.c:1055) - Dial_st: dial_stat_reg_check failed
>> Read response urc, len = 21, content : 
+CSQ: 18,99

OK

2026-08-04 23:10:28.044 [ERROR] [0mdial_task (dial.c:1055) - Dial_st: dial_stat_reg_check failed
2026-08-04 23:10:28.065 [ERROR] [0mdial_task (dial.c:1055) - Dial_st: dial_stat_reg_check failed
>> Read response urc, len = 21, content : 
+CSQ: 18,99

OK

2026-08-04 23:10:28.091 [ERROR] [0mdial_task (dial.c:1055) - Dial_st: dial_stat_reg_check failed
>> Read response urc, len = 21, content : 
+CSQ: 18,99

OK

2026-08-04 23:10:28.142 [ERROR] [0mdial_task (dial.c:1055) - Dial_st: dial_stat_reg_check failed
>> Read response urc, len = 21, content : 
+CSQ: 18,99

OK

2026-08-04 23:10:28.164 [ERROR] [0mdial_task (dial.c:1055) - Dial_st: dial_stat_reg_check failed
2026-08-04 23:10:28.184 [ERROR] [0mdial_task (dial.c:1055) - Dial_st: dial_stat_reg_check failed
>> Read response urc, len = 21, content : 
+CSQ: 18,99

OK

2026-08-04 23:10:28.205 [ERROR] [0mdial_task (dial.c:1055) - Dial_st: dial_stat_reg_check failed
2026-08-04 23:10:28.226 [ERROR] [0mdial_task (dial.c:1055) - Dial_st: dial_stat_reg_check failed
>> Read response urc, len = 21, content : 
+CSQ: 18,99

OK

2026-08-04 23:10:28.247 [ERROR] [0mdial_task (dial.c:1055) - Dial_st: dial_stat_reg_check failed
>> Read response urc, len = 21, content : 
+CSQ: 18,99

OK

2026-08-04 23:10:28.268 [ERROR] [0mdial_task (dial.c:1055) - Dial_st: dial_stat_reg_check failed
2026-08-04 23:10:28.268 [INFO] [0martery_product_main (main.c:234) - [HEARTBEAT] state=reg_check csq=18 SRV:0 RAT:LTE DENY:6 RSRP:-88 RSRQ:-10 SNR:180 RSSI:-65 tcp_fail=0 rl_fail=0
2026-08-04 23:10:28.293 [ERROR] [0mdial_task (dial.c:1055) - Dial_st: dial_stat_reg_check failed
>> Read response urc, len = 21, content : 
+CSQ: 18,99

OK

2026-08-04 23:10:28.314 [ERROR] [0mdial_task (dial.c:1055) - Dial_st: dial_stat_reg_check failed
2026-08-04 23:10:28.335 [ERROR] [0mdial_task (dial.c:1055) - Dial_st: dial_stat_reg_check failed
>> Read response urc, len = 21, content : 
+CSQ: 18,99

OK

2026-08-04 23:10:28.356 [ERROR] [0mdial_task (dial.c:1055) - Dial_st: dial_stat_reg_check failed
>> Read response urc, len = 21, content : 
+CSQ: 18,99

OK

2026-08-04 23:10:28.377 [ERROR] [0mdial_task (dial.c:1055) - Dial_st: dial_stat_reg_check failed
2026-08-04 23:10:28.398 [ERROR] [0mdial_task (dial.c:1055) - Dial_st: dial_stat_reg_check failed
>> Read response urc, len = 21, content : 
+CSQ: 18,99

OK

2026-08-04 23:10:28.419 [ERROR] [0mdial_task (dial.c:1055) - Dial_st: dial_stat_reg_check failed
2026-08-04 23:10:28.440 [ERROR] [0mdial_task (dial.c:1055) - Dial_st: dial_stat_reg_check failed
>> Read response urc, len = 21, content : 
+CSQ: 18,99

OK

2026-08-04 23:10:28.461 [ERROR] [0mdial_task (dial.c:1055) - Dial_st: dial_stat_reg_check failed
>> Read response urc, len = 21, content : 
+CSQ: 18,99

OK

2026-08-04 23:10:28.481 [ERROR] [0mdial_task (dial.c:1055) - Dial_st: dial_stat_reg_check failed
2026-08-04 23:10:28.504 [ERROR] [0mdial_task (dial.c:1055) - Dial_st: dial_stat_reg_check failed
>> Read response urc, len = 21, content : 
+CSQ: 18,99

OK

2026-08-04 23:10:28.525 [ERROR] [0mdial_task (dial.c:1055) - Dial_st: dial_stat_reg_check failed
>> Read response urc, len = 21, content : 
+CSQ: 18,99

OK

2026-08-04 23:10:28.546 [ERROR] [0mdial_task (dial.c:1055) - Dial_st: dial_stat_reg_check failed
2026-08-04 23:10:28.567 [ERROR] [0mdial_task (dial.c:1055) - Dial_st: dial_stat_reg_check failed
>> Read response urc, len = 21, content : 
+CSQ: 18,99

OK

2026-08-04 23:10:28.587 [ERROR] [0mdial_task (dial.c:1055) - Dial_st: dial_stat_reg_check failed
2026-08-04 23:10:28.608 [ERROR] [0mdial_task (dial.c:1055) - Dial_st: dial_stat_reg_check failed
>> Read response urc, len = 21, content : 
+CSQ: 18,99

OK

2026-08-04 23:10:28.629 [ERROR] [0mdial_task (dial.c:1055) - Dial_st: dial_stat_reg_check failed
>> Read response urc, len = 21, content : 
+CSQ: 18,99

OK

2026-08-04 23:10:28.650 [ERROR] [0mdial_task (dial.c:1055) - Dial_st: dial_stat_reg_check failed
2026-08-04 23:10:28.671 [ERROR] [0mdial_task (dial.c:1055) - Dial_st: dial_stat_reg_check failed
>> Read response urc, len = 21, content : 
+CSQ: 18,99

OK

2026-08-04 23:10:28.683 [INFO] [0martery_product_main (main.c:234) - [HEARTBEAT] state=reg_check csq=18 SRV:0 RAT:LTE DENY:6 RSRP:-88 RSRQ:-10 SNR:180 RSSI:-65 tcp_fail=0 rl_fail=0
2026-08-04 23:10:28.692 [ERROR] [0mdial_task (dial.c:1055) - Dial_st: dial_stat_reg_check failed
2026-08-04 23:10:28.715 [ERROR] [0mdial_task (dial.c:1055) - Dial_st: dial_stat_reg_check failed
>> Read response urc, len = 21, content : 
+CSQ: 18,99

OK

2026-08-04 23:10:28.736 [ERROR] [0mdial_task (dial.c:1055) - Dial_st: dial_stat_reg_check failed
>> Read response urc, len = 21, content : 
+CSQ: 18,99

OK

2026-08-04 23:10:28.756 [ERROR] [0mdial_task (dial.c:1055) - Dial_st: dial_stat_reg_check failed
2026-08-04 23:10:28.777 [ERROR] [0mdial_task (dial.c:1055) - Dial_st: dial_stat_reg_check failed
>> Read response urc, len = 21, content : 
+CSQ: 18,99

OK

2026-08-04 23:10:28.798 [ERROR] [0mdial_task (dial.c:1055) - Dial_st: dial_stat_reg_check failed
2026-08-04 23:10:28.819 [ERROR] [0mdial_task (dial.c:1055) - Dial_st: dial_stat_reg_check failed
>> Read response urc, len = 21, content : 
+CSQ: 18,99

OK

2026-08-04 23:10:28.840 [ERROR] [0mdial_task (dial.c:1055) - Dial_st: dial_stat_reg_check failed
>> Read response urc, len = 21, content : 
+CSQ: 18,99

OK

2026-08-04 23:10:28.860 [ERROR] [0mdial_task (dial.c:1055) - Dial_st: dial_stat_reg_check failed
2026-08-04 23:10:28.881 [ERROR] [0mdial_task (dial.c:1055) - Dial_st: dial_stat_reg_check failed
>> Read response urc, len = 21, content : 
+CSQ: 18,99

OK

2026-08-04 23:10:28.902 [ERROR] [0mdial_task (dial.c:1055) - Dial_st: dial_stat_reg_check failed
>> Read response urc, len = 21, content : 
+CSQ: 18,99

OK

2026-08-04 23:10:28.926 [ERROR] [0mdial_task (dial.c:1055) - Dial_st: dial_stat_reg_check failed
2026-08-04 23:10:28.946 [ERROR] [0mdial_task (dial.c:1055) - Dial_st: dial_stat_reg_check failed
>> Read response urc, len = 21, content : 
+CSQ: 18,99

OK

2026-08-04 23:10:28.967 [ERROR] [0mdial_task (dial.c:1055) - Dial_st: dial_stat_reg_check failed
2026-08-04 23:10:28.988 [ERROR] [0mdial_task (dial.c:1055) - Dial_st: dial_stat_reg_check failed
>> Read response urc, len = 21, content : 
+CSQ: 18,99

OK

2026-08-04 23:12:58.009 [ERROR] [0mdial_task (dial.c:1055) - Dial_st: dial_stat_reg_check failed
>> Read response urc, len = 21, content : 
+CSQ: 18,99

OK

2026-08-04 23:12:58.030 [ERROR] [0mdial_task (dial.c:1055) - Dial_st: dial_stat_reg_check failed
2026-08-04 23:12:58.051 [ERROR] [0mdial_task (dial.c:1055) - Dial_st: dial_stat_reg_check failed
>> Read response urc, len = 21, content : 
+CSQ: 18,99

OK

>> Read response urc, len = 21, content : 
+CEREG: 0,0

OK

2026-08-04 23:12:58.061 [INFO] [0mnw_at_get_cereg_stat (nw.c:251) - cereg_n: 0, stat_cereg:0
>> Read response urc, len = 104, content : 
+QENG: "servingcell","NOCONN","LTE","FDD",460,00,D17C148,496,1850,3,5,5,272D,-101,-6,-75,23,18

OK

2026-08-04 23:12:58.062 [INFO] [0martery_product_main (main.c:258) - [HEARTBEAT] OPER:SIMNET 46000 cereg=0 cellid=D17C148 pci=496 tac=272D rsrp=-101dBm rsrq=-6dB ifname=(none) ip=0.0.0.0 rx_packets=0
2026-08-04 23:12:58.072 [ERROR] [0mdial_task (dial.c:1055) - Dial_st: dial_stat_reg_check failed
2026-08-04 23:12:58.072 [ERROR] [0mdial_task (dial.c:1061) - reg_check timeout (300s), policy=4
2026-08-04 23:12:58.072 [ERROR] [0mdial_task (dial.c:2087) - reg timeout: policy=4, cfun reset and retry
>> Read response urc, len = 30, content : 
+COPS: 0,2,"46000",7

OK

2026-08-04 23:12:58.073 [INFO] [0mdial_task (dial.c:2112) - reg timeout: AT+COPS=0 unlock OK, back to auto operator
2026-08-04 23:12:58.080 [INFO] [0mdial_task (dial.c:918) - state: reg_check -> stop_cfun
2026-08-04 23:12:58.080 [INFO] [0mdial_task (dial.c:1640) - dial_stat_stop_cfun
>> Read response urc, len = 6, content : 
OK

2026-08-04 23:12:58.115 [INFO] [0mdial_task (dial.c:1658) - cfun stop response: 
OK

>> Read response urc, len = 21, content : 
+CSQ: 18,99

OK

2026-08-04 23:12:58.115 [INFO] [0martery_product_main (main.c:234) - [HEARTBEAT] state=start_cfun csq=18 SRV:0 RAT:LTE DENY:6 RSRP:-88 RSRQ:-10 SNR:180 RSSI:-65 tcp_fail=0 rl_fail=0
2026-08-04 23:12:58.122 [INFO] [0mdial_task (dial.c:918) - state: stop_cfun -> start_cfun
2026-08-04 23:12:58.122 [ERROR] [0mdial_task (dial.c:1663) - dial_stat_start_cfun
>> Read response urc, len = 6, content : 
OK

2026-08-04 23:12:58.156 [INFO] [0mdial_task (dial.c:1684) - cfun start response: 
OK

>> Read response urc, len = 21, content : 
+CSQ: 18,99

OK

2026-08-04 23:12:58.166 [INFO] [0mdial_task (dial.c:918) - state: start_cfun -> sim_init
2026-08-04 23:12:58.173 [INFO] [0mdial_task (dial.c:918) - state: sim_init -> sim_check
2026-08-04 23:12:58.180 [INFO] [0mdial_task (dial.c:918) - state: sim_check -> sim_op
2026-08-04 23:12:58.180 [INFO] [0msim_op_handler (sim.c:210) - ICCID: 
2026-08-04 23:12:58.180 [INFO] [0msim_op_handler (sim.c:221) - IMSI: 
2026-08-04 23:12:58.187 [INFO] [0mdial_task (dial.c:918) - state: sim_op -> reg_check
2026-08-04 23:12:58.187 [ERROR] [0mdial_task (dial.c:1055) - Dial_st: dial_stat_reg_check failed
>> Read response urc, len = 21, content : 
+CSQ: 18,99

OK

2026-08-04 23:12:58.207 [ERROR] [0mdial_task (dial.c:1055) - Dial_st: dial_stat_reg_check failed
>> Read response urc, len = 21, content : 
+CSQ: 18,99

OK

2026-08-04 23:12:58.228 [ERROR] [0mdial_task (dial.c:1055) - Dial_st: dial_stat_reg_check failed
2026-08-04 23:12:58.249 [ERROR] [0mdial_task (dial.c:1055) - Dial_st: dial_stat_reg_check failed
>> Read response urc, len = 21, content : 
+CSQ: 18,99

OK

2026-08-04 23:12:58.270 [ERROR] [0mdial_task (dial.c:1055) - Dial_st: dial_stat_reg_check failed
2026-08-04 23:12:58.291 [ERROR] [0mdial_task (dial.c:1055) - Dial_st: dial_stat_reg_check failed
>> Read response urc, len = 21, content : 
+CSQ: 18,99

OK

2026-08-04 23:12:58.312 [ERROR] [0mdial_task (dial.c:1055) - Dial_st: dial_stat_reg_check failed
>> Read response urc, len = 21, content : 
+CSQ: 18,99

OK

2026-08-04 23:12:58.333 [ERROR] [0mdial_task (dial.c:1055) - Dial_st: dial_stat_reg_check failed
2026-08-04 23:12:58.354 [ERROR] [0mdial_task (dial.c:1055) - Dial_st: dial_stat_reg_check failed
>> Read response urc, len = 21, content : 
+CSQ: 18,99

OK

2026-08-04 23:12:58.378 [ERROR] [0mdial_task (dial.c:1055) - Dial_st: dial_stat_reg_check failed
>> Read response urc, len = 21, content : 
+CSQ: 18,99

OK

2026-08-04 23:12:58.398 [ERROR] [0mdial_task (dial.c:1055) - Dial_st: dial_stat_reg_check failed
2026-08-04 23:12:58.419 [ERROR] [0mdial_task (dial.c:1055) - Dial_st: dial_stat_reg_check failed
>> Read response urc, len = 21, content : 
+CSQ: 18,99

OK

2026-08-04 23:12:58.440 [ERROR] [0mdial_task (dial.c:1055) - Dial_st: dial_stat_reg_check failed
2026-08-04 23:12:58.461 [ERROR] [0mdial_task (dial.c:1055) - Dial_st: dial_stat_reg_check failed
>> Read response urc, len = 21, content : 
+CSQ: 18,99

OK

2026-08-04 23:12:58.482 [ERROR] [0mdial_task (dial.c:1055) - Dial_st: dial_stat_reg_check failed
>> Read response urc, len = 21, content : 
+CSQ: 18,99

OK

2026-08-04 23:12:58.502 [ERROR] [0mdial_task (dial.c:1055) - Dial_st: dial_stat_reg_check failed
2026-08-04 23:12:58.523 [ERROR] [0mdial_task (dial.c:1055) - Dial_st: dial_stat_reg_check failed
>> Read response urc, len = 21, content : 
+CSQ: 18,99

OK

2026-08-04 23:12:58.535 [INFO] [0martery_product_main (main.c:234) - [HEARTBEAT] state=reg_check csq=18 SRV:0 RAT:LTE DENY:6 RSRP:-88 RSRQ:-10 SNR:180 RSSI:-65 tcp_fail=0 rl_fail=0
2026-08-04 23:12:58.544 [ERROR] [0mdial_task (dial.c:1055) - Dial_st: dial_stat_reg_check failed
2026-08-04 23:12:58.565 [ERROR] [0mdial_task (dial.c:1055) - Dial_st: dial_stat_reg_check failed
>> Read response urc, len = 21, content : 
+CSQ: 18,99

OK

2026-08-04 23:12:58.589 [ERROR] [0mdial_task (dial.c:1055) - Dial_st: dial_stat_reg_check failed
>> Read response urc, len = 21, content : 
+CSQ: 18,99

OK

2026-08-04 23:12:58.610 [ERROR] [0mdial_task (dial.c:1055) - Dial_st: dial_stat_reg_check failed
2026-08-04 23:12:58.631 [ERROR] [0mdial_task (dial.c:1055) - Dial_st: dial_stat_reg_check failed
>> Read response urc, len = 21, content : 
+CSQ: 18,99

OK

2026-08-04 23:12:58.652 [ERROR] [0mdial_task (dial.c:1055) - Dial_st: dial_stat_reg_check failed
2026-08-04 23:12:58.673 [ERROR] [0mdial_task (dial.c:1055) - Dial_st: dial_stat_reg_check failed
>> Read response urc, len = 21, content : 
+CSQ: 18,99

OK

2026-08-04 23:12:58.694 [ERROR] [0mdial_task (dial.c:1055) - Dial_st: dial_stat_reg_check failed
>> Read response urc, len = 21, content : 
+CSQ: 18,99

OK

2026-08-04 23:12:58.714 [ERROR] [0mdial_task (dial.c:1055) - Dial_st: dial_stat_reg_check failed
2026-08-04 23:12:58.735 [ERROR] [0mdial_task (dial.c:1055) - Dial_st: dial_stat_reg_check failed
>> Read response urc, len = 21, content : 
+CSQ: 18,99

OK

2026-08-04 23:12:58.756 [ERROR] [0mdial_task (dial.c:1055) - Dial_st: dial_stat_reg_check failed
>> Read response urc, len = 21, content : 
+CSQ: 18,99

OK

2026-08-04 23:12:58.777 [ERROR] [0mdial_task (dial.c:1055) - Dial_st: dial_stat_reg_check failed
2026-08-04 23:12:58.800 [ERROR] [0mdial_task (dial.c:1055) - Dial_st: dial_stat_reg_check failed
>> Read response urc, len = 21, content : 
+CSQ: 18,99

OK

2026-08-04 23:12:58.820 [ERROR] [0mdial_task (dial.c:1055) - Dial_st: dial_stat_reg_check failed
2026-08-04 23:12:58.841 [ERROR] [0mdial_task (dial.c:1055) - Dial_st: dial_stat_reg_check failed
>> Read response urc, len = 21, content : 
+CSQ: 18,99

OK

2026-08-04 23:12:58.862 [ERROR] [0mdial_task (dial.c:1055) - Dial_st: dial_stat_reg_check failed
>> Read response urc, len = 21, content : 
+CSQ: 18,99

OK

2026-08-04 23:12:58.883 [ERROR] [0mdial_task (dial.c:1055) - Dial_st: dial_stat_reg_check failed
2026-08-04 23:12:58.903 [ERROR] [0mdial_task (dial.c:1055) - Dial_st: dial_stat_reg_check failed
>> Read response urc, len = 21, content : 
+CSQ: 18,99

OK

2026-08-04 23:12:58.924 [ERROR] [0mdial_task (dial.c:1055) - Dial_st: dial_stat_reg_check failed
2026-08-04 23:12:58.945 [ERROR] [0mdial_task (dial.c:1055) - Dial_st: dial_stat_reg_check failed
>> Read response urc, len = 21, content : 
+CSQ: 18,99

OK

2026-08-04 23:12:58.948 [INFO] [0martery_product_main (main.c:234) - [HEARTBEAT] state=reg_check csq=18 SRV:0 RAT:LTE DENY:6 RSRP:-88 RSRQ:-10 SNR:180 RSSI:-65 tcp_fail=0 rl_fail=0
2026-08-04 23:12:58.965 [ERROR] [0mdial_task (dial.c:1055) - Dial_st: dial_stat_reg_check failed
>> Read response urc, len = 21, content : 
+CSQ: 18,99

OK

2026-08-04 23:12:58.986 [ERROR] [0mdial_task (dial.c:1055) - Dial_st: dial_stat_reg_check failed
2026-08-04 23:15:28.010 [ERROR] [0mdial_task (dial.c:1055) - Dial_st: dial_stat_reg_check failed
>> Read response urc, len = 21, content : 
+CSQ: 18,99

OK

2026-08-04 23:15:28.031 [ERROR] [0mdial_task (dial.c:1055) - Dial_st: dial_stat_reg_check failed
>> Read response urc, len = 21, content : 
+CSQ: 18,99

OK

2026-08-04 23:15:28.052 [ERROR] [0mdial_task (dial.c:1055) - Dial_st: dial_stat_reg_check failed
2026-08-04 23:15:28.073 [ERROR] [0mdial_task (dial.c:1055) - Dial_st: dial_stat_reg_check failed
>> Read response urc, len = 21, content : 
+CSQ: 18,99

OK

2026-08-04 23:15:28.094 [ERROR] [0mdial_task (dial.c:1055) - Dial_st: dial_stat_reg_check failed
2026-08-04 23:15:28.115 [ERROR] [0mdial_task (dial.c:1055) - Dial_st: dial_stat_reg_check failed
>> Read response urc, len = 21, content : 
+CSQ: 18,99

OK

2026-08-04 23:15:28.136 [ERROR] [0mdial_task (dial.c:1055) - Dial_st: dial_stat_reg_check failed
>> Read response urc, len = 21, content : 
+CSQ: 18,99

OK

2026-08-04 23:15:28.157 [ERROR] [0mdial_task (dial.c:1055) - Dial_st: dial_stat_reg_check failed
2026-08-04 23:15:28.177 [ERROR] [0mdial_task (dial.c:1055) - Dial_st: dial_stat_reg_check failed
>> Read response urc, len = 21, content : 
+CSQ: 18,99

OK

2026-08-04 23:15:28.199 [ERROR] [0mdial_task (dial.c:1055) - Dial_st: dial_stat_reg_check failed
>> Read response urc, len = 21, content : 
+CSQ: 18,99

OK

2026-08-04 23:15:28.224 [ERROR] [0mdial_task (dial.c:1055) - Dial_st: dial_stat_reg_check failed
2026-08-04 23:15:28.245 [ERROR] [0mdial_task (dial.c:1055) - Dial_st: dial_stat_reg_check failed
>> Read response urc, len = 21, content : 
+CSQ: 18,99

OK

2026-08-04 23:15:28.266 [ERROR] [0mdial_task (dial.c:1055) - Dial_st: dial_stat_reg_check failed
2026-08-04 23:15:28.287 [ERROR] [0mdial_task (dial.c:1055) - Dial_st: dial_stat_reg_check failed
>> Read response urc, len = 21, content : 
+CSQ: 18,99

OK

2026-08-04 23:15:28.308 [ERROR] [0mdial_task (dial.c:1055) - Dial_st: dial_stat_reg_check failed
>> Read response urc, len = 21, content : 
+CSQ: 18,99

OK

2026-08-04 23:15:28.329 [ERROR] [0mdial_task (dial.c:1055) - Dial_st: dial_stat_reg_check failed
2026-08-04 23:15:28.350 [ERROR] [0mdial_task (dial.c:1055) - Dial_st: dial_stat_reg_check failed
>> Read response urc, len = 21, content : 
+CSQ: 18,99

OK

2026-08-04 23:15:28.358 [INFO] [0martery_product_main (main.c:234) - [HEARTBEAT] state=reg_check csq=18 SRV:0 RAT:LTE DENY:6 RSRP:-88 RSRQ:-10 SNR:180 RSSI:-65 tcp_fail=0 rl_fail=0
2026-08-04 23:15:28.371 [ERROR] [0mdial_task (dial.c:1055) - Dial_st: dial_stat_reg_check failed
>> Read response urc, len = 21, content : 
+CSQ: 18,99

OK

2026-08-04 23:15:28.411 [ERROR] [0mdial_task (dial.c:1055) - Dial_st: dial_stat_reg_check failed
2026-08-04 23:15:28.435 [ERROR] [0mdial_task (dial.c:1055) - Dial_st: dial_stat_reg_check failed
>> Read response urc, len = 21, content : 
+CSQ: 18,99

OK

2026-08-04 23:15:28.456 [ERROR] [0mdial_task (dial.c:1055) - Dial_st: dial_stat_reg_check failed
>> Read response urc, len = 21, content : 
+CSQ: 18,99

OK

2026-08-04 23:15:28.477 [ERROR] [0mdial_task (dial.c:1055) - Dial_st: dial_stat_reg_check failed
2026-08-04 23:15:28.498 [ERROR] [0mdial_task (dial.c:1055) - Dial_st: dial_stat_reg_check failed
>> Read response urc, len = 21, content : 
+CSQ: 18,99

OK

2026-08-04 23:15:28.519 [ERROR] [0mdial_task (dial.c:1055) - Dial_st: dial_stat_reg_check failed
2026-08-04 23:15:28.540 [ERROR] [0mdial_task (dial.c:1055) - Dial_st: dial_stat_reg_check failed
>> Read response urc, len = 21, content : 
+CSQ: 18,99

OK

2026-08-04 23:15:28.561 [ERROR] [0mdial_task (dial.c:1055) - Dial_st: dial_stat_reg_check failed
>> Read response urc, len = 21, content : 
+CSQ: 18,99

OK

2026-08-04 23:15:28.582 [ERROR] [0mdial_task (dial.c:1055) - Dial_st: dial_stat_reg_check failed
2026-08-04 23:15:28.602 [ERROR] [0mdial_task (dial.c:1055) - Dial_st: dial_stat_reg_check failed
>> Read response urc, len = 21, content : 
+CSQ: 18,99

OK

2026-08-04 23:15:28.623 [ERROR] [0mdial_task (dial.c:1055) - Dial_st: dial_stat_reg_check failed
>> Read response urc, len = 21, content : 
+CSQ: 18,99

OK

2026-08-04 23:15:28.648 [ERROR] [0mdial_task (dial.c:1055) - Dial_st: dial_stat_reg_check failed
2026-08-04 23:15:28.669 [ERROR] [0mdial_task (dial.c:1055) - Dial_st: dial_stat_reg_check failed
>> Read response urc, len = 21, content : 
+CSQ: 18,99

OK

2026-08-04 23:15:28.690 [ERROR] [0mdial_task (dial.c:1055) - Dial_st: dial_stat_reg_check failed
2026-08-04 23:15:28.710 [ERROR] [0mdial_task (dial.c:1055) - Dial_st: dial_stat_reg_check failed
>> Read response urc, len = 21, content : 
+CSQ: 18,99

OK

2026-08-04 23:15:28.731 [ERROR] [0mdial_task (dial.c:1055) - Dial_st: dial_stat_reg_check failed
>> Read response urc, len = 21, content : 
+CSQ: 18,99

OK

2026-08-04 23:15:28.751 [ERROR] [0mdial_task (dial.c:1055) - Dial_st: dial_stat_reg_check failed
2026-08-04 23:15:28.773 [ERROR] [0mdial_task (dial.c:1055) - Dial_st: dial_stat_reg_check failed
>> Read response urc, len = 21, content : 
+CSQ: 18,99

OK

2026-08-04 23:15:28.783 [INFO] [0martery_product_main (main.c:234) - [HEARTBEAT] state=reg_check csq=18 SRV:0 RAT:LTE DENY:6 RSRP:-88 RSRQ:-10 SNR:180 RSSI:-65 tcp_fail=0 rl_fail=0
2026-08-04 23:15:28.794 [ERROR] [0mdial_task (dial.c:1055) - Dial_st: dial_stat_reg_check failed
2026-08-04 23:15:28.814 [ERROR] [0mdial_task (dial.c:1055) - Dial_st: dial_stat_reg_check failed
>> Read response urc, len = 21, content : 
+CSQ: 18,99

OK

2026-08-04 23:15:28.835 [ERROR] [0mdial_task (dial.c:1055) - Dial_st: dial_stat_reg_check failed
>> Read response urc, len = 21, content : 
+CSQ: 18,99

OK

2026-08-04 23:15:28.860 [ERROR] [0mdial_task (dial.c:1055) - Dial_st: dial_stat_reg_check failed
2026-08-04 23:15:28.881 [ERROR] [0mdial_task (dial.c:1055) - Dial_st: dial_stat_reg_check failed
>> Read response urc, len = 21, content : 
+CSQ: 18,99

OK

2026-08-04 23:15:28.902 [ERROR] [0mdial_task (dial.c:1055) - Dial_st: dial_stat_reg_check failed
>> Read response urc, len = 21, content : 
+CSQ: 18,99

OK

2026-08-04 23:15:28.922 [ERROR] [0mdial_task (dial.c:1055) - Dial_st: dial_stat_reg_check failed
2026-08-04 23:15:28.943 [ERROR] [0mdial_task (dial.c:1055) - Dial_st: dial_stat_reg_check failed
>> Read response urc, len = 21, content : 
+CSQ: 18,99

OK

2026-08-04 23:15:28.964 [ERROR] [0mdial_task (dial.c:1055) - Dial_st: dial_stat_reg_check failed
2026-08-04 23:15:28.984 [ERROR] [0mdial_task (dial.c:1055) - Dial_st: dial_stat_reg_check failed
>> Read response urc, len = 21, content : 
+CSQ: 18,99

OK

2026-08-04 23:17:58.005 [ERROR] [0mdial_task (dial.c:1055) - Dial_st: dial_stat_reg_check failed
>> Read response urc, len = 21, content : 
+CSQ: 18,99

OK

2026-08-04 23:17:58.026 [ERROR] [0mdial_task (dial.c:1055) - Dial_st: dial_stat_reg_check failed
2026-08-04 23:17:58.046 [ERROR] [0mdial_task (dial.c:1055) - Dial_st: dial_stat_reg_check failed
>> Read response urc, len = 21, content : 
+CSQ: 18,99

OK

2026-08-04 23:17:58.069 [ERROR] [0mdial_task (dial.c:1055) - Dial_st: dial_stat_reg_check failed
2026-08-04 23:17:58.089 [ERROR] [0mdial_task (dial.c:1055) - Dial_st: dial_stat_reg_check failed
>> Read response urc, len = 21, content : 
+CSQ: 18,99

OK

>> Read response urc, len = 21, content : 
+CEREG: 0,0

OK

2026-08-04 23:17:58.093 [INFO] [0mnw_at_get_cereg_stat (nw.c:251) - cereg_n: 0, stat_cereg:0
>> Read response urc, len = 104, content : 
+QENG: "servingcell","NOCONN","LTE","FDD",460,00,D17C148,496,1850,3,5,5,272D,-101,-6,-75,23,18

OK

2026-08-04 23:17:58.094 [INFO] [0martery_product_main (main.c:258) - [HEARTBEAT] OPER:SIMNET 46000 cereg=0 cellid=D17C148 pci=496 tac=272D rsrp=-101dBm rsrq=-6dB ifname=(none) ip=0.0.0.0 rx_packets=0
2026-08-04 23:17:58.110 [ERROR] [0mdial_task (dial.c:1055) - Dial_st: dial_stat_reg_check failed
>> Read response urc, len = 21, content : 
+CSQ: 18,99

OK

2026-08-04 23:17:58.131 [ERROR] [0mdial_task (dial.c:1055) - Dial_st: dial_stat_reg_check failed
2026-08-04 23:17:58.152 [ERROR] [0mdial_task (dial.c:1055) - Dial_st: dial_stat_reg_check failed
>> Read response urc, len = 21, content : 
+CSQ: 18,99

OK

2026-08-04 23:17:58.173 [ERROR] [0mdial_task (dial.c:1055) - Dial_st: dial_stat_reg_check failed
2026-08-04 23:17:58.194 [ERROR] [0mdial_task (dial.c:1055) - Dial_st: dial_stat_reg_check failed
2026-08-04 23:17:58.194 [ERROR] [0mdial_task (dial.c:1061) - reg_check timeout (300s), policy=4
2026-08-04 23:17:58.194 [ERROR] [0mdial_task (dial.c:2087) - reg timeout: policy=4, cfun reset and retry
>> Read response urc, len = 30, content : 
+COPS: 0,2,"46000",7

OK

2026-08-04 23:17:58.195 [INFO] [0mdial_task (dial.c:2112) - reg timeout: AT+COPS=0 unlock OK, back to auto operator
>> Read response urc, len = 21, content : 
+CSQ: 18,99

OK

2026-08-04 23:17:58.197 [INFO] [0martery_product_main (main.c:234) - [HEARTBEAT] state=stop_cfun csq=18 SRV:0 RAT:LTE DENY:6 RSRP:-88 RSRQ:-10 SNR:180 RSSI:-65 tcp_fail=0 rl_fail=0
2026-08-04 23:17:58.202 [INFO] [0mdial_task (dial.c:918) - state: reg_check -> stop_cfun
2026-08-04 23:17:58.202 [INFO] [0mdial_task (dial.c:1640) - dial_stat_stop_cfun
>> Read response urc, len = 6, content : 
OK

2026-08-04 23:17:58.236 [INFO] [0mdial_task (dial.c:1658) - cfun stop response: 
OK

>> Read response urc, len = 21, content : 
+CSQ: 18,99

OK

2026-08-04 23:17:58.243 [INFO] [0mdial_task (dial.c:918) - state: stop_cfun -> start_cfun
2026-08-04 23:17:58.243 [ERROR] [0mdial_task (dial.c:1663) - dial_stat_start_cfun
>> Read response urc, len = 6, content : 
OK

2026-08-04 23:17:58.277 [INFO] [0mdial_task (dial.c:1684) - cfun start response: 
OK

>> Read response urc, len = 21, content : 
+CSQ: 18,99

OK

2026-08-04 23:17:58.287 [INFO] [0mdial_task (dial.c:918) - state: start_cfun -> sim_init
2026-08-04 23:17:58.294 [INFO] [0mdial_task (dial.c:918) - state: sim_init -> sim_check
2026-08-04 23:17:58.302 [INFO] [0mdial_task (dial.c:918) - state: sim_check -> sim_op
2026-08-04 23:17:58.302 [INFO] [0msim_op_handler (sim.c:210) - ICCID: 
2026-08-04 23:17:58.302 [INFO] [0msim_op_handler (sim.c:221) - IMSI: 
2026-08-04 23:17:58.309 [INFO] [0mdial_task (dial.c:918) - state: sim_op -> reg_check
2026-08-04 23:17:58.309 [ERROR] [0mdial_task (dial.c:1055) - Dial_st: dial_stat_reg_check failed
>> Read response urc, len = 21, content : 
+CSQ: 18,99

OK

2026-08-04 23:17:58.330 [ERROR] [0mdial_task (dial.c:1055) - Dial_st: dial_stat_reg_check failed
>> Read response urc, len = 21, content : 
+CSQ: 18,99

OK

2026-08-04 23:17:58.351 [ERROR] [0mdial_task (dial.c:1055) - Dial_st: dial_stat_reg_check failed
2026-08-04 23:17:58.371 [ERROR] [0mdial_task (dial.c:1055) - Dial_st: dial_stat_reg_check failed
>> Read response urc, len = 21, content : 
+CSQ: 18,99

OK

2026-08-04 23:17:58.392 [ERROR] [0mdial_task (dial.c:1055) - Dial_st: dial_stat_reg_check failed
2026-08-04 23:17:58.412 [ERROR] [0mdial_task (dial.c:1055) - Dial_st: dial_stat_reg_check failed
>> Read response urc, len = 21, content : 
+CSQ: 18,99

OK

2026-08-04 23:17:58.433 [ERROR] [0mdial_task (dial.c:1055) - Dial_st: dial_stat_reg_check failed
>> Read response urc, len = 21, content : 
+CSQ: 18,99

OK

2026-08-04 23:17:58.453 [ERROR] [0mdial_task (dial.c:1055) - Dial_st: dial_stat_reg_check failed
2026-08-04 23:17:58.474 [ERROR] [0mdial_task (dial.c:1055) - Dial_st: dial_stat_reg_check failed
>> Read response urc, len = 21, content : 
+CSQ: 18,99

OK

2026-08-04 23:17:58.497 [ERROR] [0mdial_task (dial.c:1055) - Dial_st: dial_stat_reg_check failed
2026-08-04 23:17:58.518 [ERROR] [0mdial_task (dial.c:1055) - Dial_st: dial_stat_reg_check failed
>> Read response urc, len = 21, content : 
+CSQ: 18,99

OK

2026-08-04 23:17:58.539 [ERROR] [0mdial_task (dial.c:1055) - Dial_st: dial_stat_reg_check failed
>> Read response urc, len = 21, content : 
+CSQ: 18,99

OK

2026-08-04 23:17:58.559 [ERROR] [0mdial_task (dial.c:1055) - Dial_st: dial_stat_reg_check failed
2026-08-04 23:17:58.580 [ERROR] [0mdial_task (dial.c:1055) - Dial_st: dial_stat_reg_check failed
>> Read response urc, len = 21, content : 
+CSQ: 18,99

OK

2026-08-04 23:17:58.601 [ERROR] [0mdial_task (dial.c:1055) - Dial_st: dial_stat_reg_check failed
2026-08-04 23:17:58.621 [ERROR] [0mdial_task (dial.c:1055) - Dial_st: dial_stat_reg_check failed
>> Read response urc, len = 21, content : 
+CSQ: 18,99

OK

2026-08-04 23:17:58.622 [INFO] [0martery_product_main (main.c:234) - [HEARTBEAT] state=reg_check csq=18 SRV:0 RAT:LTE DENY:6 RSRP:-88 RSRQ:-10 SNR:180 RSSI:-65 tcp_fail=0 rl_fail=0
2026-08-04 23:17:58.642 [ERROR] [0mdial_task (dial.c:1055) - Dial_st: dial_stat_reg_check failed
>> Read response urc, len = 21, content : 
+CSQ: 18,99

OK

2026-08-04 23:17:58.663 [ERROR] [0mdial_task (dial.c:1055) - Dial_st: dial_stat_reg_check failed
2026-08-04 23:17:58.684 [ERROR] [0mdial_task (dial.c:1055) - Dial_st: dial_stat_reg_check failed
>> Read response urc, len = 21, content : 
+CSQ: 18,99

OK

2026-08-04 23:17:58.708 [ERROR] [0mdial_task (dial.c:1055) - Dial_st: dial_stat_reg_check failed
>> Read response urc, len = 21, content : 
+CSQ: 18,99

OK

2026-08-04 23:17:58.729 [ERROR] [0mdial_task (dial.c:1055) - Dial_st: dial_stat_reg_check failed
2026-08-04 23:17:58.750 [ERROR] [0mdial_task (dial.c:1055) - Dial_st: dial_stat_reg_check failed
>> Read response urc, len = 21, content : 
+CSQ: 18,99

OK

2026-08-04 23:17:58.771 [ERROR] [0mdial_task (dial.c:1055) - Dial_st: dial_stat_reg_check failed
2026-08-04 23:17:58.792 [ERROR] [0mdial_task (dial.c:1055) - Dial_st: dial_stat_reg_check failed
>> Read response urc, len = 21, content : 
+CSQ: 18,99

OK

2026-08-04 23:17:58.813 [ERROR] [0mdial_task (dial.c:1055) - Dial_st: dial_stat_reg_check failed
>> Read response urc, len = 21, content : 
+CSQ: 18,99

OK

2026-08-04 23:17:58.834 [ERROR] [0mdial_task (dial.c:1055) - Dial_st: dial_stat_reg_check failed
2026-08-04 23:17:58.855 [ERROR] [0mdial_task (dial.c:1055) - Dial_st: dial_stat_reg_check failed
>> Read response urc, len = 21, content : 
+CSQ: 18,99

OK

2026-08-04 23:17:58.876 [ERROR] [0mdial_task (dial.c:1055) - Dial_st: dial_stat_reg_check failed
2026-08-04 23:17:58.897 [ERROR] [0mdial_task (dial.c:1055) - Dial_st: dial_stat_reg_check failed
>> Read response urc, len = 21, content : 
+CSQ: 18,99

OK

2026-08-04 23:17:58.920 [ERROR] [0mdial_task (dial.c:1055) - Dial_st: dial_stat_reg_check failed
>> Read response urc, len = 21, content : 
+CSQ: 18,99

OK

2026-08-04 23:17:58.941 [ERROR] [0mdial_task (dial.c:1055) - Dial_st: dial_stat_reg_check failed
2026-08-04 23:17:58.961 [ERROR] [0mdial_task (dial.c:1055) - Dial_st: dial_stat_reg_check failed
>> Read response urc, len = 21, content : 
+CSQ: 18,99

OK

2026-08-04 23:17:58.982 [ERROR] [0mdial_task (dial.c:1055) - Dial_st: dial_stat_reg_check failed
>> Read response urc, len = 21, content : 
+CSQ: 18,99

OK

2026-08-04 23:20:28.003 [ERROR] [0mdial_task (dial.c:1055) - Dial_st: dial_stat_reg_check failed
2026-08-04 23:20:28.024 [ERROR] [0mdial_task (dial.c:1055) - Dial_st: dial_stat_reg_check failed
>> Read response urc, len = 21, content : 
+CSQ: 18,99

OK

2026-08-04 23:20:28.036 [INFO] [0martery_product_main (main.c:234) - [HEARTBEAT] state=reg_check csq=18 SRV:0 RAT:LTE DENY:6 RSRP:-88 RSRQ:-10 SNR:180 RSSI:-65 tcp_fail=0 rl_fail=0
2026-08-04 23:20:28.045 [ERROR] [0mdial_task (dial.c:1055) - Dial_st: dial_stat_reg_check failed
2026-08-04 23:20:28.065 [ERROR] [0mdial_task (dial.c:1055) - Dial_st: dial_stat_reg_check failed
>> Read response urc, len = 21, content : 
+CSQ: 18,99

OK

2026-08-04 23:20:28.086 [ERROR] [0mdial_task (dial.c:1055) - Dial_st: dial_stat_reg_check failed
>> Read response urc, len = 21, content : 
+CSQ: 18,99

OK

2026-08-04 23:20:28.107 [ERROR] [0mdial_task (dial.c:1055) - Dial_st: dial_stat_reg_check failed
2026-08-04 23:20:28.131 [ERROR] [0mdial_task (dial.c:1055) - Dial_st: dial_stat_reg_check failed
>> Read response urc, len = 21, content : 
+CSQ: 18,99

OK

2026-08-04 23:20:28.151 [ERROR] [0mdial_task (dial.c:1055) - Dial_st: dial_stat_reg_check failed
2026-08-04 23:20:28.172 [ERROR] [0mdial_task (dial.c:1055) - Dial_st: dial_stat_reg_check failed
>> Read response urc, len = 21, content : 
+CSQ: 18,99

OK

2026-08-04 23:20:28.193 [ERROR] [0mdial_task (dial.c:1055) - Dial_st: dial_stat_reg_check failed
>> Read response urc, len = 21, content : 
+CSQ: 18,99

OK

2026-08-04 23:20:28.213 [ERROR] [0mdial_task (dial.c:1055) - Dial_st: dial_stat_reg_check failed
2026-08-04 23:20:28.234 [ERROR] [0mdial_task (dial.c:1055) - Dial_st: dial_stat_reg_check failed
>> Read response urc, len = 21, content : 
+CSQ: 18,99

OK

2026-08-04 23:20:28.255 [ERROR] [0mdial_task (dial.c:1055) - Dial_st: dial_stat_reg_check failed
2026-08-04 23:20:28.276 [ERROR] [0mdial_task (dial.c:1055) - Dial_st: dial_stat_reg_check failed
>> Read response urc, len = 21, content : 
+CSQ: 18,99

OK

2026-08-04 23:20:28.297 [ERROR] [0mdial_task (dial.c:1055) - Dial_st: dial_stat_reg_check failed
>> Read response urc, len = 21, content : 
+CSQ: 18,99

OK

2026-08-04 23:20:28.318 [ERROR] [0mdial_task (dial.c:1055) - Dial_st: dial_stat_reg_check failed
2026-08-04 23:20:28.342 [ERROR] [0mdial_task (dial.c:1055) - Dial_st: dial_stat_reg_check failed
>> Read response urc, len = 21, content : 
+CSQ: 18,99

OK

2026-08-04 23:20:28.362 [ERROR] [0mdial_task (dial.c:1055) - Dial_st: dial_stat_reg_check failed
>> Read response urc, len = 21, content : 
+CSQ: 18,99

OK

2026-08-04 23:20:28.383 [ERROR] [0mdial_task (dial.c:1055) - Dial_st: dial_stat_reg_check failed
2026-08-04 23:20:28.404 [ERROR] [0mdial_task (dial.c:1055) - Dial_st: dial_stat_reg_check failed
>> Read response urc, len = 21, content : 
+CSQ: 18,99

OK

2026-08-04 23:20:28.425 [ERROR] [0mdial_task (dial.c:1055) - Dial_st: dial_stat_reg_check failed
2026-08-04 23:20:28.446 [ERROR] [0mdial_task (dial.c:1055) - Dial_st: dial_stat_reg_check failed
>> Read response urc, len = 21, content : 
+CSQ: 18,99

OK

2026-08-04 23:20:28.450 [INFO] [0martery_product_main (main.c:234) - [HEARTBEAT] state=reg_check csq=18 SRV:0 RAT:LTE DENY:6 RSRP:-88 RSRQ:-10 SNR:180 RSSI:-65 tcp_fail=0 rl_fail=0
2026-08-04 23:20:28.467 [ERROR] [0mdial_task (dial.c:1055) - Dial_st: dial_stat_reg_check failed
>> Read response urc, len = 21, content : 
+CSQ: 18,99

OK

2026-08-04 23:20:28.488 [ERROR] [0mdial_task (dial.c:1055) - Dial_st: dial_stat_reg_check failed
2026-08-04 23:20:28.508 [ERROR] [0mdial_task (dial.c:1055) - Dial_st: dial_stat_reg_check failed
>> Read response urc, len = 21, content : 
+CSQ: 18,99

OK

2026-08-04 23:20:28.529 [ERROR] [0mdial_task (dial.c:1055) - Dial_st: dial_stat_reg_check failed
>> Read response urc, len = 21, content : 
+CSQ: 18,99

OK

2026-08-04 23:20:28.555 [ERROR] [0mdial_task (dial.c:1055) - Dial_st: dial_stat_reg_check failed
2026-08-04 23:20:28.576 [ERROR] [0mdial_task (dial.c:1055) - Dial_st: dial_stat_reg_check failed
>> Read response urc, len = 21, content : 
+CSQ: 18,99

OK

2026-08-04 23:20:28.597 [ERROR] [0mdial_task (dial.c:1055) - Dial_st: dial_stat_reg_check failed
2026-08-04 23:20:28.618 [ERROR] [0mdial_task (dial.c:1055) - Dial_st: dial_stat_reg_check failed
>> Read response urc, len = 21, content : 
+CSQ: 18,99

OK

2026-08-04 23:20:28.639 [ERROR] [0mdial_task (dial.c:1055) - Dial_st: dial_stat_reg_check failed
>> Read response urc, len = 21, content : 
+CSQ: 18,99

OK

2026-08-04 23:20:28.659 [ERROR] [0mdial_task (dial.c:1055) - Dial_st: dial_stat_reg_check failed
2026-08-04 23:20:28.680 [ERROR] [0mdial_task (dial.c:1055) - Dial_st: dial_stat_reg_check failed
>> Read response urc, len = 21, content : 
+CSQ: 18,99

OK

2026-08-04 23:20:28.701 [ERROR] [0mdial_task (dial.c:1055) - Dial_st: dial_stat_reg_check failed
2026-08-04 23:20:28.722 [ERROR] [0mdial_task (dial.c:1055) - Dial_st: dial_stat_reg_check failed
>> Read response urc, len = 21, content : 
+CSQ: 18,99

OK

2026-08-04 23:20:28.743 [ERROR] [0mdial_task (dial.c:1055) - Dial_st: dial_stat_reg_check failed
>> Read response urc, len = 21, content : 
+CSQ: 18,99

OK

2026-08-04 23:20:28.767 [ERROR] [0mdial_task (dial.c:1055) - Dial_st: dial_stat_reg_check failed
2026-08-04 23:20:28.788 [ERROR] [0mdial_task (dial.c:1055) - Dial_st: dial_stat_reg_check failed
>> Read response urc, len = 21, content : 
+CSQ: 18,99

OK

2026-08-04 23:20:28.809 [ERROR] [0mdial_task (dial.c:1055) - Dial_st: dial_stat_reg_check failed
>> Read response urc, len = 21, content : 
+CSQ: 18,99

OK

2026-08-04 23:20:28.830 [ERROR] [0mdial_task (dial.c:1055) - Dial_st: dial_stat_reg_check failed
2026-08-04 23:20:28.850 [ERROR] [0mdial_task (dial.c:1055) - Dial_st: dial_stat_reg_check failed
>> Read response urc, len = 21, content : 
+CSQ: 18,99

OK

2026-08-04 23:20:28.863 [INFO] [0martery_product_main (main.c:234) - [HEARTBEAT] state=reg_check csq=18 SRV:0 RAT:LTE DENY:6 RSRP:-88 RSRQ:-10 SNR:180 RSSI:-65 tcp_fail=0 rl_fail=0
2026-08-04 23:20:28.871 [ERROR] [0mdial_task (dial.c:1055) - Dial_st: dial_stat_reg_check failed
2026-08-04 23:20:28.892 [ERROR] [0mdial_task (dial.c:1055) - Dial_st: dial_stat_reg_check failed
2026-08-04 23:20:28.919 [ERROR] [0mdial_task (dial.c:1055) - Dial_st: dial_stat_reg_check failed
>> Read response urc, len = 21, content : 
+CSQ: 18,99

OK

2026-08-04 23:20:28.939 [ERROR] [0mdial_task (dial.c:1055) - Dial_st: dial_stat_reg_check failed
>> Read response urc, len = 21, content : 
+CSQ: 18,99

OK

2026-08-04 23:20:28.960 [ERROR] [0mdial_task (dial.c:1055) - Dial_st: dial_stat_reg_check failed
2026-08-04 23:20:28.985 [ERROR] [0mdial_task (dial.c:1055) - Dial_st: dial_stat_reg_check failed
>> Read response urc, len = 21, content : 
+CSQ: 18,99

OK

2026-08-04 23:22:58.005 [ERROR] [0mdial_task (dial.c:1055) - Dial_st: dial_stat_reg_check failed
2026-08-04 23:22:58.026 [ERROR] [0mdial_task (dial.c:1055) - Dial_st: dial_stat_reg_check failed
>> Read response urc, len = 21, content : 
+CSQ: 18,99

OK

2026-08-04 23:22:58.047 [ERROR] [0mdial_task (dial.c:1055) - Dial_st: dial_stat_reg_check failed
>> Read response urc, len = 21, content : 
+CSQ: 18,99

OK

2026-08-04 23:22:58.068 [ERROR] [0mdial_task (dial.c:1055) - Dial_st: dial_stat_reg_check failed
2026-08-04 23:22:58.089 [ERROR] [0mdial_task (dial.c:1055) - Dial_st: dial_stat_reg_check failed
>> Read response urc, len = 21, content : 
+CSQ: 18,99

OK

>> Read response urc, len = 21, content : 
+CEREG: 0,0

OK

2026-08-04 23:22:58.098 [INFO] [0mnw_at_get_cereg_stat (nw.c:251) - cereg_n: 0, stat_cereg:0
>> Read response urc, len = 104, content : 
+QENG: "servingcell","NOCONN","LTE","FDD",460,00,D17C148,496,1850,3,5,5,272D,-101,-6,-75,23,18

OK

2026-08-04 23:22:58.099 [INFO] [0martery_product_main (main.c:258) - [HEARTBEAT] OPER:SIMNET 46000 cereg=0 cellid=D17C148 pci=496 tac=272D rsrp=-101dBm rsrq=-6dB ifname=(none) ip=0.0.0.0 rx_packets=0
2026-08-04 23:22:58.110 [ERROR] [0mdial_task (dial.c:1055) - Dial_st: dial_stat_reg_check failed
2026-08-04 23:22:58.131 [ERROR] [0mdial_task (dial.c:1055) - Dial_st: dial_stat_reg_check failed
>> Read response urc, len = 21, content : 
+CSQ: 18,99

OK

2026-08-04 23:22:58.151 [ERROR] [0mdial_task (dial.c:1055) - Dial_st: dial_stat_reg_check failed
>> Read response urc, len = 21, content : 
+CSQ: 18,99

OK

2026-08-04 23:22:58.172 [ERROR] [0mdial_task (dial.c:1055) - Dial_st: dial_stat_reg_check failed
2026-08-04 23:22:58.198 [ERROR] [0mdial_task (dial.c:1055) - Dial_st: dial_stat_reg_check failed
>> Read response urc, len = 21, content : 
+CSQ: 18,99

OK

2026-08-04 23:22:58.219 [ERROR] [0mdial_task (dial.c:1055) - Dial_st: dial_stat_reg_check failed
>> Read response urc, len = 21, content : 
+CSQ: 18,99

OK

2026-08-04 23:22:58.239 [ERROR] [0mdial_task (dial.c:1055) - Dial_st: dial_stat_reg_check failed
2026-08-04 23:22:58.260 [ERROR] [0mdial_task (dial.c:1055) - Dial_st: dial_stat_reg_check failed
>> Read response urc, len = 21, content : 
+CSQ: 18,99

OK

2026-08-04 23:22:58.271 [INFO] [0martery_product_main (main.c:234) - [HEARTBEAT] state=reg_check csq=18 SRV:0 RAT:LTE DENY:6 RSRP:-88 RSRQ:-10 SNR:180 RSSI:-65 tcp_fail=0 rl_fail=0
2026-08-04 23:22:58.281 [ERROR] [0mdial_task (dial.c:1055) - Dial_st: dial_stat_reg_check failed
2026-08-04 23:22:58.302 [ERROR] [0mdial_task (dial.c:1055) - Dial_st: dial_stat_reg_check failed
>> Read response urc, len = 21, content : 
+CSQ: 18,99

OK

2026-08-04 23:22:58.323 [ERROR] [0mdial_task (dial.c:1055) - Dial_st: dial_stat_reg_check failed
2026-08-04 23:22:58.323 [ERROR] [0mdial_task (dial.c:1061) - reg_check timeout (300s), policy=4
2026-08-04 23:22:58.323 [ERROR] [0mdial_task (dial.c:2087) - reg timeout: policy=4, cfun reset and retry
>> Read response urc, len = 30, content : 
+COPS: 0,2,"46000",7

OK

2026-08-04 23:22:58.324 [INFO] [0mdial_task (dial.c:2112) - reg timeout: AT+COPS=0 unlock OK, back to auto operator
2026-08-04 23:22:58.331 [INFO] [0mdial_task (dial.c:918) - state: reg_check -> stop_cfun
2026-08-04 23:22:58.331 [INFO] [0mdial_task (dial.c:1640) - dial_stat_stop_cfun
>> Read response urc, len = 6, content : 
OK

2026-08-04 23:22:58.365 [INFO] [0mdial_task (dial.c:1658) - cfun stop response: 
OK

>> Read response urc, len = 21, content : 
+CSQ: 18,99

OK

2026-08-04 23:22:58.372 [INFO] [0mdial_task (dial.c:918) - state: stop_cfun -> start_cfun
2026-08-04 23:22:58.372 [ERROR] [0mdial_task (dial.c:1663) - dial_stat_start_cfun
>> Read response urc, len = 6, content : 
OK

2026-08-04 23:22:58.407 [INFO] [0mdial_task (dial.c:1684) - cfun start response: 
OK

>> Read response urc, len = 21, content : 
+CSQ: 18,99

OK

2026-08-04 23:22:58.416 [INFO] [0mdial_task (dial.c:918) - state: start_cfun -> sim_init
2026-08-04 23:22:58.423 [INFO] [0mdial_task (dial.c:918) - state: sim_init -> sim_check
2026-08-04 23:22:58.430 [INFO] [0mdial_task (dial.c:918) - state: sim_check -> sim_op
2026-08-04 23:22:58.430 [INFO] [0msim_op_handler (sim.c:210) - ICCID: 
2026-08-04 23:22:58.430 [INFO] [0msim_op_handler (sim.c:221) - IMSI: 
2026-08-04 23:22:58.437 [INFO] [0mdial_task (dial.c:918) - state: sim_op -> reg_check
2026-08-04 23:22:58.437 [ERROR] [0mdial_task (dial.c:1055) - Dial_st: dial_stat_reg_check failed
>> Read response urc, len = 21, content : 
+CSQ: 18,99

OK

2026-08-04 23:22:58.458 [ERROR] [0mdial_task (dial.c:1055) - Dial_st: dial_stat_reg_check failed
>> Read response urc, len = 21, content : 
+CSQ: 18,99

OK

2026-08-04 23:22:58.479 [ERROR] [0mdial_task (dial.c:1055) - Dial_st: dial_stat_reg_check failed
2026-08-04 23:22:58.499 [ERROR] [0mdial_task (dial.c:1055) - Dial_st: dial_stat_reg_check failed
>> Read response urc, len = 21, content : 
+CSQ: 18,99

OK

2026-08-04 23:22:58.520 [ERROR] [0mdial_task (dial.c:1055) - Dial_st: dial_stat_reg_check failed
2026-08-04 23:22:58.541 [ERROR] [0mdial_task (dial.c:1055) - Dial_st: dial_stat_reg_check failed
>> Read response urc, len = 21, content : 
+CSQ: 18,99

OK

2026-08-04 23:22:58.562 [ERROR] [0mdial_task (dial.c:1055) - Dial_st: dial_stat_reg_check failed
>> Read response urc, len = 21, content : 
+CSQ: 18,99

OK

2026-08-04 23:22:58.583 [ERROR] [0mdial_task (dial.c:1055) - Dial_st: dial_stat_reg_check failed
2026-08-04 23:22:58.604 [ERROR] [0mdial_task (dial.c:1055) - Dial_st: dial_stat_reg_check failed
>> Read response urc, len = 21, content : 
+CSQ: 18,99

OK

2026-08-04 23:22:58.627 [ERROR] [0mdial_task (dial.c:1055) - Dial_st: dial_stat_reg_check failed
2026-08-04 23:22:58.648 [ERROR] [0mdial_task (dial.c:1055) - Dial_st: dial_stat_reg_check failed
>> Read response urc, len = 21, content : 
+CSQ: 18,99

OK

2026-08-04 23:22:58.669 [ERROR] [0mdial_task (dial.c:1055) - Dial_st: dial_stat_reg_check failed
>> Read response urc, len = 21, content : 
+CSQ: 18,99

OK

2026-08-04 23:22:58.682 [INFO] [0martery_product_main (main.c:234) - [HEARTBEAT] state=reg_check csq=18 SRV:0 RAT:LTE DENY:6 RSRP:-88 RSRQ:-10 SNR:180 RSSI:-65 tcp_fail=0 rl_fail=0
2026-08-04 23:22:58.689 [ERROR] [0mdial_task (dial.c:1055) - Dial_st: dial_stat_reg_check failed
2026-08-04 23:22:58.710 [ERROR] [0mdial_task (dial.c:1055) - Dial_st: dial_stat_reg_check failed
>> Read response urc, len = 21, content : 
+CSQ: 18,99

OK

2026-08-04 23:22:58.731 [ERROR] [0mdial_task (dial.c:1055) - Dial_st: dial_stat_reg_check failed
2026-08-04 23:22:58.752 [ERROR] [0mdial_task (dial.c:1055) - Dial_st: dial_stat_reg_check failed
>> Read response urc, len = 21, content : 
+CSQ: 18,99

OK

2026-08-04 23:22:58.772 [ERROR] [0mdial_task (dial.c:1055) - Dial_st: dial_stat_reg_check failed
>> Read response urc, len = 21, content : 
+CSQ: 18,99

OK

2026-08-04 23:22:58.793 [ERROR] [0mdial_task (dial.c:1055) - Dial_st: dial_stat_reg_check failed
2026-08-04 23:22:58.814 [ERROR] [0mdial_task (dial.c:1055) - Dial_st: dial_stat_reg_check failed
>> Read response urc, len = 21, content : 
+CSQ: 18,99

OK

2026-08-04 23:22:58.838 [ERROR] [0mdial_task (dial.c:1055) - Dial_st: dial_stat_reg_check failed
>> Read response urc, len = 21, content : 
+CSQ: 18,99

OK

2026-08-04 23:22:58.858 [ERROR] [0mdial_task (dial.c:1055) - Dial_st: dial_stat_reg_check failed
2026-08-04 23:22:58.879 [ERROR] [0mdial_task (dial.c:1055) - Dial_st: dial_stat_reg_check failed
>> Read response urc, len = 21, content : 
+CSQ: 18,99

OK

2026-08-04 23:22:58.900 [ERROR] [0mdial_task (dial.c:1055) - Dial_st: dial_stat_reg_check failed
2026-08-04 23:22:58.921 [ERROR] [0mdial_task (dial.c:1055) - Dial_st: dial_stat_reg_check failed
>> Read response urc, len = 21, content : 
+CSQ: 18,99

OK

2026-08-04 23:22:58.942 [ERROR] [0mdial_task (dial.c:1055) - Dial_st: dial_stat_reg_check failed
>> Read response urc, len = 21, content : 
+CSQ: 18,99

OK

2026-08-04 23:22:58.962 [ERROR] [0mdial_task (dial.c:1055) - Dial_st: dial_stat_reg_check failed
2026-08-04 23:22:58.983 [ERROR] [0mdial_task (dial.c:1055) - Dial_st: dial_stat_reg_check failed
>> Read response urc, len = 21, content : 
+CSQ: 18,99

OK

2026-08-04 23:25:28.004 [ERROR] [0mdial_task (dial.c:1055) - Dial_st: dial_stat_reg_check failed
2026-08-04 23:25:28.025 [ERROR] [0mdial_task (dial.c:1055) - Dial_st: dial_stat_reg_check failed
>> Read response urc, len = 21, content : 
+CSQ: 18,99

OK

2026-08-04 23:25:28.048 [ERROR] [0mdial_task (dial.c:1055) - Dial_st: dial_stat_reg_check failed
>> Read response urc, len = 21, content : 
+CSQ: 18,99

OK

2026-08-04 23:25:28.069 [ERROR] [0mdial_task (dial.c:1055) - Dial_st: dial_stat_reg_check failed
2026-08-04 23:25:28.090 [ERROR] [0mdial_task (dial.c:1055) - Dial_st: dial_stat_reg_check failed
>> Read response urc, len = 21, content : 
+CSQ: 18,99

OK

2026-08-04 23:25:28.098 [INFO] [0martery_product_main (main.c:234) - [HEARTBEAT] state=reg_check csq=18 SRV:0 RAT:LTE DENY:6 RSRP:-88 RSRQ:-10 SNR:180 RSSI:-65 tcp_fail=0 rl_fail=0
2026-08-04 23:25:28.111 [ERROR] [0mdial_task (dial.c:1055) - Dial_st: dial_stat_reg_check failed
2026-08-04 23:25:28.132 [ERROR] [0mdial_task (dial.c:1055) - Dial_st: dial_stat_reg_check failed
>> Read response urc, len = 21, content : 
+CSQ: 18,99

OK

2026-08-04 23:25:28.152 [ERROR] [0mdial_task (dial.c:1055) - Dial_st: dial_stat_reg_check failed
>> Read response urc, len = 21, content : 
+CSQ: 18,99

OK

2026-08-04 23:25:28.173 [ERROR] [0mdial_task (dial.c:1055) - Dial_st: dial_stat_reg_check failed
2026-08-04 23:25:28.194 [ERROR] [0mdial_task (dial.c:1055) - Dial_st: dial_stat_reg_check failed
>> Read response urc, len = 21, content : 
+CSQ: 18,99

OK

2026-08-04 23:25:28.214 [ERROR] [0mdial_task (dial.c:1055) - Dial_st: dial_stat_reg_check failed
>> Read response urc, len = 21, content : 
+CSQ: 18,99

OK

2026-08-04 23:25:28.235 [ERROR] [0mdial_task (dial.c:1055) - Dial_st: dial_stat_reg_check failed
2026-08-04 23:25:28.260 [ERROR] [0mdial_task (dial.c:1055) - Dial_st: dial_stat_reg_check failed
>> Read response urc, len = 21, content : 
+CSQ: 18,99

OK

2026-08-04 23:25:28.281 [ERROR] [0mdial_task (dial.c:1055) - Dial_st: dial_stat_reg_check failed
2026-08-04 23:25:28.302 [ERROR] [0mdial_task (dial.c:1055) - Dial_st: dial_stat_reg_check failed
>> Read response urc, len = 21, content : 
+CSQ: 18,99

OK

2026-08-04 23:25:28.323 [ERROR] [0mdial_task (dial.c:1055) - Dial_st: dial_stat_reg_check failed
>> Read response urc, len = 21, content : 
+CSQ: 18,99

OK

2026-08-04 23:25:28.344 [ERROR] [0mdial_task (dial.c:1055) - Dial_st: dial_stat_reg_check failed
2026-08-04 23:25:28.364 [ERROR] [0mdial_task (dial.c:1055) - Dial_st: dial_stat_reg_check failed
>> Read response urc, len = 21, content : 
+CSQ: 18,99

OK

2026-08-04 23:25:28.385 [ERROR] [0mdial_task (dial.c:1055) - Dial_st: dial_stat_reg_check failed
2026-08-04 23:25:28.406 [ERROR] [0mdial_task (dial.c:1055) - Dial_st: dial_stat_reg_check failed
>> Read response urc, len = 21, content : 
+CSQ: 18,99

OK

2026-08-04 23:25:28.426 [ERROR] [0mdial_task (dial.c:1055) - Dial_st: dial_stat_reg_check failed
>> Read response urc, len = 21, content : 
+CSQ: 18,99

OK

2026-08-04 23:25:28.447 [ERROR] [0mdial_task (dial.c:1055) - Dial_st: dial_stat_reg_check failed
2026-08-04 23:25:28.470 [ERROR] [0mdial_task (dial.c:1055) - Dial_st: dial_stat_reg_check failed
>> Read response urc, len = 21, content : 
+CSQ: 18,99

OK

2026-08-04 23:25:28.491 [ERROR] [0mdial_task (dial.c:1055) - Dial_st: dial_stat_reg_check failed
>> Read response urc, len = 21, content : 
+CSQ: 18,99

OK

2026-08-04 23:25:28.509 [INFO] [0martery_product_main (main.c:234) - [HEARTBEAT] state=reg_check csq=18 SRV:0 RAT:LTE DENY:6 RSRP:-88 RSRQ:-10 SNR:180 RSSI:-65 tcp_fail=0 rl_fail=0
2026-08-04 23:25:28.512 [ERROR] [0mdial_task (dial.c:1055) - Dial_st: dial_stat_reg_check failed
2026-08-04 23:25:28.532 [ERROR] [0mdial_task (dial.c:1055) - Dial_st: dial_stat_reg_check failed
>> Read response urc, len = 21, content : 
+CSQ: 18,99

OK

2026-08-04 23:25:28.553 [ERROR] [0mdial_task (dial.c:1055) - Dial_st: dial_stat_reg_check failed
2026-08-04 23:25:28.574 [ERROR] [0mdial_task (dial.c:1055) - Dial_st: dial_stat_reg_check failed
>> Read response urc, len = 21, content : 
+CSQ: 18,99

OK

2026-08-04 23:25:28.594 [ERROR] [0mdial_task (dial.c:1055) - Dial_st: dial_stat_reg_check failed
>> Read response urc, len = 21, content : 
+CSQ: 18,99

OK

2026-08-04 23:25:28.615 [ERROR] [0mdial_task (dial.c:1055) - Dial_st: dial_stat_reg_check failed
2026-08-04 23:25:28.636 [ERROR] [0mdial_task (dial.c:1055) - Dial_st: dial_stat_reg_check failed
>> Read response urc, len = 21, content : 
+CSQ: 18,99

OK

2026-08-04 23:25:28.657 [ERROR] [0mdial_task (dial.c:1055) - Dial_st: dial_stat_reg_check failed
2026-08-04 23:25:28.680 [ERROR] [0mdial_task (dial.c:1055) - Dial_st: dial_stat_reg_check failed
>> Read response urc, len = 21, content : 
+CSQ: 18,99

OK

2026-08-04 23:25:28.700 [ERROR] [0mdial_task (dial.c:1055) - Dial_st: dial_stat_reg_check failed
>> Read response urc, len = 21, content : 
+CSQ: 18,99

OK

2026-08-04 23:25:28.721 [ERROR] [0mdial_task (dial.c:1055) - Dial_st: dial_stat_reg_check failed
2026-08-04 23:25:28.742 [ERROR] [0mdial_task (dial.c:1055) - Dial_st: dial_stat_reg_check failed
>> Read response urc, len = 21, content : 
+CSQ: 18,99

OK

2026-08-04 23:25:28.763 [ERROR] [0mdial_task (dial.c:1055) - Dial_st: dial_stat_reg_check failed
>> Read response urc, len = 21, content : 
+CSQ: 18,99

OK

2026-08-04 23:25:28.784 [ERROR] [0mdial_task (dial.c:1055) - Dial_st: dial_stat_reg_check failed
2026-08-04 23:25:28.804 [ERROR] [0mdial_task (dial.c:1055) - Dial_st: dial_stat_reg_check failed
>> Read response urc, len = 21, content : 
+CSQ: 18,99

OK

2026-08-04 23:25:28.825 [ERROR] [0mdial_task (dial.c:1055) - Dial_st: dial_stat_reg_check failed
2026-08-04 23:25:28.846 [ERROR] [0mdial_task (dial.c:1055) - Dial_st: dial_stat_reg_check failed
>> Read response urc, len = 21, content : 
+CSQ: 18,99

OK

2026-08-04 23:25:28.867 [ERROR] [0mdial_task (dial.c:1055) - Dial_st: dial_stat_reg_check failed
>> Read response urc, len = 21, content : 
+CSQ: 18,99

OK

2026-08-04 23:25:28.890 [ERROR] [0mdial_task (dial.c:1055) - Dial_st: dial_stat_reg_check failed
2026-08-04 23:25:28.911 [ERROR] [0mdial_task (dial.c:1055) - Dial_st: dial_stat_reg_check failed
>> Read response urc, len = 21, content : 
+CSQ: 18,99

OK

2026-08-04 23:25:28.922 [INFO] [0martery_product_main (main.c:234) - [HEARTBEAT] state=reg_check csq=18 SRV:0 RAT:LTE DENY:6 RSRP:-88 RSRQ:-10 SNR:180 RSSI:-65 tcp_fail=0 rl_fail=0
2026-08-04 23:25:28.932 [ERROR] [0mdial_task (dial.c:1055) - Dial_st: dial_stat_reg_check failed
2026-08-04 23:25:28.953 [ERROR] [0mdial_task (dial.c:1055) - Dial_st: dial_stat_reg_check failed
>> Read response urc, len = 21, content : 
+CSQ: 18,99

OK

2026-08-04 23:25:28.974 [ERROR] [0mdial_task (dial.c:1055) - Dial_st: dial_stat_reg_check failed
>> Read response urc, len = 21, content : 
+CSQ: 18,99

OK

2026-08-04 23:25:28.997 [ERROR] [0mdial_task (dial.c:1055) - Dial_st: dial_stat_reg_check failed
2026-08-04 23:27:58.022 [ERROR] [0mdial_task (dial.c:1055) - Dial_st: dial_stat_reg_check failed
>> Read response urc, len = 21, content : 
+CSQ: 18,99

OK

2026-08-04 23:27:58.043 [ERROR] [0mdial_task (dial.c:1055) - Dial_st: dial_stat_reg_check failed
>> Read response urc, len = 21, content : 
+CSQ: 18,99

OK

2026-08-04 23:27:58.064 [ERROR] [0mdial_task (dial.c:1055) - Dial_st: dial_stat_reg_check failed
2026-08-04 23:27:58.085 [ERROR] [0mdial_task (dial.c:1055) - Dial_st: dial_stat_reg_check failed
>> Read response urc, len = 21, content : 
+CSQ: 18,99

OK

>> Read response urc, len = 21, content : 
+CEREG: 0,0

OK

2026-08-04 23:27:58.098 [INFO] [0mnw_at_get_cereg_stat (nw.c:251) - cereg_n: 0, stat_cereg:0
>> Read response urc, len = 104, content : 
+QENG: "servingcell","NOCONN","LTE","FDD",460,00,D17C148,496,1850,3,5,5,272D,-101,-6,-75,23,18

OK

2026-08-04 23:27:58.099 [INFO] [0martery_product_main (main.c:258) - [HEARTBEAT] OPER:SIMNET 46000 cereg=0 cellid=D17C148 pci=496 tac=272D rsrp=-101dBm rsrq=-6dB ifname=(none) ip=0.0.0.0 rx_packets=0
2026-08-04 23:27:58.108 [ERROR] [0mdial_task (dial.c:1055) - Dial_st: dial_stat_reg_check failed
2026-08-04 23:27:58.129 [ERROR] [0mdial_task (dial.c:1055) - Dial_st: dial_stat_reg_check failed
>> Read response urc, len = 21, content : 
+CSQ: 18,99

OK

2026-08-04 23:27:58.150 [ERROR] [0mdial_task (dial.c:1055) - Dial_st: dial_stat_reg_check failed
>> Read response urc, len = 21, content : 
+CSQ: 18,99

OK

2026-08-04 23:27:58.170 [ERROR] [0mdial_task (dial.c:1055) - Dial_st: dial_stat_reg_check failed
2026-08-04 23:27:58.191 [ERROR] [0mdial_task (dial.c:1055) - Dial_st: dial_stat_reg_check failed
>> Read response urc, len = 21, content : 
+CSQ: 18,99

OK

2026-08-04 23:27:58.212 [ERROR] [0mdial_task (dial.c:1055) - Dial_st: dial_stat_reg_check failed
2026-08-04 23:27:58.233 [ERROR] [0mdial_task (dial.c:1055) - Dial_st: dial_stat_reg_check failed
>> Read response urc, len = 21, content : 
+CSQ: 18,99

OK

2026-08-04 23:27:58.253 [ERROR] [0mdial_task (dial.c:1055) - Dial_st: dial_stat_reg_check failed
>> Read response urc, len = 21, content : 
+CSQ: 18,99

OK

2026-08-04 23:27:58.274 [ERROR] [0mdial_task (dial.c:1055) - Dial_st: dial_stat_reg_check failed
2026-08-04 23:27:58.295 [ERROR] [0mdial_task (dial.c:1055) - Dial_st: dial_stat_reg_check failed
>> Read response urc, len = 21, content : 
+CSQ: 18,99

OK

2026-08-04 23:27:58.318 [ERROR] [0mdial_task (dial.c:1055) - Dial_st: dial_stat_reg_check failed
2026-08-04 23:27:58.339 [ERROR] [0mdial_task (dial.c:1055) - Dial_st: dial_stat_reg_check failed
>> Read response urc, len = 21, content : 
+CSQ: 18,99

OK

2026-08-04 23:27:58.341 [INFO] [0martery_product_main (main.c:234) - [HEARTBEAT] state=reg_check csq=18 SRV:0 RAT:LTE DENY:6 RSRP:-88 RSRQ:-10 SNR:180 RSSI:-65 tcp_fail=0 rl_fail=0
2026-08-04 23:27:58.360 [ERROR] [0mdial_task (dial.c:1055) - Dial_st: dial_stat_reg_check failed
>> Read response urc, len = 21, content : 
+CSQ: 18,99

OK

2026-08-04 23:27:58.381 [ERROR] [0mdial_task (dial.c:1055) - Dial_st: dial_stat_reg_check failed
2026-08-04 23:27:58.402 [ERROR] [0mdial_task (dial.c:1055) - Dial_st: dial_stat_reg_check failed
>> Read response urc, len = 21, content : 
+CSQ: 18,99

OK

2026-08-04 23:27:58.423 [ERROR] [0mdial_task (dial.c:1055) - Dial_st: dial_stat_reg_check failed
2026-08-04 23:27:58.443 [ERROR] [0mdial_task (dial.c:1055) - Dial_st: dial_stat_reg_check failed
2026-08-04 23:27:58.443 [ERROR] [0mdial_task (dial.c:1061) - reg_check timeout (300s), policy=4
2026-08-04 23:27:58.444 [ERROR] [0mdial_task (dial.c:2087) - reg timeout: policy=4, cfun reset and retry
>> Read response urc, len = 30, content : 
+COPS: 0,2,"46000",7

OK

2026-08-04 23:27:58.444 [INFO] [0mdial_task (dial.c:2112) - reg timeout: AT+COPS=0 unlock OK, back to auto operator
>> Read response urc, len = 21, content : 
+CSQ: 18,99

OK

2026-08-04 23:27:58.451 [INFO] [0mdial_task (dial.c:918) - state: reg_check -> stop_cfun
2026-08-04 23:27:58.451 [INFO] [0mdial_task (dial.c:1640) - dial_stat_stop_cfun
>> Read response urc, len = 6, content : 
OK

2026-08-04 23:27:58.486 [INFO] [0mdial_task (dial.c:1658) - cfun stop response: 
OK

>> Read response urc, len = 21, content : 
+CSQ: 18,99

OK

2026-08-04 23:27:58.493 [INFO] [0mdial_task (dial.c:918) - state: stop_cfun -> start_cfun
2026-08-04 23:27:58.493 [ERROR] [0mdial_task (dial.c:1663) - dial_stat_start_cfun
>> Read response urc, len = 6, content : 
OK

2026-08-04 23:27:58.527 [INFO] [0mdial_task (dial.c:1684) - cfun start response: 
OK

>> Read response urc, len = 21, content : 
+CSQ: 18,99

OK

2026-08-04 23:27:58.538 [INFO] [0mdial_task (dial.c:918) - state: start_cfun -> sim_init
2026-08-04 23:27:58.545 [INFO] [0mdial_task (dial.c:918) - state: sim_init -> sim_check
2026-08-04 23:27:58.552 [INFO] [0mdial_task (dial.c:918) - state: sim_check -> sim_op
2026-08-04 23:27:58.552 [INFO] [0msim_op_handler (sim.c:210) - ICCID: 
2026-08-04 23:27:58.552 [INFO] [0msim_op_handler (sim.c:221) - IMSI: 
2026-08-04 23:27:58.559 [INFO] [0mdial_task (dial.c:918) - state: sim_op -> reg_check
2026-08-04 23:27:58.559 [ERROR] [0mdial_task (dial.c:1055) - Dial_st: dial_stat_reg_check failed
>> Read response urc, len = 21, content : 
+CSQ: 18,99

OK

2026-08-04 23:27:58.580 [ERROR] [0mdial_task (dial.c:1055) - Dial_st: dial_stat_reg_check failed
>> Read response urc, len = 21, content : 
+CSQ: 18,99

OK

2026-08-04 23:27:58.601 [ERROR] [0mdial_task (dial.c:1055) - Dial_st: dial_stat_reg_check failed
2026-08-04 23:27:58.622 [ERROR] [0mdial_task (dial.c:1055) - Dial_st: dial_stat_reg_check failed
>> Read response urc, len = 21, content : 
+CSQ: 18,99

OK

2026-08-04 23:27:58.643 [ERROR] [0mdial_task (dial.c:1055) - Dial_st: dial_stat_reg_check failed
2026-08-04 23:27:58.664 [ERROR] [0mdial_task (dial.c:1055) - Dial_st: dial_stat_reg_check failed
>> Read response urc, len = 21, content : 
+CSQ: 18,99

OK

2026-08-04 23:27:58.685 [ERROR] [0mdial_task (dial.c:1055) - Dial_st: dial_stat_reg_check failed
>> Read response urc, len = 21, content : 
+CSQ: 18,99

OK

2026-08-04 23:27:58.705 [ERROR] [0mdial_task (dial.c:1055) - Dial_st: dial_stat_reg_check failed
2026-08-04 23:27:58.726 [ERROR] [0mdial_task (dial.c:1055) - Dial_st: dial_stat_reg_check failed
>> Read response urc, len = 21, content : 
+CSQ: 18,99

OK

2026-08-04 23:27:58.750 [ERROR] [0mdial_task (dial.c:1055) - Dial_st: dial_stat_reg_check failed
>> Read response urc, len = 21, content : 
+CSQ: 18,99

OK

2026-08-04 23:27:58.768 [INFO] [0martery_product_main (main.c:234) - [HEARTBEAT] state=reg_check csq=18 SRV:0 RAT:LTE DENY:6 RSRP:-88 RSRQ:-10 SNR:180 RSSI:-65 tcp_fail=0 rl_fail=0
2026-08-04 23:27:58.770 [ERROR] [0mdial_task (dial.c:1055) - Dial_st: dial_stat_reg_check failed
2026-08-04 23:27:58.791 [ERROR] [0mdial_task (dial.c:1055) - Dial_st: dial_stat_reg_check failed
>> Read response urc, len = 21, content : 
+CSQ: 18,99

OK

2026-08-04 23:27:58.812 [ERROR] [0mdial_task (dial.c:1055) - Dial_st: dial_stat_reg_check failed
2026-08-04 23:27:58.832 [ERROR] [0mdial_task (dial.c:1055) - Dial_st: dial_stat_reg_check failed
>> Read response urc, len = 21, content : 
+CSQ: 18,99

OK

2026-08-04 23:27:58.853 [ERROR] [0mdial_task (dial.c:1055) - Dial_st: dial_stat_reg_check failed
>> Read response urc, len = 21, content : 
+CSQ: 18,99

OK

2026-08-04 23:27:58.874 [ERROR] [0mdial_task (dial.c:1055) - Dial_st: dial_stat_reg_check failed
2026-08-04 23:27:58.894 [ERROR] [0mdial_task (dial.c:1055) - Dial_st: dial_stat_reg_check failed
>> Read response urc, len = 21, content : 
+CSQ: 18,99

OK

2026-08-04 23:27:58.915 [ERROR] [0mdial_task (dial.c:1055) - Dial_st: dial_stat_reg_check failed
2026-08-04 23:27:58.936 [ERROR] [0mdial_task (dial.c:1055) - Dial_st: dial_stat_reg_check failed
>> Read response urc, len = 21, content : 
+CSQ: 18,99

OK

2026-08-04 23:27:58.961 [ERROR] [0mdial_task (dial.c:1055) - Dial_st: dial_stat_reg_check failed
>> Read response urc, len = 21, content : 
+CSQ: 18,99

OK

2026-08-04 23:27:58.982 [ERROR] [0mdial_task (dial.c:1055) - Dial_st: dial_stat_reg_check failed
2026-08-04 23:30:28.002 [ERROR] [0mdial_task (dial.c:1055) - Dial_st: dial_stat_reg_check failed
>> Read response urc, len = 21, content : 
+CSQ: 18,99

OK

2026-08-04 23:30:28.023 [ERROR] [0mdial_task (dial.c:1055) - Dial_st: dial_stat_reg_check failed
>> Read response urc, len = 21, content : 
+CSQ: 18,99

OK

2026-08-04 23:30:28.044 [ERROR] [0mdial_task (dial.c:1055) - Dial_st: dial_stat_reg_check failed
2026-08-04 23:30:28.065 [ERROR] [0mdial_task (dial.c:1055) - Dial_st: dial_stat_reg_check failed
>> Read response urc, len = 21, content : 
+CSQ: 18,99

OK

2026-08-04 23:30:28.086 [ERROR] [0mdial_task (dial.c:1055) - Dial_st: dial_stat_reg_check failed
2026-08-04 23:30:28.107 [ERROR] [0mdial_task (dial.c:1055) - Dial_st: dial_stat_reg_check failed
>> Read response urc, len = 21, content : 
+CSQ: 18,99

OK

2026-08-04 23:30:28.127 [ERROR] [0mdial_task (dial.c:1055) - Dial_st: dial_stat_reg_check failed
>> Read response urc, len = 21, content : 
+CSQ: 18,99

OK

2026-08-04 23:30:28.148 [ERROR] [0mdial_task (dial.c:1055) - Dial_st: dial_stat_reg_check failed
2026-08-04 23:30:28.171 [ERROR] [0mdial_task (dial.c:1055) - Dial_st: dial_stat_reg_check failed
>> Read response urc, len = 21, content : 
+CSQ: 18,99

OK

2026-08-04 23:30:28.182 [INFO] [0martery_product_main (main.c:234) - [HEARTBEAT] state=reg_check csq=18 SRV:0 RAT:LTE DENY:6 RSRP:-88 RSRQ:-10 SNR:180 RSSI:-65 tcp_fail=0 rl_fail=0
2026-08-04 23:30:28.192 [ERROR] [0mdial_task (dial.c:1055) - Dial_st: dial_stat_reg_check failed
2026-08-04 23:30:28.213 [ERROR] [0mdial_task (dial.c:1055) - Dial_st: dial_stat_reg_check failed
>> Read response urc, len = 21, content : 
+CSQ: 18,99

OK

2026-08-04 23:30:28.234 [ERROR] [0mdial_task (dial.c:1055) - Dial_st: dial_stat_reg_check failed
>> Read response urc, len = 21, content : 
+CSQ: 18,99

OK

2026-08-04 23:30:28.255 [ERROR] [0mdial_task (dial.c:1055) - Dial_st: dial_stat_reg_check failed
2026-08-04 23:30:28.276 [ERROR] [0mdial_task (dial.c:1055) - Dial_st: dial_stat_reg_check failed
>> Read response urc, len = 21, content : 
+CSQ: 18,99

OK

2026-08-04 23:30:28.296 [ERROR] [0mdial_task (dial.c:1055) - Dial_st: dial_stat_reg_check failed
2026-08-04 23:30:28.317 [ERROR] [0mdial_task (dial.c:1055) - Dial_st: dial_stat_reg_check failed
>> Read response urc, len = 21, content : 
+CSQ: 18,99

OK

2026-08-04 23:30:28.338 [ERROR] [0mdial_task (dial.c:1055) - Dial_st: dial_stat_reg_check failed
>> Read response urc, len = 21, content : 
+CSQ: 18,99

OK

2026-08-04 23:30:28.359 [ERROR] [0mdial_task (dial.c:1055) - Dial_st: dial_stat_reg_check failed
2026-08-04 23:30:28.385 [ERROR] [0mdial_task (dial.c:1055) - Dial_st: dial_stat_reg_check failed
>> Read response urc, len = 21, content : 
+CSQ: 18,99

OK

2026-08-04 23:30:28.406 [ERROR] [0mdial_task (dial.c:1055) - Dial_st: dial_stat_reg_check failed
>> Read response urc, len = 21, content : 
+CSQ: 18,99

OK

2026-08-04 23:30:28.426 [ERROR] [0mdial_task (dial.c:1055) - Dial_st: dial_stat_reg_check failed
2026-08-04 23:30:28.447 [ERROR] [0mdial_task (dial.c:1055) - Dial_st: dial_stat_reg_check failed
>> Read response urc, len = 21, content : 
+CSQ: 18,99

OK

2026-08-04 23:30:28.467 [ERROR] [0mdial_task (dial.c:1055) - Dial_st: dial_stat_reg_check failed
2026-08-04 23:30:28.488 [ERROR] [0mdial_task (dial.c:1055) - Dial_st: dial_stat_reg_check failed
>> Read response urc, len = 21, content : 
+CSQ: 18,99

OK

2026-08-04 23:30:28.509 [ERROR] [0mdial_task (dial.c:1055) - Dial_st: dial_stat_reg_check failed
>> Read response urc, len = 21, content : 
+CSQ: 18,99

OK

2026-08-04 23:30:28.530 [ERROR] [0mdial_task (dial.c:1055) - Dial_st: dial_stat_reg_check failed
2026-08-04 23:30:28.551 [ERROR] [0mdial_task (dial.c:1055) - Dial_st: dial_stat_reg_check failed
>> Read response urc, len = 21, content : 
+CSQ: 18,99

OK

2026-08-04 23:30:28.572 [ERROR] [0mdial_task (dial.c:1055) - Dial_st: dial_stat_reg_check failed
>> Read response urc, len = 21, content : 
+CSQ: 18,99

OK

2026-08-04 23:30:28.595 [INFO] [0martery_product_main (main.c:234) - [HEARTBEAT] state=reg_check csq=18 SRV:0 RAT:LTE DENY:6 RSRP:-88 RSRQ:-10 SNR:180 RSSI:-65 tcp_fail=0 rl_fail=0
2026-08-04 23:30:28.595 [ERROR] [0mdial_task (dial.c:1055) - Dial_st: dial_stat_reg_check failed
2026-08-04 23:30:28.616 [ERROR] [0mdial_task (dial.c:1055) - Dial_st: dial_stat_reg_check failed
>> Read response urc, len = 21, content : 
+CSQ: 18,99

OK

2026-08-04 23:30:28.637 [ERROR] [0mdial_task (dial.c:1055) - Dial_st: dial_stat_reg_check failed
2026-08-04 23:30:28.658 [ERROR] [0mdial_task (dial.c:1055) - Dial_st: dial_stat_reg_check failed
>> Read response urc, len = 21, content : 
+CSQ: 18,99

OK

2026-08-04 23:30:28.679 [ERROR] [0mdial_task (dial.c:1055) - Dial_st: dial_stat_reg_check failed
>> Read response urc, len = 21, content : 
+CSQ: 18,99

OK

2026-08-04 23:30:28.699 [ERROR] [0mdial_task (dial.c:1055) - Dial_st: dial_stat_reg_check failed
2026-08-04 23:30:28.720 [ERROR] [0mdial_task (dial.c:1055) - Dial_st: dial_stat_reg_check failed
>> Read response urc, len = 21, content : 
+CSQ: 18,99

OK

2026-08-04 23:30:28.741 [ERROR] [0mdial_task (dial.c:1055) - Dial_st: dial_stat_reg_check failed
2026-08-04 23:30:28.762 [ERROR] [0mdial_task (dial.c:1055) - Dial_st: dial_stat_reg_check failed
>> Read response urc, len = 21, content : 
+CSQ: 18,99

OK

2026-08-04 23:30:28.784 [ERROR] [0mdial_task (dial.c:1055) - Dial_st: dial_stat_reg_check failed
>> Read response urc, len = 21, content : 
+CSQ: 18,99

OK

2026-08-04 23:30:28.808 [ERROR] [0mdial_task (dial.c:1055) - Dial_st: dial_stat_reg_check failed
2026-08-04 23:30:28.829 [ERROR] [0mdial_task (dial.c:1055) - Dial_st: dial_stat_reg_check failed
>> Read response urc, len = 21, content : 
+CSQ: 18,99

OK

2026-08-04 23:30:28.849 [ERROR] [0mdial_task (dial.c:1055) - Dial_st: dial_stat_reg_check failed
2026-08-04 23:30:28.870 [ERROR] [0mdial_task (dial.c:1055) - Dial_st: dial_stat_reg_check failed
>> Read response urc, len = 21, content : 
+CSQ: 18,99

OK

2026-08-04 23:30:28.891 [ERROR] [0mdial_task (dial.c:1055) - Dial_st: dial_stat_reg_check failed
>> Read response urc, len = 21, content : 
+CSQ: 18,99

OK

2026-08-04 23:30:28.912 [ERROR] [0mdial_task (dial.c:1055) - Dial_st: dial_stat_reg_check failed
2026-08-04 23:30:28.932 [ERROR] [0mdial_task (dial.c:1055) - Dial_st: dial_stat_reg_check failed
>> Read response urc, len = 21, content : 
+CSQ: 18,99

OK

2026-08-04 23:30:28.953 [ERROR] [0mdial_task (dial.c:1055) - Dial_st: dial_stat_reg_check failed
>> Read response urc, len = 21, content : 
+CSQ: 18,99

OK

2026-08-04 23:30:28.974 [ERROR] [0mdial_task (dial.c:1055) - Dial_st: dial_stat_reg_check failed
2026-08-04 23:30:28.995 [ERROR] [0mdial_task (dial.c:1055) - Dial_st: dial_stat_reg_check failed
>> Read response urc, len = 21, content : 
+CSQ: 18,99

OK

2026-08-04 23:32:58.008 [INFO] [0martery_product_main (main.c:234) - [HEARTBEAT] state=reg_check csq=18 SRV:0 RAT:LTE DENY:6 RSRP:-88 RSRQ:-10 SNR:180 RSSI:-65 tcp_fail=0 rl_fail=0
2026-08-04 23:32:58.020 [ERROR] [0mdial_task (dial.c:1055) - Dial_st: dial_stat_reg_check failed
2026-08-04 23:32:58.040 [ERROR] [0mdial_task (dial.c:1055) - Dial_st: dial_stat_reg_check failed
>> Read response urc, len = 21, content : 
+CSQ: 18,99

OK

2026-08-04 23:32:58.061 [ERROR] [0mdial_task (dial.c:1055) - Dial_st: dial_stat_reg_check failed
>> Read response urc, len = 21, content : 
+CSQ: 18,99

OK

2026-08-04 23:32:58.082 [ERROR] [0mdial_task (dial.c:1055) - Dial_st: dial_stat_reg_check failed
2026-08-04 23:32:58.103 [ERROR] [0mdial_task (dial.c:1055) - Dial_st: dial_stat_reg_check failed
>> Read response urc, len = 21, content : 
+CSQ: 18,99

OK

>> Read response urc, len = 21, content : 
+CEREG: 0,0

OK

2026-08-04 23:32:58.112 [INFO] [0mnw_at_get_cereg_stat (nw.c:251) - cereg_n: 0, stat_cereg:0
>> Read response urc, len = 104, content : 
+QENG: "servingcell","NOCONN","LTE","FDD",460,00,D17C148,496,1850,3,5,5,272D,-101,-6,-75,23,18

OK

2026-08-04 23:32:58.113 [INFO] [0martery_product_main (main.c:258) - [HEARTBEAT] OPER:SIMNET 46000 cereg=0 cellid=D17C148 pci=496 tac=272D rsrp=-101dBm rsrq=-6dB ifname=(none) ip=0.0.0.0 rx_packets=0
2026-08-04 23:32:58.124 [ERROR] [0mdial_task (dial.c:1055) - Dial_st: dial_stat_reg_check failed
2026-08-04 23:32:58.144 [ERROR] [0mdial_task (dial.c:1055) - Dial_st: dial_stat_reg_check failed
>> Read response urc, len = 21, content : 
+CSQ: 18,99

OK

2026-08-04 23:32:58.165 [ERROR] [0mdial_task (dial.c:1055) - Dial_st: dial_stat_reg_check failed
>> Read response urc, len = 21, content : 
+CSQ: 18,99

OK

2026-08-04 23:32:58.186 [ERROR] [0mdial_task (dial.c:1055) - Dial_st: dial_stat_reg_check failed
2026-08-04 23:32:58.207 [ERROR] [0mdial_task (dial.c:1055) - Dial_st: dial_stat_reg_check failed
>> Read response urc, len = 21, content : 
+CSQ: 18,99

OK

2026-08-04 23:32:58.230 [ERROR] [0mdial_task (dial.c:1055) - Dial_st: dial_stat_reg_check failed
2026-08-04 23:32:58.252 [ERROR] [0mdial_task (dial.c:1055) - Dial_st: dial_stat_reg_check failed
2026-08-04 23:32:58.277 [ERROR] [0mdial_task (dial.c:1055) - Dial_st: dial_stat_reg_check failed
>> Read response urc, len = 21, content : 
+CSQ: 18,99

OK

2026-08-04 23:32:58.298 [ERROR] [0mdial_task (dial.c:1055) - Dial_st: dial_stat_reg_check failed
>> Read response urc, len = 21, content : 
+CSQ: 18,99

OK

2026-08-04 23:32:58.318 [ERROR] [0mdial_task (dial.c:1055) - Dial_st: dial_stat_reg_check failed
2026-08-04 23:32:58.339 [ERROR] [0mdial_task (dial.c:1055) - Dial_st: dial_stat_reg_check failed
>> Read response urc, len = 21, content : 
+CSQ: 18,99

OK

2026-08-04 23:32:58.360 [ERROR] [0mdial_task (dial.c:1055) - Dial_st: dial_stat_reg_check failed
2026-08-04 23:32:58.381 [ERROR] [0mdial_task (dial.c:1055) - Dial_st: dial_stat_reg_check failed
>> Read response urc, len = 21, content : 
+CSQ: 18,99

OK

2026-08-04 23:32:58.402 [ERROR] [0mdial_task (dial.c:1055) - Dial_st: dial_stat_reg_check failed
>> Read response urc, len = 21, content : 
+CSQ: 18,99

OK

2026-08-04 23:32:58.418 [INFO] [0martery_product_main (main.c:234) - [HEARTBEAT] state=reg_check csq=18 SRV:0 RAT:LTE DENY:6 RSRP:-88 RSRQ:-10 SNR:180 RSSI:-65 tcp_fail=0 rl_fail=0
2026-08-04 23:32:58.423 [ERROR] [0mdial_task (dial.c:1055) - Dial_st: dial_stat_reg_check failed
2026-08-04 23:32:58.448 [ERROR] [0mdial_task (dial.c:1055) - Dial_st: dial_stat_reg_check failed
>> Read response urc, len = 21, content : 
+CSQ: 18,99

OK

2026-08-04 23:32:58.469 [ERROR] [0mdial_task (dial.c:1055) - Dial_st: dial_stat_reg_check failed
>> Read response urc, len = 21, content : 
+CSQ: 18,99

OK

2026-08-04 23:32:58.489 [ERROR] [0mdial_task (dial.c:1055) - Dial_st: dial_stat_reg_check failed
2026-08-04 23:32:58.510 [ERROR] [0mdial_task (dial.c:1055) - Dial_st: dial_stat_reg_check failed
>> Read response urc, len = 21, content : 
+CSQ: 18,99

OK

2026-08-04 23:32:58.531 [ERROR] [0mdial_task (dial.c:1055) - Dial_st: dial_stat_reg_check failed
2026-08-04 23:32:58.552 [ERROR] [0mdial_task (dial.c:1055) - Dial_st: dial_stat_reg_check failed
>> Read response urc, len = 21, content : 
+CSQ: 18,99

OK

2026-08-04 23:32:58.573 [ERROR] [0mdial_task (dial.c:1055) - Dial_st: dial_stat_reg_check failed
2026-08-04 23:32:58.573 [ERROR] [0mdial_task (dial.c:1061) - reg_check timeout (300s), policy=4
2026-08-04 23:32:58.573 [ERROR] [0mdial_task (dial.c:2087) - reg timeout: policy=4, cfun reset and retry
>> Read response urc, len = 30, content : 
+COPS: 0,2,"46000",7

OK

2026-08-04 23:32:58.573 [INFO] [0mdial_task (dial.c:2112) - reg timeout: AT+COPS=0 unlock OK, back to auto operator
2026-08-04 23:32:58.580 [INFO] [0mdial_task (dial.c:918) - state: reg_check -> stop_cfun
2026-08-04 23:32:58.580 [INFO] [0mdial_task (dial.c:1640) - dial_stat_stop_cfun
>> Read response urc, len = 6, content : 
OK

2026-08-04 23:32:58.615 [INFO] [0mdial_task (dial.c:1658) - cfun stop response: 
OK

>> Read response urc, len = 21, content : 
+CSQ: 18,99

OK

2026-08-04 23:32:58.622 [INFO] [0mdial_task (dial.c:918) - state: stop_cfun -> start_cfun
2026-08-04 23:32:58.622 [ERROR] [0mdial_task (dial.c:1663) - dial_stat_start_cfun
>> Read response urc, len = 6, content : 
OK

2026-08-04 23:32:58.656 [INFO] [0mdial_task (dial.c:1684) - cfun start response: 
OK

>> Read response urc, len = 21, content : 
+CSQ: 18,99

OK

2026-08-04 23:32:58.665 [INFO] [0mdial_task (dial.c:918) - state: start_cfun -> sim_init
2026-08-04 23:32:58.672 [INFO] [0mdial_task (dial.c:918) - state: sim_init -> sim_check
2026-08-04 23:32:58.679 [INFO] [0mdial_task (dial.c:918) - state: sim_check -> sim_op
2026-08-04 23:32:58.679 [INFO] [0msim_op_handler (sim.c:210) - ICCID: 
2026-08-04 23:32:58.679 [INFO] [0msim_op_handler (sim.c:221) - IMSI: 
2026-08-04 23:32:58.686 [INFO] [0mdial_task (dial.c:918) - state: sim_op -> reg_check
2026-08-04 23:32:58.686 [ERROR] [0mdial_task (dial.c:1055) - Dial_st: dial_stat_reg_check failed
>> Read response urc, len = 21, content : 
+CSQ: 18,99

OK

2026-08-04 23:32:58.707 [ERROR] [0mdial_task (dial.c:1055) - Dial_st: dial_stat_reg_check failed
>> Read response urc, len = 21, content : 
+CSQ: 18,99

OK

2026-08-04 23:32:58.728 [ERROR] [0mdial_task (dial.c:1055) - Dial_st: dial_stat_reg_check failed
2026-08-04 23:32:58.749 [ERROR] [0mdial_task (dial.c:1055) - Dial_st: dial_stat_reg_check failed
>> Read response urc, len = 21, content : 
+CSQ: 18,99

OK

2026-08-04 23:32:58.770 [ERROR] [0mdial_task (dial.c:1055) - Dial_st: dial_stat_reg_check failed
2026-08-04 23:32:58.791 [ERROR] [0mdial_task (dial.c:1055) - Dial_st: dial_stat_reg_check failed
>> Read response urc, len = 21, content : 
+CSQ: 18,99

OK

2026-08-04 23:32:58.811 [ERROR] [0mdial_task (dial.c:1055) - Dial_st: dial_stat_reg_check failed
>> Read response urc, len = 21, content : 
+CSQ: 18,99

OK

2026-08-04 23:32:58.829 [INFO] [0martery_product_main (main.c:234) - [HEARTBEAT] state=reg_check csq=18 SRV:0 RAT:LTE DENY:6 RSRP:-88 RSRQ:-10 SNR:180 RSSI:-65 tcp_fail=0 rl_fail=0
2026-08-04 23:32:58.832 [ERROR] [0mdial_task (dial.c:1055) - Dial_st: dial_stat_reg_check failed
2026-08-04 23:32:58.853 [ERROR] [0mdial_task (dial.c:1055) - Dial_st: dial_stat_reg_check failed
>> Read response urc, len = 21, content : 
+CSQ: 18,99

OK

2026-08-04 23:32:58.878 [ERROR] [0mdial_task (dial.c:1055) - Dial_st: dial_stat_reg_check failed
>> Read response urc, len = 21, content : 
+CSQ: 18,99

OK

2026-08-04 23:32:58.898 [ERROR] [0mdial_task (dial.c:1055) - Dial_st: dial_stat_reg_check failed
2026-08-04 23:32:58.919 [ERROR] [0mdial_task (dial.c:1055) - Dial_st: dial_stat_reg_check failed
>> Read response urc, len = 21, content : 
+CSQ: 18,99

OK

2026-08-04 23:32:58.940 [ERROR] [0mdial_task (dial.c:1055) - Dial_st: dial_stat_reg_check failed
2026-08-04 23:32:58.960 [ERROR] [0mdial_task (dial.c:1055) - Dial_st: dial_stat_reg_check failed
>> Read response urc, len = 21, content : 
+CSQ: 18,99

OK

2026-08-04 23:32:58.981 [ERROR] [0mdial_task (dial.c:1055) - Dial_st: dial_stat_reg_check failed
>> Read response urc, len = 21, content : 
+CSQ: 18,99

OK

2026-08-04 23:35:28.002 [ERROR] [0mdial_task (dial.c:1055) - Dial_st: dial_stat_reg_check failed
2026-08-04 23:35:28.022 [ERROR] [0mdial_task (dial.c:1055) - Dial_st: dial_stat_reg_check failed
>> Read response urc, len = 21, content : 
+CSQ: 18,99

OK

2026-08-04 23:35:28.043 [ERROR] [0mdial_task (dial.c:1055) - Dial_st: dial_stat_reg_check failed
2026-08-04 23:35:28.064 [ERROR] [0mdial_task (dial.c:1055) - Dial_st: dial_stat_reg_check failed
>> Read response urc, len = 21, content : 
+CSQ: 18,99

OK

2026-08-04 23:35:28.088 [ERROR] [0mdial_task (dial.c:1055) - Dial_st: dial_stat_reg_check failed
>> Read response urc, len = 21, content : 
+CSQ: 18,99

OK

2026-08-04 23:35:28.109 [ERROR] [0mdial_task (dial.c:1055) - Dial_st: dial_stat_reg_check failed
2026-08-04 23:35:28.130 [ERROR] [0mdial_task (dial.c:1055) - Dial_st: dial_stat_reg_check failed
>> Read response urc, len = 21, content : 
+CSQ: 18,99

OK

2026-08-04 23:35:28.150 [ERROR] [0mdial_task (dial.c:1055) - Dial_st: dial_stat_reg_check failed
2026-08-04 23:35:28.171 [ERROR] [0mdial_task (dial.c:1055) - Dial_st: dial_stat_reg_check failed
>> Read response urc, len = 21, content : 
+CSQ: 18,99

OK

2026-08-04 23:35:28.192 [ERROR] [0mdial_task (dial.c:1055) - Dial_st: dial_stat_reg_check failed
>> Read response urc, len = 21, content : 
+CSQ: 18,99

OK

2026-08-04 23:35:28.213 [ERROR] [0mdial_task (dial.c:1055) - Dial_st: dial_stat_reg_check failed
2026-08-04 23:35:28.233 [ERROR] [0mdial_task (dial.c:1055) - Dial_st: dial_stat_reg_check failed
>> Read response urc, len = 21, content : 
+CSQ: 18,99

OK

2026-08-04 23:35:28.240 [INFO] [0martery_product_main (main.c:234) - [HEARTBEAT] state=reg_check csq=18 SRV:0 RAT:LTE DENY:6 RSRP:-88 RSRQ:-10 SNR:180 RSSI:-65 tcp_fail=0 rl_fail=0
2026-08-04 23:35:28.254 [ERROR] [0mdial_task (dial.c:1055) - Dial_st: dial_stat_reg_check failed
>> Read response urc, len = 21, content : 
+CSQ: 18,99

OK

2026-08-04 23:35:28.275 [ERROR] [0mdial_task (dial.c:1055) - Dial_st: dial_stat_reg_check failed
2026-08-04 23:35:28.299 [ERROR] [0mdial_task (dial.c:1055) - Dial_st: dial_stat_reg_check failed
>> Read response urc, len = 21, content : 
+CSQ: 18,99

OK

2026-08-04 23:35:28.319 [ERROR] [0mdial_task (dial.c:1055) - Dial_st: dial_stat_reg_check failed
2026-08-04 23:35:28.340 [ERROR] [0mdial_task (dial.c:1055) - Dial_st: dial_stat_reg_check failed
>> Read response urc, len = 21, content : 
+CSQ: 18,99

OK

2026-08-04 23:35:28.361 [ERROR] [0mdial_task (dial.c:1055) - Dial_st: dial_stat_reg_check failed
>> Read response urc, len = 21, content : 
+CSQ: 18,99

OK

2026-08-04 23:35:28.381 [ERROR] [0mdial_task (dial.c:1055) - Dial_st: dial_stat_reg_check failed
2026-08-04 23:35:28.402 [ERROR] [0mdial_task (dial.c:1055) - Dial_st: dial_stat_reg_check failed
>> Read response urc, len = 21, content : 
+CSQ: 18,99

OK

2026-08-04 23:35:28.423 [ERROR] [0mdial_task (dial.c:1055) - Dial_st: dial_stat_reg_check failed
2026-08-04 23:35:28.444 [ERROR] [0mdial_task (dial.c:1055) - Dial_st: dial_stat_reg_check failed
>> Read response urc, len = 21, content : 
+CSQ: 18,99

OK

2026-08-04 23:35:28.464 [ERROR] [0mdial_task (dial.c:1055) - Dial_st: dial_stat_reg_check failed
>> Read response urc, len = 21, content : 
+CSQ: 18,99

OK

2026-08-04 23:35:28.485 [ERROR] [0mdial_task (dial.c:1055) - Dial_st: dial_stat_reg_check failed
2026-08-04 23:35:28.509 [ERROR] [0mdial_task (dial.c:1055) - Dial_st: dial_stat_reg_check failed
>> Read response urc, len = 21, content : 
+CSQ: 18,99

OK

2026-08-04 23:35:28.530 [ERROR] [0mdial_task (dial.c:1055) - Dial_st: dial_stat_reg_check failed
>> Read response urc, len = 21, content : 
+CSQ: 18,99

OK

2026-08-04 23:35:28.551 [ERROR] [0mdial_task (dial.c:1055) - Dial_st: dial_stat_reg_check failed
2026-08-04 23:35:28.572 [ERROR] [0mdial_task (dial.c:1055) - Dial_st: dial_stat_reg_check failed
>> Read response urc, len = 21, content : 
+CSQ: 18,99

OK

2026-08-04 23:35:28.592 [ERROR] [0mdial_task (dial.c:1055) - Dial_st: dial_stat_reg_check failed
2026-08-04 23:35:28.613 [ERROR] [0mdial_task (dial.c:1055) - Dial_st: dial_stat_reg_check failed
>> Read response urc, len = 21, content : 
+CSQ: 18,99

OK

2026-08-04 23:35:28.634 [ERROR] [0mdial_task (dial.c:1055) - Dial_st: dial_stat_reg_check failed
>> Read response urc, len = 21, content : 
+CSQ: 18,99

OK

2026-08-04 23:35:28.653 [INFO] [0martery_product_main (main.c:234) - [HEARTBEAT] state=reg_check csq=18 SRV:0 RAT:LTE DENY:6 RSRP:-88 RSRQ:-10 SNR:180 RSSI:-65 tcp_fail=0 rl_fail=0
2026-08-04 23:35:28.655 [ERROR] [0mdial_task (dial.c:1055) - Dial_st: dial_stat_reg_check failed
2026-08-04 23:35:28.676 [ERROR] [0mdial_task (dial.c:1055) - Dial_st: dial_stat_reg_check failed
>> Read response urc, len = 21, content : 
+CSQ: 18,99

OK

2026-08-04 23:35:28.697 [ERROR] [0mdial_task (dial.c:1055) - Dial_st: dial_stat_reg_check failed
2026-08-04 23:35:28.721 [ERROR] [0mdial_task (dial.c:1055) - Dial_st: dial_stat_reg_check failed
>> Read response urc, len = 21, content : 
+CSQ: 18,99

OK

2026-08-04 23:35:28.742 [ERROR] [0mdial_task (dial.c:1055) - Dial_st: dial_stat_reg_check failed
>> Read response urc, len = 21, content : 
+CSQ: 18,99

OK

2026-08-04 23:35:28.763 [ERROR] [0mdial_task (dial.c:1055) - Dial_st: dial_stat_reg_check failed
2026-08-04 23:35:28.783 [ERROR] [0mdial_task (dial.c:1055) - Dial_st: dial_stat_reg_check failed
>> Read response urc, len = 21, content : 
+CSQ: 18,99

OK

2026-08-04 23:35:28.804 [ERROR] [0mdial_task (dial.c:1055) - Dial_st: dial_stat_reg_check failed
2026-08-04 23:35:28.825 [ERROR] [0mdial_task (dial.c:1055) - Dial_st: dial_stat_reg_check failed
>> Read response urc, len = 21, content : 
+CSQ: 18,99

OK

2026-08-04 23:35:28.846 [ERROR] [0mdial_task (dial.c:1055) - Dial_st: dial_stat_reg_check failed
>> Read response urc, len = 21, content : 
+CSQ: 18,99

OK

2026-08-04 23:35:28.866 [ERROR] [0mdial_task (dial.c:1055) - Dial_st: dial_stat_reg_check failed
2026-08-04 23:35:28.887 [ERROR] [0mdial_task (dial.c:1055) - Dial_st: dial_stat_reg_check failed
>> Read response urc, len = 21, content : 
+CSQ: 18,99

OK

2026-08-04 23:35:28.908 [ERROR] [0mdial_task (dial.c:1055) - Dial_st: dial_stat_reg_check failed
>> Read response urc, len = 21, content : 
+CSQ: 18,99

OK

2026-08-04 23:35:28.931 [ERROR] [0mdial_task (dial.c:1055) - Dial_st: dial_stat_reg_check failed
2026-08-04 23:35:28.951 [ERROR] [0mdial_task (dial.c:1055) - Dial_st: dial_stat_reg_check failed
>> Read response urc, len = 21, content : 
+CSQ: 18,99

OK

2026-08-04 23:35:28.972 [ERROR] [0mdial_task (dial.c:1055) - Dial_st: dial_stat_reg_check failed
2026-08-04 23:35:28.992 [ERROR] [0mdial_task (dial.c:1055) - Dial_st: dial_stat_reg_check failed
>> Read response urc, len = 21, content : 
+CSQ: 18,99

OK

2026-08-04 23:37:58.013 [ERROR] [0mdial_task (dial.c:1055) - Dial_st: dial_stat_reg_check failed
>> Read response urc, len = 21, content : 
+CSQ: 18,99

OK

2026-08-04 23:37:58.034 [ERROR] [0mdial_task (dial.c:1055) - Dial_st: dial_stat_reg_check failed
2026-08-04 23:37:58.055 [ERROR] [0mdial_task (dial.c:1055) - Dial_st: dial_stat_reg_check failed
>> Read response urc, len = 21, content : 
+CSQ: 18,99

OK

2026-08-04 23:37:58.068 [INFO] [0martery_product_main (main.c:234) - [HEARTBEAT] state=reg_check csq=18 SRV:0 RAT:LTE DENY:6 RSRP:-88 RSRQ:-10 SNR:180 RSSI:-65 tcp_fail=0 rl_fail=0
2026-08-04 23:37:58.076 [ERROR] [0mdial_task (dial.c:1055) - Dial_st: dial_stat_reg_check failed
2026-08-04 23:37:58.096 [ERROR] [0mdial_task (dial.c:1055) - Dial_st: dial_stat_reg_check failed
>> Read response urc, len = 21, content : 
+CSQ: 18,99

OK

2026-08-04 23:37:58.117 [ERROR] [0mdial_task (dial.c:1055) - Dial_st: dial_stat_reg_check failed
>> Read response urc, len = 21, content : 
+CSQ: 18,99

OK

>> Read response urc, len = 21, content : 
+CEREG: 0,0

OK

2026-08-04 23:37:58.138 [INFO] [0mnw_at_get_cereg_stat (nw.c:251) - cereg_n: 0, stat_cereg:0
>> Read response urc, len = 104, content : 
+QENG: "servingcell","NOCONN","LTE","FDD",460,00,D17C148,496,1850,3,5,5,272D,-101,-6,-75,23,18

OK

2026-08-04 23:37:58.138 [INFO] [0martery_product_main (main.c:258) - [HEARTBEAT] OPER:SIMNET 46000 cereg=0 cellid=D17C148 pci=496 tac=272D rsrp=-101dBm rsrq=-6dB ifname=(none) ip=0.0.0.0 rx_packets=0
2026-08-04 23:37:58.141 [ERROR] [0mdial_task (dial.c:1055) - Dial_st: dial_stat_reg_check failed
2026-08-04 23:37:58.161 [ERROR] [0mdial_task (dial.c:1055) - Dial_st: dial_stat_reg_check failed
>> Read response urc, len = 21, content : 
+CSQ: 18,99

OK

2026-08-04 23:37:58.182 [ERROR] [0mdial_task (dial.c:1055) - Dial_st: dial_stat_reg_check failed
2026-08-04 23:37:58.203 [ERROR] [0mdial_task (dial.c:1055) - Dial_st: dial_stat_reg_check failed
>> Read response urc, len = 21, content : 
+CSQ: 18,99

OK

2026-08-04 23:37:58.224 [ERROR] [0mdial_task (dial.c:1055) - Dial_st: dial_stat_reg_check failed
>> Read response urc, len = 21, content : 
+CSQ: 18,99

OK

2026-08-04 23:37:58.245 [ERROR] [0mdial_task (dial.c:1055) - Dial_st: dial_stat_reg_check failed
2026-08-04 23:37:58.265 [ERROR] [0mdial_task (dial.c:1055) - Dial_st: dial_stat_reg_check failed
>> Read response urc, len = 21, content : 
+CSQ: 18,99

OK

2026-08-04 23:37:58.286 [ERROR] [0mdial_task (dial.c:1055) - Dial_st: dial_stat_reg_check failed
2026-08-04 23:37:58.307 [ERROR] [0mdial_task (dial.c:1055) - Dial_st: dial_stat_reg_check failed
>> Read response urc, len = 21, content : 
+CSQ: 18,99

OK

2026-08-04 23:37:58.327 [ERROR] [0mdial_task (dial.c:1055) - Dial_st: dial_stat_reg_check failed
>> Read response urc, len = 21, content : 
+CSQ: 18,99

OK

2026-08-04 23:37:58.352 [ERROR] [0mdial_task (dial.c:1055) - Dial_st: dial_stat_reg_check failed
2026-08-04 23:37:58.374 [ERROR] [0mdial_task (dial.c:1055) - Dial_st: dial_stat_reg_check failed
>> Read response urc, len = 21, content : 
+CSQ: 18,99

OK

2026-08-04 23:37:58.395 [ERROR] [0mdial_task (dial.c:1055) - Dial_st: dial_stat_reg_check failed
>> Read response urc, len = 21, content : 
+CSQ: 18,99

OK

2026-08-04 23:37:58.415 [ERROR] [0mdial_task (dial.c:1055) - Dial_st: dial_stat_reg_check failed
2026-08-04 23:37:58.436 [ERROR] [0mdial_task (dial.c:1055) - Dial_st: dial_stat_reg_check failed
>> Read response urc, len = 21, content : 
+CSQ: 18,99

OK

2026-08-04 23:37:58.457 [ERROR] [0mdial_task (dial.c:1055) - Dial_st: dial_stat_reg_check failed
2026-08-04 23:37:58.478 [ERROR] [0mdial_task (dial.c:1055) - Dial_st: dial_stat_reg_check failed
>> Read response urc, len = 21, content : 
+CSQ: 18,99

OK

2026-08-04 23:37:58.483 [INFO] [0martery_product_main (main.c:234) - [HEARTBEAT] state=reg_check csq=18 SRV:0 RAT:LTE DENY:6 RSRP:-88 RSRQ:-10 SNR:180 RSSI:-65 tcp_fail=0 rl_fail=0
2026-08-04 23:37:58.499 [ERROR] [0mdial_task (dial.c:1055) - Dial_st: dial_stat_reg_check failed
>> Read response urc, len = 21, content : 
+CSQ: 18,99

OK

2026-08-04 23:37:58.520 [ERROR] [0mdial_task (dial.c:1055) - Dial_st: dial_stat_reg_check failed
2026-08-04 23:37:58.540 [ERROR] [0mdial_task (dial.c:1055) - Dial_st: dial_stat_reg_check failed
>> Read response urc, len = 21, content : 
+CSQ: 18,99

OK

2026-08-04 23:37:58.564 [ERROR] [0mdial_task (dial.c:1055) - Dial_st: dial_stat_reg_check failed
2026-08-04 23:37:58.608 [ERROR] [0mdial_task (dial.c:1055) - Dial_st: dial_stat_reg_check failed
2026-08-04 23:37:58.629 [ERROR] [0mdial_task (dial.c:1055) - Dial_st: dial_stat_reg_check failed
>> Read response urc, len = 21, content : 
+CSQ: 18,99

OK

2026-08-04 23:37:58.650 [ERROR] [0mdial_task (dial.c:1055) - Dial_st: dial_stat_reg_check failed
>> Read response urc, len = 21, content : 
+CSQ: 18,99

OK

2026-08-04 23:37:58.671 [ERROR] [0mdial_task (dial.c:1055) - Dial_st: dial_stat_reg_check failed
2026-08-04 23:37:58.692 [ERROR] [0mdial_task (dial.c:1055) - Dial_st: dial_stat_reg_check failed
2026-08-04 23:37:58.692 [ERROR] [0mdial_task (dial.c:1061) - reg_check timeout (300s), policy=4
2026-08-04 23:37:58.692 [ERROR] [0mdial_task (dial.c:2087) - reg timeout: policy=4, cfun reset and retry
>> Read response urc, len = 30, content : 
+COPS: 0,2,"46000",7

OK

2026-08-04 23:37:58.693 [INFO] [0mdial_task (dial.c:2112) - reg timeout: AT+COPS=0 unlock OK, back to auto operator
2026-08-04 23:37:58.700 [INFO] [0mdial_task (dial.c:918) - state: reg_check -> stop_cfun
2026-08-04 23:37:58.700 [INFO] [0mdial_task (dial.c:1640) - dial_stat_stop_cfun
>> Read response urc, len = 6, content : 
OK

2026-08-04 23:37:58.734 [INFO] [0mdial_task (dial.c:1658) - cfun stop response: 
OK

>> Read response urc, len = 21, content : 
+CSQ: 18,99

OK

2026-08-04 23:37:58.741 [INFO] [0mdial_task (dial.c:918) - state: stop_cfun -> start_cfun
2026-08-04 23:37:58.741 [ERROR] [0mdial_task (dial.c:1663) - dial_stat_start_cfun
>> Read response urc, len = 6, content : 
OK

2026-08-04 23:37:58.775 [INFO] [0mdial_task (dial.c:1684) - cfun start response: 
OK

>> Read response urc, len = 21, content : 
+CSQ: 18,99

OK

2026-08-04 23:37:58.785 [INFO] [0mdial_task (dial.c:918) - state: start_cfun -> sim_init
2026-08-04 23:37:58.792 [INFO] [0mdial_task (dial.c:918) - state: sim_init -> sim_check
2026-08-04 23:37:58.799 [INFO] [0mdial_task (dial.c:918) - state: sim_check -> sim_op
2026-08-04 23:37:58.799 [INFO] [0msim_op_handler (sim.c:210) - ICCID: 
2026-08-04 23:37:58.799 [INFO] [0msim_op_handler (sim.c:221) - IMSI: 
2026-08-04 23:37:58.806 [INFO] [0mdial_task (dial.c:918) - state: sim_op -> reg_check
2026-08-04 23:37:58.806 [ERROR] [0mdial_task (dial.c:1055) - Dial_st: dial_stat_reg_check failed
>> Read response urc, len = 21, content : 
+CSQ: 18,99

OK

2026-08-04 23:37:58.827 [ERROR] [0mdial_task (dial.c:1055) - Dial_st: dial_stat_reg_check failed
>> Read response urc, len = 21, content : 
+CSQ: 18,99

OK

2026-08-04 23:37:58.849 [ERROR] [0mdial_task (dial.c:1055) - Dial_st: dial_stat_reg_check failed
2026-08-04 23:37:58.870 [ERROR] [0mdial_task (dial.c:1055) - Dial_st: dial_stat_reg_check failed
>> Read response urc, len = 21, content : 
+CSQ: 18,99

OK

2026-08-04 23:37:58.891 [ERROR] [0mdial_task (dial.c:1055) - Dial_st: dial_stat_reg_check failed
>> Read response urc, len = 21, content : 
+CSQ: 18,99

OK

2026-08-04 23:37:58.912 [INFO] [0martery_product_main (main.c:234) - [HEARTBEAT] state=reg_check csq=18 SRV:0 RAT:LTE DENY:6 RSRP:-88 RSRQ:-10 SNR:180 RSSI:-65 tcp_fail=0 rl_fail=0
2026-08-04 23:37:58.912 [ERROR] [0mdial_task (dial.c:1055) - Dial_st: dial_stat_reg_check failed
2026-08-04 23:37:58.933 [ERROR] [0mdial_task (dial.c:1055) - Dial_st: dial_stat_reg_check failed
>> Read response urc, len = 21, content : 
+CSQ: 18,99

OK

2026-08-04 23:37:58.954 [ERROR] [0mdial_task (dial.c:1055) - Dial_st: dial_stat_reg_check failed
2026-08-04 23:37:58.975 [ERROR] [0mdial_task (dial.c:1055) - Dial_st: dial_stat_reg_check failed
>> Read response urc, len = 21, content : 
+CSQ: 18,99

OK

2026-08-04 23:37:58.998 [ERROR] [0mdial_task (dial.c:1055) - Dial_st: dial_stat_reg_check failed
>> Read response urc, len = 21, content : 
+CSQ: 18,99

OK

2026-08-04 23:40:28.019 [ERROR] [0mdial_task (dial.c:1055) - Dial_st: dial_stat_reg_check failed
2026-08-04 23:40:28.040 [ERROR] [0mdial_task (dial.c:1055) - Dial_st: dial_stat_reg_check failed
>> Read response urc, len = 21, content : 
+CSQ: 18,99

OK

2026-08-04 23:40:28.060 [ERROR] [0mdial_task (dial.c:1055) - Dial_st: dial_stat_reg_check failed
2026-08-04 23:40:28.081 [ERROR] [0mdial_task (dial.c:1055) - Dial_st: dial_stat_reg_check failed
>> Read response urc, len = 21, content : 
+CSQ: 18,99

OK

2026-08-04 23:40:28.102 [ERROR] [0mdial_task (dial.c:1055) - Dial_st: dial_stat_reg_check failed
>> Read response urc, len = 21, content : 
+CSQ: 18,99

OK

2026-08-04 23:40:28.123 [ERROR] [0mdial_task (dial.c:1055) - Dial_st: dial_stat_reg_check failed
2026-08-04 23:40:28.143 [ERROR] [0mdial_task (dial.c:1055) - Dial_st: dial_stat_reg_check failed
>> Read response urc, len = 21, content : 
+CSQ: 18,99

OK

2026-08-04 23:40:28.165 [ERROR] [0mdial_task (dial.c:1055) - Dial_st: dial_stat_reg_check failed
2026-08-04 23:40:28.186 [ERROR] [0mdial_task (dial.c:1055) - Dial_st: dial_stat_reg_check failed
>> Read response urc, len = 21, content : 
+CSQ: 18,99

OK

2026-08-04 23:40:28.210 [ERROR] [0mdial_task (dial.c:1055) - Dial_st: dial_stat_reg_check failed
>> Read response urc, len = 21, content : 
+CSQ: 18,99

OK

2026-08-04 23:40:28.230 [ERROR] [0mdial_task (dial.c:1055) - Dial_st: dial_stat_reg_check failed
2026-08-04 23:40:28.251 [ERROR] [0mdial_task (dial.c:1055) - Dial_st: dial_stat_reg_check failed
>> Read response urc, len = 21, content : 
+CSQ: 18,99

OK

2026-08-04 23:40:28.272 [ERROR] [0mdial_task (dial.c:1055) - Dial_st: dial_stat_reg_check failed
>> Read response urc, len = 21, content : 
+CSQ: 18,99

OK

2026-08-04 23:40:28.293 [ERROR] [0mdial_task (dial.c:1055) - Dial_st: dial_stat_reg_check failed
2026-08-04 23:40:28.314 [ERROR] [0mdial_task (dial.c:1055) - Dial_st: dial_stat_reg_check failed
>> Read response urc, len = 21, content : 
+CSQ: 18,99

OK

2026-08-04 23:40:28.327 [INFO] [0martery_product_main (main.c:234) - [HEARTBEAT] state=reg_check csq=18 SRV:0 RAT:LTE DENY:6 RSRP:-88 RSRQ:-10 SNR:180 RSSI:-65 tcp_fail=0 rl_fail=0
2026-08-04 23:40:28.335 [ERROR] [0mdial_task (dial.c:1055) - Dial_st: dial_stat_reg_check failed
2026-08-04 23:40:28.356 [ERROR] [0mdial_task (dial.c:1055) - Dial_st: dial_stat_reg_check failed
>> Read response urc, len = 21, content : 
+CSQ: 18,99

OK

2026-08-04 23:40:28.377 [ERROR] [0mdial_task (dial.c:1055) - Dial_st: dial_stat_reg_check failed
>> Read response urc, len = 21, content : 
+CSQ: 18,99

OK

2026-08-04 23:40:28.398 [ERROR] [0mdial_task (dial.c:1055) - Dial_st: dial_stat_reg_check failed
2026-08-04 23:40:28.422 [ERROR] [0mdial_task (dial.c:1055) - Dial_st: dial_stat_reg_check failed
>> Read response urc, len = 21, content : 
+CSQ: 18,99

OK

2026-08-04 23:40:28.442 [ERROR] [0mdial_task (dial.c:1055) - Dial_st: dial_stat_reg_check failed
2026-08-04 23:40:28.463 [ERROR] [0mdial_task (dial.c:1055) - Dial_st: dial_stat_reg_check failed
>> Read response urc, len = 21, content : 
+CSQ: 18,99

OK

2026-08-04 23:40:28.484 [ERROR] [0mdial_task (dial.c:1055) - Dial_st: dial_stat_reg_check failed
>> Read response urc, len = 21, content : 
+CSQ: 18,99

OK

2026-08-04 23:40:28.505 [ERROR] [0mdial_task (dial.c:1055) - Dial_st: dial_stat_reg_check failed
2026-08-04 23:40:28.526 [ERROR] [0mdial_task (dial.c:1055) - Dial_st: dial_stat_reg_check failed
>> Read response urc, len = 21, content : 
+CSQ: 18,99

OK

2026-08-04 23:40:28.547 [ERROR] [0mdial_task (dial.c:1055) - Dial_st: dial_stat_reg_check failed
>> Read response urc, len = 21, content : 
+CSQ: 18,99

OK

2026-08-04 23:40:28.568 [ERROR] [0mdial_task (dial.c:1055) - Dial_st: dial_stat_reg_check failed
2026-08-04 23:40:28.588 [ERROR] [0mdial_task (dial.c:1055) - Dial_st: dial_stat_reg_check failed
>> Read response urc, len = 21, content : 
+CSQ: 18,99

OK

2026-08-04 23:40:28.609 [ERROR] [0mdial_task (dial.c:1055) - Dial_st: dial_stat_reg_check failed
2026-08-04 23:40:28.635 [ERROR] [0mdial_task (dial.c:1055) - Dial_st: dial_stat_reg_check failed
>> Read response urc, len = 21, content : 
+CSQ: 18,99

OK

2026-08-04 23:40:28.656 [ERROR] [0mdial_task (dial.c:1055) - Dial_st: dial_stat_reg_check failed
>> Read response urc, len = 21, content : 
+CSQ: 18,99

OK

2026-08-04 23:40:28.676 [ERROR] [0mdial_task (dial.c:1055) - Dial_st: dial_stat_reg_check failed
2026-08-04 23:40:28.697 [ERROR] [0mdial_task (dial.c:1055) - Dial_st: dial_stat_reg_check failed
>> Read response urc, len = 21, content : 
+CSQ: 18,99

OK

2026-08-04 23:40:28.717 [ERROR] [0mdial_task (dial.c:1055) - Dial_st: dial_stat_reg_check failed
2026-08-04 23:40:28.738 [ERROR] [0mdial_task (dial.c:1055) - Dial_st: dial_stat_reg_check failed
>> Read response urc, len = 21, content : 
+CSQ: 18,99

OK

2026-08-04 23:40:28.739 [INFO] [0martery_product_main (main.c:234) - [HEARTBEAT] state=reg_check csq=18 SRV:0 RAT:LTE DENY:6 RSRP:-88 RSRQ:-10 SNR:180 RSSI:-65 tcp_fail=0 rl_fail=0
2026-08-04 23:40:28.759 [ERROR] [0mdial_task (dial.c:1055) - Dial_st: dial_stat_reg_check failed
>> Read response urc, len = 21, content : 
+CSQ: 18,99

OK

2026-08-04 23:40:28.780 [ERROR] [0mdial_task (dial.c:1055) - Dial_st: dial_stat_reg_check failed
2026-08-04 23:40:28.801 [ERROR] [0mdial_task (dial.c:1055) - Dial_st: dial_stat_reg_check failed
>> Read response urc, len = 21, content : 
+CSQ: 18,99

OK

2026-08-04 23:40:28.822 [ERROR] [0mdial_task (dial.c:1055) - Dial_st: dial_stat_reg_check failed
>> Read response urc, len = 21, content : 
+CSQ: 18,99

OK

2026-08-04 23:40:28.846 [ERROR] [0mdial_task (dial.c:1055) - Dial_st: dial_stat_reg_check failed
2026-08-04 23:40:28.868 [ERROR] [0mdial_task (dial.c:1055) - Dial_st: dial_stat_reg_check failed
>> Read response urc, len = 21, content : 
+CSQ: 18,99

OK

2026-08-04 23:40:28.888 [ERROR] [0mdial_task (dial.c:1055) - Dial_st: dial_stat_reg_check failed
2026-08-04 23:40:28.909 [ERROR] [0mdial_task (dial.c:1055) - Dial_st: dial_stat_reg_check failed
>> Read response urc, len = 21, content : 
+CSQ: 18,99

OK

2026-08-04 23:40:28.930 [ERROR] [0mdial_task (dial.c:1055) - Dial_st: dial_stat_reg_check failed
>> Read response urc, len = 21, content : 
+CSQ: 18,99

OK

2026-08-04 23:40:28.951 [ERROR] [0mdial_task (dial.c:1055) - Dial_st: dial_stat_reg_check failed
2026-08-04 23:40:28.971 [ERROR] [0mdial_task (dial.c:1055) - Dial_st: dial_stat_reg_check failed
>> Read response urc, len = 21, content : 
+CSQ: 18,99

OK

2026-08-04 23:40:28.992 [ERROR] [0mdial_task (dial.c:1055) - Dial_st: dial_stat_reg_check failed
2026-08-04 23:42:58.013 [ERROR] [0mdial_task (dial.c:1055) - Dial_st: dial_stat_reg_check failed
>> Read response urc, len = 21, content : 
+CSQ: 18,99

OK

2026-08-04 23:42:58.034 [ERROR] [0mdial_task (dial.c:1055) - Dial_st: dial_stat_reg_check failed
>> Read response urc, len = 21, content : 
+CSQ: 18,99

OK

2026-08-04 23:42:58.059 [ERROR] [0mdial_task (dial.c:1055) - Dial_st: dial_stat_reg_check failed
2026-08-04 23:42:58.079 [ERROR] [0mdial_task (dial.c:1055) - Dial_st: dial_stat_reg_check failed
>> Read response urc, len = 21, content : 
+CSQ: 18,99

OK

2026-08-04 23:42:58.100 [ERROR] [0mdial_task (dial.c:1055) - Dial_st: dial_stat_reg_check failed
>> Read response urc, len = 21, content : 
+CSQ: 18,99

OK

2026-08-04 23:42:58.121 [ERROR] [0mdial_task (dial.c:1055) - Dial_st: dial_stat_reg_check failed
2026-08-04 23:42:58.142 [ERROR] [0mdial_task (dial.c:1055) - Dial_st: dial_stat_reg_check failed
>> Read response urc, len = 21, content : 
+CSQ: 18,99

OK

2026-08-04 23:42:58.153 [INFO] [0martery_product_main (main.c:234) - [HEARTBEAT] state=reg_check csq=18 SRV:0 RAT:LTE DENY:6 RSRP:-88 RSRQ:-10 SNR:180 RSSI:-65 tcp_fail=0 rl_fail=0
>> Read response urc, len = 21, content : 
+CEREG: 0,0

OK

2026-08-04 23:42:58.154 [INFO] [0mnw_at_get_cereg_stat (nw.c:251) - cereg_n: 0, stat_cereg:0
>> Read response urc, len = 104, content : 
+QENG: "servingcell","NOCONN","LTE","FDD",460,00,D17C148,496,1850,3,5,5,272D,-101,-6,-75,23,18

OK

2026-08-04 23:42:58.154 [INFO] [0martery_product_main (main.c:258) - [HEARTBEAT] OPER:SIMNET 46000 cereg=0 cellid=D17C148 pci=496 tac=272D rsrp=-101dBm rsrq=-6dB ifname=(none) ip=0.0.0.0 rx_packets=0
2026-08-04 23:42:58.163 [ERROR] [0mdial_task (dial.c:1055) - Dial_st: dial_stat_reg_check failed
2026-08-04 23:42:58.183 [ERROR] [0mdial_task (dial.c:1055) - Dial_st: dial_stat_reg_check failed
>> Read response urc, len = 21, content : 
+CSQ: 18,99

OK

2026-08-04 23:42:58.204 [ERROR] [0mdial_task (dial.c:1055) - Dial_st: dial_stat_reg_check failed
>> Read response urc, len = 21, content : 
+CSQ: 18,99

OK

2026-08-04 23:42:58.225 [ERROR] [0mdial_task (dial.c:1055) - Dial_st: dial_stat_reg_check failed
2026-08-04 23:42:58.246 [ERROR] [0mdial_task (dial.c:1055) - Dial_st: dial_stat_reg_check failed
>> Read response urc, len = 21, content : 
+CSQ: 18,99

OK

2026-08-04 23:42:58.269 [ERROR] [0mdial_task (dial.c:1055) - Dial_st: dial_stat_reg_check failed
2026-08-04 23:42:58.290 [ERROR] [0mdial_task (dial.c:1055) - Dial_st: dial_stat_reg_check failed
>> Read response urc, len = 21, content : 
+CSQ: 18,99

OK

2026-08-04 23:42:58.310 [ERROR] [0mdial_task (dial.c:1055) - Dial_st: dial_stat_reg_check failed
>> Read response urc, len = 21, content : 
+CSQ: 18,99

OK

2026-08-04 23:42:58.331 [ERROR] [0mdial_task (dial.c:1055) - Dial_st: dial_stat_reg_check failed
2026-08-04 23:42:58.352 [ERROR] [0mdial_task (dial.c:1055) - Dial_st: dial_stat_reg_check failed
>> Read response urc, len = 21, content : 
+CSQ: 18,99

OK

2026-08-04 23:42:58.373 [ERROR] [0mdial_task (dial.c:1055) - Dial_st: dial_stat_reg_check failed
2026-08-04 23:42:58.395 [ERROR] [0mdial_task (dial.c:1055) - Dial_st: dial_stat_reg_check failed
>> Read response urc, len = 21, content : 
+CSQ: 18,99

OK

2026-08-04 23:42:58.415 [ERROR] [0mdial_task (dial.c:1055) - Dial_st: dial_stat_reg_check failed
>> Read response urc, len = 21, content : 
+CSQ: 18,99

OK

2026-08-04 23:42:58.436 [ERROR] [0mdial_task (dial.c:1055) - Dial_st: dial_stat_reg_check failed
2026-08-04 23:42:58.457 [ERROR] [0mdial_task (dial.c:1055) - Dial_st: dial_stat_reg_check failed
>> Read response urc, len = 21, content : 
+CSQ: 18,99

OK

2026-08-04 23:42:58.482 [ERROR] [0mdial_task (dial.c:1055) - Dial_st: dial_stat_reg_check failed
>> Read response urc, len = 21, content : 
+CSQ: 18,99

OK

2026-08-04 23:42:58.503 [ERROR] [0mdial_task (dial.c:1055) - Dial_st: dial_stat_reg_check failed
2026-08-04 23:42:58.524 [ERROR] [0mdial_task (dial.c:1055) - Dial_st: dial_stat_reg_check failed
>> Read response urc, len = 21, content : 
+CSQ: 18,99

OK

2026-08-04 23:42:58.545 [ERROR] [0mdial_task (dial.c:1055) - Dial_st: dial_stat_reg_check failed
>> Read response urc, len = 21, content : 
+CSQ: 18,99

OK

2026-08-04 23:42:58.566 [ERROR] [0mdial_task (dial.c:1055) - Dial_st: dial_stat_reg_check failed
2026-08-04 23:42:58.566 [INFO] [0martery_product_main (main.c:234) - [HEARTBEAT] state=reg_check csq=18 SRV:0 RAT:LTE DENY:6 RSRP:-88 RSRQ:-10 SNR:180 RSSI:-65 tcp_fail=0 rl_fail=0
2026-08-04 23:42:58.587 [ERROR] [0mdial_task (dial.c:1055) - Dial_st: dial_stat_reg_check failed
>> Read response urc, len = 21, content : 
+CSQ: 18,99

OK

2026-08-04 23:42:58.607 [ERROR] [0mdial_task (dial.c:1055) - Dial_st: dial_stat_reg_check failed
2026-08-04 23:42:58.628 [ERROR] [0mdial_task (dial.c:1055) - Dial_st: dial_stat_reg_check failed
>> Read response urc, len = 21, content : 
+CSQ: 18,99

OK

2026-08-04 23:42:58.649 [ERROR] [0mdial_task (dial.c:1055) - Dial_st: dial_stat_reg_check failed
>> Read response urc, len = 21, content : 
+CSQ: 18,99

OK

2026-08-04 23:42:58.669 [ERROR] [0mdial_task (dial.c:1055) - Dial_st: dial_stat_reg_check failed
2026-08-04 23:42:58.693 [ERROR] [0mdial_task (dial.c:1055) - Dial_st: dial_stat_reg_check failed
>> Read response urc, len = 21, content : 
+CSQ: 18,99

OK

2026-08-04 23:42:58.713 [ERROR] [0mdial_task (dial.c:1055) - Dial_st: dial_stat_reg_check failed
2026-08-04 23:42:58.734 [ERROR] [0mdial_task (dial.c:1055) - Dial_st: dial_stat_reg_check failed
>> Read response urc, len = 21, content : 
+CSQ: 18,99

OK

2026-08-04 23:42:58.755 [ERROR] [0mdial_task (dial.c:1055) - Dial_st: dial_stat_reg_check failed
>> Read response urc, len = 21, content : 
+CSQ: 18,99

OK

2026-08-04 23:42:58.776 [ERROR] [0mdial_task (dial.c:1055) - Dial_st: dial_stat_reg_check failed
2026-08-04 23:42:58.797 [ERROR] [0mdial_task (dial.c:1055) - Dial_st: dial_stat_reg_check failed
>> Read response urc, len = 21, content : 
+CSQ: 18,99

OK

2026-08-04 23:42:58.825 [ERROR] [0mdial_task (dial.c:1055) - Dial_st: dial_stat_reg_check failed
2026-08-04 23:42:58.825 [ERROR] [0mdial_task (dial.c:1061) - reg_check timeout (300s), policy=4
2026-08-04 23:42:58.845 [ERROR] [0mdial_task (dial.c:2087) - reg timeout: policy=4, cfun reset and retry
>> Read response urc, len = 30, content : 
+COPS: 0,2,"46000",7

OK

2026-08-04 23:42:58.853 [INFO] [0mdial_task (dial.c:2112) - reg timeout: AT+COPS=0 unlock OK, back to auto operator
>> Read response urc, len = 21, content : 
+CSQ: 18,99

OK

2026-08-04 23:42:58.860 [INFO] [0mdial_task (dial.c:918) - state: reg_check -> stop_cfun
2026-08-04 23:42:58.860 [INFO] [0mdial_task (dial.c:1640) - dial_stat_stop_cfun
>> Read response urc, len = 6, content : 
OK

2026-08-04 23:42:58.905 [INFO] [0mdial_task (dial.c:1658) - cfun stop response: 
OK

>> Read response urc, len = 21, content : 
+CSQ: 18,99

OK

2026-08-04 23:42:58.915 [INFO] [0mdial_task (dial.c:918) - state: stop_cfun -> start_cfun
2026-08-04 23:42:58.915 [ERROR] [0mdial_task (dial.c:1663) - dial_stat_start_cfun
>> Read response urc, len = 6, content : 
OK

2026-08-04 23:42:58.950 [INFO] [0mdial_task (dial.c:1684) - cfun start response: 
OK

>> Read response urc, len = 21, content : 
+CSQ: 18,99

OK

2026-08-04 23:42:58.957 [INFO] [0mdial_task (dial.c:918) - state: start_cfun -> sim_init
2026-08-04 23:42:58.964 [INFO] [0mdial_task (dial.c:918) - state: sim_init -> sim_check
2026-08-04 23:42:58.971 [INFO] [0mdial_task (dial.c:918) - state: sim_check -> sim_op
2026-08-04 23:42:58.971 [INFO] [0msim_op_handler (sim.c:210) - ICCID: 
2026-08-04 23:42:58.971 [INFO] [0msim_op_handler (sim.c:221) - IMSI: 
2026-08-04 23:42:58.978 [INFO] [0mdial_task (dial.c:918) - state: sim_op -> reg_check
2026-08-04 23:42:58.978 [ERROR] [0mdial_task (dial.c:1055) - Dial_st: dial_stat_reg_check failed
>> Read response urc, len = 21, content : 
+CSQ: 18,99

OK

2026-08-04 23:42:58.984 [INFO] [0martery_product_main (main.c:234) - [HEARTBEAT] state=reg_check csq=18 SRV:0 RAT:LTE DENY:6 RSRP:-88 RSRQ:-10 SNR:180 RSSI:-65 tcp_fail=0 rl_fail=0
2026-08-04 23:42:58.999 [ERROR] [0mdial_task (dial.c:1055) - Dial_st: dial_stat_reg_check failed
>> Read response urc, len = 21, content : 
+CSQ: 18,99

OK

2026-08-04 23:45:28.019 [ERROR] [0mdial_task (dial.c:1055) - Dial_st: dial_stat_reg_check failed
2026-08-04 23:45:28.040 [ERROR] [0mdial_task (dial.c:1055) - Dial_st: dial_stat_reg_check failed
>> Read response urc, len = 21, content : 
+CSQ: 18,99

OK

2026-08-04 23:45:28.061 [ERROR] [0mdial_task (dial.c:1055) - Dial_st: dial_stat_reg_check failed
2026-08-04 23:45:28.082 [ERROR] [0mdial_task (dial.c:1055) - Dial_st: dial_stat_reg_check failed
>> Read response urc, len = 21, content : 
+CSQ: 18,99

OK

2026-08-04 23:45:28.103 [ERROR] [0mdial_task (dial.c:1055) - Dial_st: dial_stat_reg_check failed
>> Read response urc, len = 21, content : 
+CSQ: 18,99

OK

2026-08-04 23:45:28.128 [ERROR] [0mdial_task (dial.c:1055) - Dial_st: dial_stat_reg_check failed
2026-08-04 23:45:28.148 [ERROR] [0mdial_task (dial.c:1055) - Dial_st: dial_stat_reg_check failed
>> Read response urc, len = 21, content : 
+CSQ: 18,99

OK

2026-08-04 23:45:28.169 [ERROR] [0mdial_task (dial.c:1055) - Dial_st: dial_stat_reg_check failed
2026-08-04 23:45:28.190 [ERROR] [0mdial_task (dial.c:1055) - Dial_st: dial_stat_reg_check failed
>> Read response urc, len = 21, content : 
+CSQ: 18,99

OK

2026-08-04 23:45:28.210 [ERROR] [0mdial_task (dial.c:1055) - Dial_st: dial_stat_reg_check failed
>> Read response urc, len = 21, content : 
+CSQ: 18,99

OK

2026-08-04 23:45:28.231 [ERROR] [0mdial_task (dial.c:1055) - Dial_st: dial_stat_reg_check failed
2026-08-04 23:45:28.252 [ERROR] [0mdial_task (dial.c:1055) - Dial_st: dial_stat_reg_check failed
>> Read response urc, len = 21, content : 
+CSQ: 18,99

OK

2026-08-04 23:45:28.273 [ERROR] [0mdial_task (dial.c:1055) - Dial_st: dial_stat_reg_check failed
>> Read response urc, len = 21, content : 
+CSQ: 18,99

OK

2026-08-04 23:45:28.294 [ERROR] [0mdial_task (dial.c:1055) - Dial_st: dial_stat_reg_check failed
2026-08-04 23:45:28.315 [ERROR] [0mdial_task (dial.c:1055) - Dial_st: dial_stat_reg_check failed
>> Read response urc, len = 21, content : 
+CSQ: 18,99

OK

2026-08-04 23:45:28.339 [ERROR] [0mdial_task (dial.c:1055) - Dial_st: dial_stat_reg_check failed
2026-08-04 23:45:28.359 [ERROR] [0mdial_task (dial.c:1055) - Dial_st: dial_stat_reg_check failed
>> Read response urc, len = 21, content : 
+CSQ: 18,99

OK

2026-08-04 23:45:28.380 [ERROR] [0mdial_task (dial.c:1055) - Dial_st: dial_stat_reg_check failed
>> Read response urc, len = 21, content : 
+CSQ: 18,99

OK

2026-08-04 23:45:28.398 [INFO] [0martery_product_main (main.c:234) - [HEARTBEAT] state=reg_check csq=18 SRV:0 RAT:LTE DENY:6 RSRP:-88 RSRQ:-10 SNR:180 RSSI:-65 tcp_fail=0 rl_fail=0
2026-08-04 23:45:28.401 [ERROR] [0mdial_task (dial.c:1055) - Dial_st: dial_stat_reg_check failed
2026-08-04 23:45:28.422 [ERROR] [0mdial_task (dial.c:1055) - Dial_st: dial_stat_reg_check failed
>> Read response urc, len = 21, content : 
+CSQ: 18,99

OK

2026-08-04 23:45:28.443 [ERROR] [0mdial_task (dial.c:1055) - Dial_st: dial_stat_reg_check failed
2026-08-04 23:45:28.464 [ERROR] [0mdial_task (dial.c:1055) - Dial_st: dial_stat_reg_check failed
>> Read response urc, len = 21, content : 
+CSQ: 18,99

OK

2026-08-04 23:45:28.485 [ERROR] [0mdial_task (dial.c:1055) - Dial_st: dial_stat_reg_check failed
>> Read response urc, len = 21, content : 
+CSQ: 18,99

OK

2026-08-04 23:45:28.506 [ERROR] [0mdial_task (dial.c:1055) - Dial_st: dial_stat_reg_check failed
2026-08-04 23:45:28.526 [ERROR] [0mdial_task (dial.c:1055) - Dial_st: dial_stat_reg_check failed
>> Read response urc, len = 21, content : 
+CSQ: 18,99

OK

2026-08-04 23:45:28.550 [ERROR] [0mdial_task (dial.c:1055) - Dial_st: dial_stat_reg_check failed
>> Read response urc, len = 21, content : 
+CSQ: 18,99

OK

2026-08-04 23:45:28.570 [ERROR] [0mdial_task (dial.c:1055) - Dial_st: dial_stat_reg_check failed
2026-08-04 23:45:28.591 [ERROR] [0mdial_task (dial.c:1055) - Dial_st: dial_stat_reg_check failed
>> Read response urc, len = 21, content : 
+CSQ: 18,99

OK

2026-08-04 23:45:28.612 [ERROR] [0mdial_task (dial.c:1055) - Dial_st: dial_stat_reg_check failed
2026-08-04 23:45:28.633 [ERROR] [0mdial_task (dial.c:1055) - Dial_st: dial_stat_reg_check failed
>> Read response urc, len = 21, content : 
+CSQ: 18,99

OK

2026-08-04 23:45:28.654 [ERROR] [0mdial_task (dial.c:1055) - Dial_st: dial_stat_reg_check failed
>> Read response urc, len = 21, content : 
+CSQ: 18,99

OK

2026-08-04 23:45:28.675 [ERROR] [0mdial_task (dial.c:1055) - Dial_st: dial_stat_reg_check failed
2026-08-04 23:45:28.695 [ERROR] [0mdial_task (dial.c:1055) - Dial_st: dial_stat_reg_check failed
>> Read response urc, len = 21, content : 
+CSQ: 18,99

OK

2026-08-04 23:45:28.717 [ERROR] [0mdial_task (dial.c:1055) - Dial_st: dial_stat_reg_check failed
2026-08-04 23:45:28.738 [ERROR] [0mdial_task (dial.c:1055) - Dial_st: dial_stat_reg_check failed
>> Read response urc, len = 21, content : 
+CSQ: 18,99

OK

2026-08-04 23:45:28.762 [ERROR] [0mdial_task (dial.c:1055) - Dial_st: dial_stat_reg_check failed
>> Read response urc, len = 21, content : 
+CSQ: 18,99

OK

2026-08-04 23:45:28.783 [ERROR] [0mdial_task (dial.c:1055) - Dial_st: dial_stat_reg_check failed
2026-08-04 23:45:28.804 [ERROR] [0mdial_task (dial.c:1055) - Dial_st: dial_stat_reg_check failed
>> Read response urc, len = 21, content : 
+CSQ: 18,99

OK

2026-08-04 23:45:28.809 [INFO] [0martery_product_main (main.c:234) - [HEARTBEAT] state=reg_check csq=18 SRV:0 RAT:LTE DENY:6 RSRP:-88 RSRQ:-10 SNR:180 RSSI:-65 tcp_fail=0 rl_fail=0
2026-08-04 23:45:28.825 [ERROR] [0mdial_task (dial.c:1055) - Dial_st: dial_stat_reg_check failed
>> Read response urc, len = 21, content : 
+CSQ: 18,99

OK

2026-08-04 23:45:28.845 [ERROR] [0mdial_task (dial.c:1055) - Dial_st: dial_stat_reg_check failed
2026-08-04 23:45:28.866 [ERROR] [0mdial_task (dial.c:1055) - Dial_st: dial_stat_reg_check failed
>> Read response urc, len = 21, content : 
+CSQ: 18,99

OK

2026-08-04 23:45:28.887 [ERROR] [0mdial_task (dial.c:1055) - Dial_st: dial_stat_reg_check failed
2026-08-04 23:45:28.908 [ERROR] [0mdial_task (dial.c:1055) - Dial_st: dial_stat_reg_check failed
>> Read response urc, len = 21, content : 
+CSQ: 18,99

OK

2026-08-04 23:45:28.929 [ERROR] [0mdial_task (dial.c:1055) - Dial_st: dial_stat_reg_check failed
>> Read response urc, len = 21, content : 
+CSQ: 18,99

OK

2026-08-04 23:45:28.950 [ERROR] [0mdial_task (dial.c:1055) - Dial_st: dial_stat_reg_check failed
